{
  "timestamp": "2025-05-05T16:16:01.524251",
  "feature_importances": {
    "xgboost": {
      "feature_30": 0.2681151330471039,
      "feature_53": 0.2579408884048462,
      "feature_28": 0.23424620926380157,
      "feature_12": 0.23334276676177979,
      "feature_59": 0.22717460989952087,
      "feature_23": 0.21101996302604675,
      "feature_36": 0.21100541949272156,
      "feature_4": 0.2047826200723648,
      "feature_14": 0.1942697912454605,
      "feature_2": 0.18393899500370026
    }
  },
  "data_size": 159
}