{
  "timestamp": "2025-05-05T11:49:28.329644",
  "feature_importances": {
    "xgboost": {
      "feature_29": 0.3854188919067383,
      "feature_27": 0.37370073795318604,
      "feature_15": 0.3627605736255646,
      "feature_18": 0.36232438683509827,
      "feature_30": 0.2938128709793091,
      "feature_3": 0.23680588603019714,
      "feature_26": 0.22216595709323883,
      "feature_12": 0.17530836164951324,
      "feature_11": 0.1614110916852951,
      "feature_16": 0.10849855095148087
    },
    "lightgbm": {
      "feature_19": 0.37458574771881104,
      "feature_9": 0.35774049162864685,
      "feature_31": 0.3476724326610565,
      "feature_5": 0.3389317989349365,
      "feature_27": 0.32206153869628906,
      "feature_21": 0.3123105764389038,
      "feature_3": 0.31043460965156555,
      "feature_30": 0.3099057674407959,
      "feature_24": 0.2827454209327698,
      "feature_1": 0.2817836105823517
    }
  },
  "data_size": 201
}