{
  "timestamp": "2025-05-05T17:33:04.072565",
  "feature_importances": {
    "xgboost": {
      "feature_28": 0.035784851759672165,
      "feature_45": 0.028702236711978912,
      "feature_40": 0.027588985860347748,
      "feature_57": 0.027032550424337387,
      "feature_51": 0.026135830208659172,
      "feature_46": 0.02574838139116764,
      "feature_17": 0.024457773193717003,
      "feature_53": 0.023751161992549896,
      "feature_37": 0.023564675822854042,
      "feature_58": 0.0229249969124794
    },
    "lightgbm": {
      "feature_37": 45.0,
      "feature_46": 43.0,
      "feature_56": 41.0,
      "feature_28": 39.0,
      "feature_1": 39.0,
      "feature_58": 35.0,
      "feature_12": 34.0,
      "feature_0": 33.0,
      "feature_11": 33.0,
      "feature_44": 33.0
    }
  },
  "data_size": 160
}