{
  "timestamp": "2025-04-24T20:27:32.757967",
  "predictions": [
    [
      32,
      34,
      38,
      51,
      54,
      59
    ],
    [
      12,
      17,
      27,
      38,
      43,
      57
    ],
    [
      14,
      19,
      28,
      52,
      56,
      59
    ],
    [
      25,
      34,
      41,
      44,
      53,
      55
    ],
    [
      7,
      8,
      26,
      41,
      50,
      53
    ],
    [
      6,
      11,
      19,
      25,
      50,
      58
    ],
    [
      8,
      19,
      24,
      38,
      40,
      59
    ],
    [
      5,
      14,
      17,
      50,
      52,
      54
    ],
    [
      1,
      8,
      13,
      18,
      42,
      52
    ],
    [
      1,
      12,
      16,
      22,
      31,
      48
    ]
  ],
  "count": 10,
  "metrics": {
    "accuracy": 0.08333333333333333,
    "match_rate": 0.5,
    "perfect_match_rate": 0.0,
    "rmse": 10.189864245088515,
    "mae": 8.600000000000001,
    "top_3_accuracy": 0.5
  }
}