Draw Date,Number_1,Number_2,Number_3,Number_4,Number_5,Number_6,Bonus,Jackpot,JackpotWins,Machine,Ball Set,DrawNumber,Round
1994-11-19,3,5,14,22,30,44,10,839254.0,7,Guinevere,A,1,1
1994-11-26,6,12,15,16,31,44,37,1760966.0,4,Arthur,B,2,1
1994-12-03,11,17,21,29,30,40,31,6906572.0,0,Arthur,B,3,1
1994-12-10,26,35,38,43,47,49,28,17880003.0,1,Guinevere,B,4,1
1994-12-17,3,5,9,13,14,38,30,3403310.0,2,Arthur,A,5,1
1994-12-24,2,3,27,29,39,44,6,7789557.0,1,Arthur,B,6,1
1994-12-31,9,17,32,36,42,44,16,6554085.0,1,Arthur,B,7,1
1995-01-07,2,5,21,22,25,32,46,10000000.0,0,Arthur,B,8,1
1995-01-14,7,17,23,32,38,42,48,122510.0,133,Guinevere,1,9,1
1995-01-21,6,16,20,30,31,47,4,1373571.0,7,Guinevere,4,10,1
1995-01-28,4,16,25,26,31,43,21,2293628.0,4,Arthur,3,11,1
1995-02-04,1,7,37,38,42,46,20,10350387.0,1,Arthur,2,12,1
1995-02-11,15,18,29,35,38,48,5,9015108.0,1,Arthur,5,13,1
1995-02-18,16,19,21,29,36,45,43,987022.0,9,Guinevere,4,14,1
1995-02-25,5,8,10,18,31,33,28,7056280.0,1,Guinevere,7,15,1
1995-03-04,11,12,17,26,36,42,13,8807149.0,1,Arthur,8,16,1
1995-03-11,2,13,22,27,29,46,36,6527880.0,2,Guinevere,7,17,1
1995-03-18,9,18,19,24,31,41,21,3987786.0,2,Guinevere,4,18,1
1995-03-25,4,17,41,42,44,49,24,10162332.0,0,Guinevere,2,19,1
1995-04-01,22,25,30,32,41,43,29,11135712.0,2,Lancelot,6,20,1
1995-04-08,14,17,22,24,42,47,34,2691547.0,3,Lancelot,8,21,1
1995-04-15,1,4,6,23,26,49,8,2442406.0,4,Arthur,7,22,1
1995-04-22,8,18,20,33,36,38,46,8554300.0,0,Arthur,8,23,1
1995-04-29,9,15,22,31,34,48,23,1355975.0,14,Arthur,6,24,1
1995-05-06,5,14,17,35,43,48,22,3097415.0,3,Lancelot,4,25,1
1995-05-13,7,16,25,26,28,41,19,2842118.0,3,Arthur,2,26,1
1995-05-20,15,16,17,28,32,46,22,9467258.0,0,Lancelot,6,27,1
1995-05-27,12,13,25,37,44,45,9,6624951.0,3,Arthur,8,28,1
1995-06-03,1,21,29,31,32,40,27,10326358.0,0,Arthur,4,29,1
1995-06-10,12,15,26,44,46,49,14,22590829.0,1,Guinevere,1,30,1
1995-06-17,27,30,33,38,40,48,2,1481262.0,7,Guinevere,2,31,1
1995-06-24,5,15,21,42,43,45,20,9896801.0,1,Arthur,2,32,1
1995-07-01,5,7,8,25,44,48,3,8849765.0,0,Arthur,8,33,1
1995-07-08,1,3,11,14,20,40,45,20088838.0,1,Arthur,4,34,1
1995-07-15,1,4,20,31,41,43,38,2803919.0,4,Arthur,6,35,1
1995-07-22,2,3,21,22,23,40,24,2501994.0,4,Guinevere,2,36,1
1995-07-29,28,34,41,45,46,49,11,3791092.0,3,Arthur,7,37,1
1995-08-05,1,8,25,30,35,45,15,5128025.0,2,Guinevere,8,38,1
1995-08-12,11,25,28,33,34,47,48,9923276.0,0,Guinevere,4,39,1
1995-08-19,5,8,23,24,28,48,19,3822330.0,5,Guinevere,8,40,1
1995-08-26,16,18,21,27,38,41,26,2234759.0,4,Arthur,2,41,1
1995-09-02,1,15,22,28,40,49,44,1420508.0,7,Guinevere,7,42,1
1995-09-09,2,12,20,22,41,45,47,9682292.0,0,Guinevere,4,43,1
1995-09-16,2,10,14,25,37,41,5,2681192.0,8,Arthur,2,44,1
1995-09-23,5,10,19,24,34,46,28,963820.0,10,Guinevere,4,45,1
1995-09-30,10,11,29,32,33,40,16,9981262.0,1,Lancelot,8,46,1
1995-10-07,10,22,28,30,36,37,45,3089417.0,3,Guinevere,7,47,1
1995-10-14,4,5,9,25,30,47,17,1891543.0,5,Lancelot,8,48,1
1995-10-21,2,6,17,19,21,47,5,2991262.0,3,Guinevere,2,49,1
1995-10-28,7,16,27,33,35,44,5,1594352.0,5,Lancelot,6,50,1
1995-11-04,6,14,18,27,44,48,1,2798623.0,3,Lancelot,7,51,1
1995-11-11,7,10,23,28,30,48,3,1700159.0,5,Guinevere,3,52,1
1995-11-18,4,7,18,33,45,48,1,425503.0,20,Lancelot,5,53,1
1995-11-25,16,23,28,30,42,46,45,3338805.0,3,Guinevere,6,54,1
1995-12-02,15,16,19,26,35,46,7,10613401.0,1,Lancelot,2,55,1
1995-12-09,5,11,12,26,29,33,20,2704666.0,3,Lancelot,3,56,1
1995-12-16,7,8,23,28,35,49,10,8214495.0,1,Lancelot,6,57,1
1995-12-23,6,11,34,40,47,49,16,11730015.0,0,Lancelot,2,58,1
1995-12-30,6,32,39,42,43,45,36,23966033.0,0,Guinevere,4,59,1
1996-01-06,2,3,4,13,42,44,24,14002870.0,3,Lancelot,7,60,1
1996-01-13,21,29,31,32,34,48,25,12537861.0,0,Guinevere,6,61,1
1996-01-20,5,23,25,30,33,37,3,23851380.0,0,Lancelot,3,62,1
1996-01-27,16,17,38,41,42,43,28,10055900.0,4,Guinevere,8,63,1
1996-02-03,2,9,22,26,32,44,40,1625476.0,6,Lancelot,2,64,1
1996-02-10,4,11,14,15,28,42,6,1549049.0,6,Lancelot,7,65,1
1996-02-17,4,14,15,16,18,22,33,2064154.0,5,Lancelot,4,66,1
1996-02-24,2,5,7,24,35,44,30,2237965.0,4,Guinevere,8,67,1
1996-03-02,9,11,12,24,41,45,6,5222976.0,2,Guinevere,3,68,1
1996-03-09,14,16,29,30,37,45,7,1325202.0,8,Guinevere,2,69,1
1996-03-16,2,12,19,28,38,48,45,145859.0,57,Guinevere,8,70,1
1996-03-23,5,7,14,18,30,43,28,877907.0,9,Guinevere,7,71,1
1996-03-30,12,26,27,28,37,49,43,10279220.0,0,Arthur,6,72,1
1996-04-06,1,4,6,14,17,38,9,4245315.0,5,Arthur,8,73,1
1996-04-13,23,38,40,44,47,49,12,3836607.0,3,Guinevere,6,74,1
1996-04-20,9,28,29,31,40,48,23,5185306.0,2,Arthur,7,75,1
1996-04-27,4,6,11,18,31,48,41,9217249.0,0,Arthur,2,76,1
1996-05-04,6,25,26,33,34,47,49,10903198.0,2,Arthur,4,77,1
1996-05-11,7,10,12,22,34,48,11,1115190.0,8,Arthur,8,78,1
1996-05-18,4,12,13,33,40,46,41,10248233.0,1,Guinevere,6,79,1
1996-05-25,8,20,26,34,42,43,25,2054754.0,5,Arthur,7,80,1
1996-06-01,24,35,36,37,39,45,20,5828608.0,2,Arthur,2,81,1
1996-06-08,11,15,17,25,32,46,29,4907708.0,2,Arthur,4,82,1
1996-06-15,13,18,25,44,46,47,34,10524718.0,0,Arthur,7,83,1
1996-06-22,3,4,7,11,17,40,20,2159561.0,9,Lancelot,7,84,1
1996-06-29,4,17,27,34,35,46,7,5212073.0,2,Lancelot,6,85,1
1996-07-06,13,26,43,44,45,47,36,11124766.0,0,Lancelot,8,86,1
1996-07-13,5,10,11,12,41,42,2,1825101.0,12,Arthur,1,87,1
1996-07-20,6,14,20,25,34,44,45,1426747.0,7,Arthur,3,88,1
1996-07-27,2,13,19,21,32,45,9,2403240.0,4,Guinevere,2,89,1
1996-08-03,13,17,26,28,31,36,44,2430398.0,4,Lancelot,4,90,1
1996-08-10,3,23,36,38,41,45,44,5275991.0,2,Lancelot,7,91,1
1996-08-17,2,28,33,39,42,44,46,8944124.0,1,Lancelot,5,92,1
1996-08-24,8,11,14,18,33,44,34,1095100.0,7,Guinevere,1,93,1
1996-08-31,3,5,14,27,44,47,43,1217493.0,7,Guinevere,3,94,1
1996-09-07,5,13,15,18,32,44,41,1626411.0,5,Guinevere,6,95,1
1996-09-14,2,9,10,11,38,48,1,1955576.0,5,Lancelot,2,96,1
1996-09-21,7,8,12,30,35,41,47,10101049.0,1,Guinevere,7,97,1
1996-09-28,19,23,26,31,36,39,3,2657056.0,4,Guinevere,3,98,1
1996-10-05,6,9,25,45,47,48,14,5439681.0,2,Lancelot,2,99,1
1996-10-12,15,16,25,30,39,45,14,10679645.0,1,Lancelot,1,100,1
1996-10-19,10,13,31,34,39,48,33,11100495.0,0,Guinevere,4,101,1
1996-10-26,1,3,9,20,30,35,36,3360982.0,7,Guinevere,6,102,1
1996-11-02,7,23,32,35,43,48,25,860652.0,11,Lancelot,3,103,1
1996-11-09,8,24,27,41,43,49,5,3487052.0,3,Lancelot,2,104,1
1996-11-16,1,5,16,18,37,42,24,5522131.0,4,Guinevere,5,105,1
1996-11-23,16,33,34,43,46,49,47,11713905.0,1,Lancelot,4,106,1
1996-11-30,4,5,12,25,26,49,48,3213822.0,3,Guinevere,6,107,1
1996-12-07,6,13,17,22,42,47,30,2239449.0,4,Lancelot,1,108,1
1996-12-14,12,24,33,34,42,47,44,1302249.0,7,Guinevere,4,109,1
1996-12-21,5,26,35,38,42,45,46,10333522.0,1,Lancelot,7,110,1
1996-12-28,8,10,20,27,31,39,30,1225265.0,8,Lancelot,3,111,1
1997-01-04,11,13,14,27,40,41,23,1016676.0,10,Lancelot,1,112,1
1997-01-11,4,11,16,18,35,43,39,1964980.0,5,Arthur,3,113,1
1997-01-18,3,21,22,26,31,48,43,3512275.0,3,Arthur,2,114,1
1997-01-25,1,24,28,31,35,47,9,11407818.0,0,Lancelot,6,115,1
1997-02-01,12,16,20,28,36,48,34,2512517.0,9,Arthur,1,116,1
1997-02-05,9,25,28,29,31,35,37,3333333.0,3,Lancelot,4,117,1
1997-02-08,9,13,27,30,36,47,15,2208421.0,4,Arthur,6,118,1
1997-02-12,5,14,23,29,38,45,47,555556.0,18,Arthur,5,119,1
1997-02-15,7,14,21,34,38,47,13,427144.0,19,Arthur,4,120,1
1997-02-19,9,11,19,36,39,41,13,7000000.0,1,Lancelot,3,121,1
1997-02-22,1,5,8,9,23,27,22,916915.0,8,Arthur,6,122,1
1997-02-26,2,34,36,38,44,46,40,3500000.0,2,Lancelot,2,123,1
1997-03-01,2,8,23,33,42,49,14,408500.0,20,Lancelot,1,124,1
1997-03-05,7,12,20,24,28,43,45,3400685.0,1,Arthur,3,125,1
1997-03-08,5,12,20,29,39,42,22,552002.0,15,Lancelot,5,126,1
1997-03-12,3,4,5,16,22,25,12,1667110.0,2,Arthur,4,127,1
1997-03-15,7,24,37,39,40,43,15,1508273.0,6,Arthur,6,128,1
1997-03-19,13,16,17,29,40,48,32,4004305.0,0,Arthur,2,129,1
1997-03-22,14,27,39,40,41,43,21,4662084.0,3,Arthur,5,130,1
1997-03-26,24,33,42,43,44,47,17,3707127.0,0,Lancelot,3,131,1
1997-03-29,17,19,31,36,39,40,25,2352326.0,6,Lancelot,1,132,1
1997-04-02,5,10,17,25,40,43,8,1726777.0,2,Lancelot,2,133,1
1997-04-05,1,3,28,31,41,46,33,4963025.0,2,Arthur,6,134,1
1997-04-09,6,22,35,42,45,49,16,1961005.0,2,Arthur,5,135,1
1997-04-12,9,27,29,37,42,44,21,860199.0,8,Arthur,3,136,1
1997-04-16,3,6,9,19,37,48,25,1666114.0,2,Lancelot,2,137,1
1997-04-19,1,14,16,25,32,37,11,4772183.0,2,Arthur,6,138,1
1997-04-23,8,12,17,23,34,43,36,583805.0,5,Lancelot,4,139,1
1997-04-26,6,10,14,25,27,38,5,1331391.0,6,Arthur,7,140,1
1997-04-30,8,10,16,17,24,40,13,3272499.0,1,Lancelot,8,141,1
1997-05-03,6,20,29,31,35,40,21,9512277.0,1,Arthur,5,142,1
1997-05-07,12,19,28,31,34,43,40,229264.0,14,Lancelot,1,143,1
1997-05-10,12,19,22,23,25,44,2,3632327.0,2,Lancelot,6,144,1
1997-05-14,2,8,16,21,29,37,22,491003.0,7,Arthur,7,145,1
1997-05-17,2,9,13,18,27,48,24,1324408.0,5,Lancelot,8,146,1
1997-05-21,5,8,21,38,39,49,34,3829208.0,0,Lancelot,3,147,1
1997-05-24,3,21,23,25,26,33,24,12353263.0,1,Lancelot,2,148,1
1997-05-28,3,19,24,25,36,48,17,925659.0,4,Lancelot,4,149,1
1997-05-31,2,5,9,28,29,45,49,1448508.0,5,Lancelot,5,150,1
1997-06-04,18,19,21,30,34,44,6,3643650.0,0,Guinevere,6,151,1
1997-06-07,12,14,21,25,30,40,3,2504352.0,5,Guinevere,4,152,1
1997-06-11,10,31,33,40,42,44,20,5000000.0,0,Guinevere,3,153,1
1997-06-14,3,8,10,16,43,44,34,4560190.0,3,Guinevere,4,154,1
1997-06-18,4,14,19,23,25,48,42,1250000.0,4,Arthur,2,155,1
1997-06-21,1,17,26,27,30,44,47,2841727.0,3,Arthur,7,156,1
1997-06-25,12,17,27,28,38,40,6,1666667.0,3,Arthur,8,157,1
1997-06-28,2,9,14,36,43,48,27,8917762.0,0,Arthur,6,158,1
1997-07-02,6,10,18,22,41,45,29,7189462.0,2,Arthur,1,159,1
1997-07-05,1,4,11,36,43,44,41,8895584.0,0,Guinevere,5,160,1
1997-07-09,3,5,13,22,24,43,23,2640252.0,5,Guinevere,6,161,1
1997-07-12,4,9,27,37,44,45,7,3687158.0,2,Guinevere,4,162,1
1997-07-16,8,18,23,26,35,45,3,5000000.0,1,Arthur,5,163,1
1997-07-19,7,19,36,44,45,47,4,3967770.0,2,Guinevere,7,164,1
1997-07-23,4,11,21,27,28,34,16,2500000.0,2,Guinevere,3,165,1
1997-07-26,9,15,20,27,30,41,31,2733831.0,3,Arthur,8,166,1
1997-07-30,3,6,12,19,44,45,20,5000000.0,1,Guinevere,10,167,1
1997-08-02,2,16,28,37,43,47,31,1664521.0,5,Guinevere,7,168,1
1997-08-06,3,5,6,20,45,49,31,5000000.0,0,Arthur,4,169,1
1997-08-09,1,18,20,25,30,31,44,4774205.0,3,Arthur,3,170,1
1997-08-13,5,10,17,29,41,43,45,1666667.0,3,Arthur,2,171,1
1997-08-16,2,9,19,20,38,49,11,2070655.0,4,Guinevere,6,172,1
1997-08-20,8,20,27,28,36,41,30,5000000.0,1,Arthur,7,173,1
1997-08-23,4,10,25,36,44,47,29,901578.0,9,Arthur,1,174,1
1997-08-27,1,7,22,25,31,47,20,2500000.0,2,Arthur,6,175,1
1997-08-30,6,20,30,33,38,46,42,9461240.0,1,Arthur,6,176,1
1997-09-03,10,14,22,30,38,43,25,5000000.0,0,Guinevere,1,177,1
1997-09-07,20,22,26,36,40,41,16,14126168.0,1,Arthur,4,178,1
1997-09-10,20,31,32,35,43,45,5,5000000.0,1,Arthur,3,179,1
1997-09-13,1,2,5,31,32,40,44,4582214.0,2,Arthur,10,180,1
1997-09-17,7,20,21,22,40,44,4,5000000.0,1,Guinevere,7,181,1
1997-09-20,9,30,38,40,43,44,31,8536462.0,0,Guinevere,4,182,1
1997-09-24,12,14,29,31,32,44,46,13681057.0,0,Arthur,10,183,1
1997-09-27,15,21,29,32,33,40,42,5435165.0,5,Guinevere,2,184,1
1997-10-01,8,12,17,35,38,49,25,1666667.0,3,Arthur,10,185,1
1997-10-04,12,19,28,36,40,46,38,2176972.0,4,Arthur,1,186,1
1997-10-08,3,4,7,23,34,43,15,625000.0,8,Guinevere,3,187,1
1997-10-11,15,17,18,27,34,40,29,8548888.0,1,Guinevere,4,188,1
1997-10-15,11,17,30,35,39,45,47,5000000.0,1,Guinevere,6,189,1
1997-10-18,4,9,25,28,32,46,47,2140253.0,4,Arthur,2,190,1
1997-10-22,1,8,9,14,24,35,33,1351167.0,3,Guinevere,7,191,1
1997-10-25,10,21,27,38,40,44,34,2021318.0,4,Arthur,1,192,1
1997-10-29,2,4,25,32,33,45,31,4295614.0,1,Arthur,3,193,1
1997-11-01,9,10,14,16,37,39,28,2945989.0,3,Guinevere,4,194,1
1997-11-05,1,4,6,9,32,38,46,1012358.0,4,Guinevere,7,195,1
1997-11-08,5,24,34,37,40,48,33,9082996.0,0,Guinevere,6,196,1
1997-11-12,3,6,8,27,36,45,47,7385490.0,2,Arthur,1,197,1
1997-11-15,11,14,23,32,34,35,41,3333334.0,3,Guinevere,2,198,1
1997-11-19,22,27,33,42,46,47,32,3750000.0,4,Guinevere,3,199,1
1997-11-22,8,14,24,28,39,45,29,1923077.0,13,Guinevere,1,200,1
1997-11-26,5,11,19,23,24,47,17,354826.0,11,Arthur,2,201,1
1997-11-29,2,8,21,29,46,47,28,9404844.0,1,Arthur,7,202,1
1997-12-03,1,8,36,39,47,49,37,4950579.0,0,Arthur,3,203,1
1997-12-06,5,9,19,21,30,49,43,2214493.0,6,Guinevere,6,204,1
1997-12-10,4,17,22,29,38,48,20,1333546.0,3,Arthur,1,205,1
1997-12-13,3,4,11,14,30,32,46,4060995.0,2,Guinevere,7,206,1
1997-12-17,17,35,36,43,46,49,7,4825949.0,0,Arthur,4,207,1
1997-12-20,1,2,7,26,34,38,14,12500000.0,2,Arthur,2,208,1
1997-12-24,5,6,11,29,36,41,47,2491514.0,2,Arthur,6,209,1
1997-12-27,14,21,28,31,40,46,9,2868377.0,3,Arthur,1,210,1
1997-12-31,8,13,18,21,23,29,30,709579.0,6,Arthur,3,211,1
1998-01-03,1,13,26,28,35,45,30,3074175.0,3,Arthur,7,212,1
1998-01-07,7,14,25,32,36,38,44,2121273.0,2,Arthur,1,213,1
1998-01-10,3,10,11,27,47,49,8,2795741.0,3,Arthur,2,214,1
1998-01-14,20,27,28,31,33,41,38,4742341.0,0,Arthur,6,215,1
1998-01-17,14,31,33,38,46,48,26,3951182.0,4,Lancelot,3,216,1
1998-01-21,5,12,24,35,36,38,34,2094212.0,2,Arthur,4,217,1
1998-01-24,1,4,6,14,24,49,22,1055171.0,8,Arthur,3,218,1
1998-01-28,4,12,15,31,32,47,14,2243999.0,2,Arthur,7,219,1
1998-01-31,17,22,30,40,46,48,10,4891878.0,2,Lancelot,6,220,1
1998-02-04,13,17,32,35,42,45,20,1116238.0,4,Lancelot,1,221,1
1998-02-07,9,25,27,31,42,45,24,1579211.0,5,Arthur,4,222,1
1998-02-11,11,32,38,42,46,49,26,4818061.0,0,Lancelot,7,223,1
1998-02-14,8,13,14,17,20,28,10,2168363.0,6,Arthur,2,224,1
1998-02-18,1,5,10,13,25,32,48,1242466.0,3,Arthur,3,225,1
1998-02-21,2,16,25,27,37,45,10,1253926.0,7,Arthur,6,226,1
1998-02-25,9,21,27,36,42,48,13,1029331.0,4,Lancelot,2,227,1
1998-02-28,1,7,15,18,30,31,9,1149673.0,7,Lancelot,7,228,1
1998-03-04,6,28,30,34,41,45,12,4796128.0,1,Arthur,2,229,1
1998-03-07,4,11,14,39,43,44,37,4020964.0,2,Lancelot,1,230,1
1998-03-11,16,22,23,28,33,37,17,1400773.0,3,Lancelot,7,231,1
1998-03-14,2,15,18,26,36,38,42,1470905.0,6,Lancelot,5,232,1
1998-03-18,12,25,31,39,46,47,1,4627218.0,1,Lancelot,6,233,1
1998-03-21,2,15,23,26,41,43,5,1795989.0,5,Lancelot,4,234,1
1998-03-25,1,6,10,25,31,45,8,990884.0,4,Lancelot,3,235,1
1998-03-28,11,13,23,28,29,37,8,7248380.0,1,Guinevere,1,236,1
1998-04-01,1,2,24,36,37,38,31,4955119.0,0,Arthur,3,237,1
1998-04-04,5,19,24,33,38,48,20,3500186.0,4,Guinevere,6,238,1
1998-04-08,9,22,37,41,43,47,14,4317519.0,1,Arthur,2,239,1
1998-04-11,7,10,31,35,43,44,37,8235083.0,1,Lancelot,7,240,1
1998-04-15,1,12,18,26,29,36,2,1335604.0,3,Lancelot,5,241,1
1998-04-18,1,13,29,31,33,42,9,2052421.0,4,Guinevere,1,242,1
1998-04-22,3,7,9,10,12,37,46,3321191.0,0,Arthur,4,243,1
1998-04-25,17,22,36,38,43,48,16,2601837.0,5,Guinevere,3,244,1
1998-04-29,12,15,28,34,36,40,1,2500000.0,4,Arthur,2,245,1
1998-05-02,2,4,16,24,29,49,47,8355262.0,1,Arthur,4,246,1
1998-05-06,6,7,14,19,22,27,9,2955369.0,1,Guinevere,7,247,1
1998-05-09,2,9,25,26,35,40,47,4242902.0,2,Arthur,2,248,1
1998-05-13,3,13,16,23,41,42,21,3774526.0,0,Guinevere,3,249,1
1998-05-16,2,4,6,10,34,44,21,2969954.0,4,Arthur,4,250,1
1998-05-20,11,15,31,35,36,42,10,4464612.0,0,Arthur,5,251,1
1998-05-23,8,20,24,35,43,47,32,10000000.0,2,Lancelot,1,252,1
1998-05-27,8,13,15,26,39,42,33,1666667.0,6,Arthur,6,253,1
1998-05-30,2,3,14,29,38,40,43,2092545.0,4,Lancelot,1,254,1
1998-06-03,1,17,18,23,33,41,42,4187442.0,1,Guinevere,7,255,1
1998-06-06,1,15,23,31,42,48,5,1728751.0,5,Arthur,2,256,1
1998-06-10,2,9,26,28,33,46,21,4117415.0,1,Guinevere,3,257,1
1998-06-13,2,7,10,15,27,45,31,1171468.0,6,Lancelot,4,258,1
1998-06-17,2,10,16,17,20,27,39,1796487.0,2,Guinevere,5,259,1
1998-06-20,1,14,27,31,38,47,32,1182337.0,7,Arthur,6,260,1
1998-06-24,2,14,19,25,26,33,18,1885457.0,2,Arthur,7,261,1
1998-06-27,7,9,11,23,30,43,35,1024299.0,6,Arthur,1,262,1
1998-07-01,17,18,28,40,44,46,29,4053759.0,0,Arthur,6,263,1
1998-07-04,9,15,25,29,32,49,14,6549349.0,2,Lancelot,2,264,1
1998-07-08,12,13,21,23,33,36,14,7500000.0,2,Arthur,3,265,1
1998-07-11,3,14,23,30,39,43,32,1666667.0,12,Arthur,2,266,1
1998-07-15,1,15,23,31,35,39,14,4460588.0,0,Guinevere,3,267,1
1998-07-18,3,11,20,33,42,44,36,1014313.0,12,Merlin,4,268,1
1998-07-22,28,34,38,39,46,47,21,4885147.0,1,Guinevere,5,269,1
1998-07-25,18,25,36,38,43,44,19,2016209.0,4,Lancelot,7,270,1
1998-07-29,1,7,23,29,38,48,2,1972153.0,2,Arthur,7,271,1
1998-08-01,12,14,31,41,48,49,6,9316974.0,1,Lancelot,6,272,1
1998-08-05,13,35,38,40,42,47,34,4550122.0,1,Arthur,3,273,1
1998-08-08,2,5,17,21,45,47,25,1278900.0,6,Lancelot,2,274,1
1998-08-12,12,21,23,25,44,49,20,1327259.0,3,Arthur,4,275,1
1998-08-15,3,5,15,22,31,35,47,881786.0,8,Lancelot,4,276,1
1998-08-19,5,27,34,44,46,48,49,2061475.0,2,Guinevere,7,277,1
1998-08-22,2,10,11,27,32,38,6,1500600.0,5,Lancelot,6,278,1
1998-08-26,3,20,26,27,30,43,45,2034238.0,2,Guinevere,5,279,1
1998-08-29,10,12,37,42,44,45,20,2647377.0,3,Merlin,6,280,1
1998-09-02,7,19,27,33,39,43,9,202501.0,16,Arthur,5,281,1
1998-09-05,9,10,11,27,42,47,8,1425455.0,5,Arthur,2,282,1
1998-09-09,1,2,9,27,28,32,25,3690059.0,0,Arthur,3,283,1
1998-09-12,3,15,23,25,28,33,29,11037408.0,1,Arthur,4,284,1
1998-09-16,18,25,28,36,40,45,43,2045222.0,2,Guinevere,1,285,1
1998-09-19,24,26,27,28,34,40,9,9150559.0,0,Guinevere,6,286,1
1998-09-23,9,11,14,26,28,39,27,13951322.0,1,Arthur,5,287,1
1998-09-26,6,15,18,29,35,40,49,1180160.0,7,Guinevere,7,288,1
1998-09-30,10,12,14,28,31,38,27,3626121.0,0,Arthur,2,289,1
1998-10-03,1,11,18,19,22,32,41,6048499.0,2,Guinevere,7,290,1
1998-10-07,2,12,24,29,30,33,41,3950249.0,1,Arthur,3,291,1
1998-10-10,11,13,21,26,43,46,38,2097214.0,4,Arthur,1,292,1
1998-10-14,1,2,5,15,41,45,24,1407070.0,3,Guinevere,6,293,1
1998-10-17,3,25,36,37,41,45,9,8904558.0,1,Arthur,4,294,1
1998-10-21,3,11,15,41,42,48,26,4332863.0,1,Arthur,5,295,1
1998-10-24,6,8,15,23,26,41,49,1890394.0,4,Guinevere,7,296,1
1998-10-28,1,2,7,17,31,49,41,1276255.0,3,Arthur,2,297,1
1998-10-31,5,9,12,14,18,38,35,2013869.0,3,Arthur,1,298,1
1998-11-04,2,9,11,23,24,42,27,3153555.0,1,Arthur,6,299,1
1998-11-07,13,24,25,31,32,44,43,1805652.0,4,Guinevere,5,300,1
1998-11-11,5,11,19,25,29,49,12,856648.0,4,Arthur,7,301,1
1998-11-14,7,11,12,17,23,39,42,3086921.0,2,Merlin,4,302,1
1998-11-18,2,8,12,30,35,47,39,2102691.0,2,Merlin,3,303,1
1998-11-21,7,9,17,22,38,49,47,3125000.0,8,Lancelot,2,304,1
1998-11-25,4,8,30,37,39,43,31,4379707.0,0,Lancelot,1,305,1
1998-11-28,4,25,26,30,37,45,46,14003369.0,1,Lancelot,1,306,1
1998-12-02,7,11,16,28,37,49,30,943617.0,4,Lancelot,7,307,1
1998-12-05,4,7,23,26,27,35,28,3627226.0,2,Lancelot,6,308,1
1998-12-09,1,7,39,40,45,49,38,2344445.0,2,Merlin,3,309,1
1998-12-12,26,28,38,39,41,46,25,9110738.0,1,Merlin,2,310,1
1998-12-16,11,19,20,24,29,40,9,4136006.0,0,Merlin,4,311,1
1998-12-19,9,10,18,25,28,48,34,2372249.0,5,Merlin,7,312,1
1998-12-23,4,12,18,30,38,47,20,1030840.0,4,Merlin,4,313,1
1998-12-26,2,8,11,32,35,41,4,7724025.0,1,Merlin,5,314,1
1998-12-30,3,13,18,24,34,49,33,1443163.0,3,Merlin,5,315,1
1999-01-02,4,31,33,38,41,46,22,9305051.0,1,Lancelot,6,316,1
1999-01-06,2,11,18,21,23,47,27,1913864.0,2,Merlin,8,317,1
1999-01-09,1,15,23,34,37,40,45,4450917.0,2,Guinevere,3,318,1
1999-01-13,6,25,27,35,42,48,15,846757.0,5,Lancelot,2,319,1
1999-01-16,11,26,28,32,41,42,44,4087882.0,2,Guinevere,4,320,1
1999-01-20,4,8,14,19,28,40,12,3486888.0,1,Guinevere,1,321,1
1999-01-23,1,8,10,17,32,47,2,7868414.0,1,Lancelot,7,322,1
1999-01-27,2,3,6,20,21,22,11,791944.0,5,Guinevere,6,323,1
1999-01-30,7,19,32,37,40,44,47,1234612.0,6,Guinevere,1,324,1
1999-02-03,3,16,18,24,39,47,17,2099218.0,2,Lancelot,3,325,1
1999-02-06,2,17,23,38,40,49,10,1639450.0,5,Guinevere,5,326,1
1999-02-10,2,20,21,33,35,49,32,2308071.0,2,Lancelot,2,327,1
1999-02-13,5,23,26,27,47,49,48,8198811.0,1,Guinevere,4,328,1
1999-02-17,2,22,31,32,40,42,33,1396407.0,3,Guinevere,7,329,1
1999-02-20,3,9,17,23,29,40,44,548691.0,11,Guinevere,1,330,1
1999-02-24,2,3,13,27,34,48,41,1268912.0,3,Arthur,8,331,1
1999-02-27,1,7,13,15,38,43,47,7505165.0,0,Lancelot,3,332,1
1999-03-03,20,22,24,25,36,40,1,7137522.0,2,Merlin,5,333,1
1999-03-06,8,32,33,37,43,47,45,2773403.0,3,Guinevere,2,334,1
1999-03-10,8,18,27,32,36,49,46,1038923.0,4,Arthur,2,335,1
1999-03-13,1,2,15,17,24,44,22,1475972.0,5,Guinevere,1,336,1
1999-03-17,1,7,29,38,45,46,35,4410472.0,0,Arthur,8,337,1
1999-03-20,13,17,25,29,45,49,28,4474239.0,3,Lancelot,6,338,1
1999-03-24,13,21,27,32,45,48,22,1464196.0,3,Merlin,3,339,1
1999-03-27,9,25,30,36,44,48,2,3837894.0,2,Guinevere,5,340,1
1999-03-31,1,5,12,24,26,38,11,892449.0,4,Merlin,8,341,1
1999-04-03,3,7,9,15,40,43,11,6775713.0,1,Guinevere,2,342,1
1999-04-07,10,15,23,27,29,46,38,4074606.0,1,Arthur,4,343,1
1999-04-10,10,18,25,32,35,36,2,4041107.0,2,Guinevere,3,344,1
1999-04-14,5,9,12,25,30,32,38,507371.0,6,Arthur,6,345,1
1999-04-17,3,16,28,29,41,46,6,8185387.0,1,Guinevere,1,346,1
1999-04-21,3,12,22,31,44,46,45,628457.0,6,Arthur,5,347,1
1999-04-24,3,8,11,25,46,47,30,1539217.0,5,Guinevere,8,348,1
1999-04-28,15,23,24,36,43,49,11,4381725.0,1,Arthur,4,349,1
1999-05-01,7,20,24,31,33,40,49,2500000.0,8,Lancelot,7,350,1
1999-05-05,7,13,17,22,39,44,18,392465.0,8,Arthur,3,351,1
1999-05-08,1,12,24,31,33,47,7,1575878.0,5,Lancelot,1,352,1
1999-05-12,8,9,26,29,38,47,44,1291104.0,3,Arthur,1,353,1
1999-05-15,4,14,18,24,27,40,33,1379096.0,5,Guinevere,2,354,1
1999-05-19,1,2,5,27,38,49,41,1852544.0,2,Lancelot,4,355,1
1999-05-22,8,11,14,24,26,49,45,1857330.0,4,Guinevere,5,356,1
1999-05-26,14,22,26,29,33,46,10,4236783.0,0,Lancelot,6,357,1
1999-05-29,3,7,9,12,43,44,45,3537306.0,3,Guinevere,8,358,1
1999-06-02,17,23,27,34,36,37,12,1914082.0,2,Guinevere,3,359,1
1999-06-05,11,20,24,28,35,48,33,8169785.0,1,Merlin,7,360,1
1999-06-09,8,10,12,34,46,48,20,4233498.0,0,Lancelot,1,361,1
1999-06-12,3,18,21,23,36,49,47,2478953.0,5,Guinevere,2,362,1
1999-06-16,17,21,25,37,38,45,5,2017769.0,2,Lancelot,6,363,1
1999-06-19,4,6,20,24,41,42,38,2564693.0,3,Guinevere,7,364,1
1999-06-23,8,11,18,30,33,43,34,485565.0,7,Merlin,5,365,1
1999-06-26,2,17,18,23,30,40,43,152431.0,46,Guinevere,4,366,1
1999-06-30,2,14,19,25,32,49,31,1915492.0,2,Lancelot,3,367,1
1999-07-03,11,17,28,36,42,44,37,984033.0,6,Guinevere,4,368,1
1999-07-07,4,6,8,41,43,44,28,794435.0,5,Merlin,8,369,1
1999-07-10,5,7,15,26,35,40,45,1295264.0,5,Guinevere,1,370,1
1999-07-14,1,15,21,37,41,42,43,2819921.0,2,Merlin,2,371,1
1999-07-17,3,15,23,42,45,48,46,3333334.0,6,Guinevere,3,372,1
1999-07-21,12,17,26,32,33,46,4,2047618.0,2,Lancelot,4,373,1
1999-07-24,8,25,26,37,38,48,24,3789911.0,2,Guinevere,5,374,1
1999-07-28,3,14,30,32,46,49,10,4270241.0,1,Arthur,7,375,1
1999-07-31,12,26,27,32,46,49,42,4027228.0,2,Merlin,6,376,1
1999-08-04,3,4,9,29,31,36,41,1717743.0,2,Arthur,2,377,1
1999-08-07,4,7,19,22,24,46,47,6426302.0,1,Merlin,1,378,1
1999-08-11,1,15,22,38,39,48,25,4326078.0,0,Arthur,7,379,1
1999-08-14,1,9,18,24,38,44,26,1150973.0,10,Merlin,3,380,1
1999-08-18,6,8,13,34,38,45,17,4035865.0,0,Guinevere,6,381,1
1999-08-21,12,15,16,17,42,48,45,6412050.0,2,Lancelot,5,382,1
1999-08-25,1,8,20,22,36,48,11,2043839.0,2,Guinevere,8,383,1
1999-08-28,6,14,15,17,27,47,29,6862953.0,1,Guinevere,4,384,1
1999-09-01,3,5,19,27,39,49,15,805099.0,4,Arthur,5,385,1
1999-09-04,3,5,7,10,14,20,16,625000.0,16,Guinevere,1,386,1
1999-09-08,8,10,17,22,36,38,34,1174183.0,3,Arthur,2,387,1
1999-09-11,2,4,16,21,29,46,5,3333334.0,3,Lancelot,6,388,1
1999-09-15,9,14,27,30,32,49,3,1888730.0,2,Merlin,4,389,1
1999-09-18,5,11,15,18,23,33,38,2500000.0,4,Lancelot,7,390,1
1999-09-22,6,16,21,28,37,44,15,1182488.0,3,Arthur,3,391,1
1999-09-25,18,20,26,30,43,49,36,5000000.0,2,Guinevere,8,392,1
1999-09-29,1,3,8,33,39,43,49,1839223.0,2,Arthur,1,393,1
1999-10-02,3,14,28,37,38,49,33,7173623.0,1,Guinevere,8,394,1
1999-10-06,9,13,19,21,30,45,37,1717632.0,2,Arthur,2,395,1
1999-10-09,8,15,26,29,38,46,12,679053.0,11,Guinevere,6,396,1
1999-10-13,3,19,23,29,33,34,10,3396881.0,0,Arthur,3,397,1
1999-10-16,11,25,27,31,40,41,12,1650050.0,7,Guinevere,4,398,1
1999-10-20,9,18,27,29,33,43,48,589823.0,5,Merlin,7,399,1
1999-10-23,4,8,10,15,25,39,49,2285582.0,3,Lancelot,5,400,1
1999-10-27,4,9,13,22,25,32,3,782534.0,4,Arthur,8,401,1
1999-10-30,10,15,17,27,44,47,14,3270282.0,2,Lancelot,7,402,1
1999-11-03,3,22,25,31,35,37,48,3988576.0,1,Arthur,1,403,1
1999-11-06,8,10,23,34,36,46,2,1968546.0,4,Lancelot,2,404,1
1999-11-10,2,10,18,19,28,35,26,1644192.0,2,Merlin,2,405,1
1999-11-13,7,10,21,28,29,39,2,6240358.0,1,Guinevere,1,406,1
1999-11-17,2,6,23,31,33,36,20,3874853.0,1,Merlin,4,407,1
1999-11-20,7,9,15,20,29,34,6,5000000.0,4,Lancelot,3,408,1
1999-11-24,1,12,16,33,34,44,37,3870801.0,1,Guinevere,6,409,1
1999-11-27,8,10,22,46,47,49,32,8252958.0,1,Guinevere,7,410,1
1999-12-01,28,36,37,38,42,47,23,2086339.0,2,Merlin,8,411,1
1999-12-04,16,23,25,31,35,47,48,3885603.0,2,Lancelot,5,412,1
1999-12-08,7,10,11,26,31,33,39,3204154.0,0,Guinevere,2,413,1
1999-12-11,5,9,27,37,43,46,28,5451939.0,2,Arthur,1,414,1
1999-12-15,4,9,16,35,43,44,27,1206594.0,3,Arthur,4,415,1
1999-12-18,6,7,12,13,18,29,25,715422.0,8,Lancelot,3,416,1
1999-12-22,29,32,39,46,47,49,24,4320468.0,0,Guinevere,5,417,1
1999-12-24,2,21,23,24,25,35,38,4317037.0,3,Lancelot,6,418,1
1999-12-29,16,26,33,36,39,47,43,4268328.0,1,Guinevere,8,419,1
2000-01-01,2,5,14,23,27,48,38,1170389.0,5,Lancelot,1,420,1
2000-01-05,5,22,25,30,31,33,7,3313361.0,0,Guinevere,7,421,1
2000-01-08,13,18,32,34,39,41,2,23313361.0,0,Lancelot,4,422,1
2000-01-12,3,10,14,17,19,27,49,3394909.0,9,Guinevere,2,423,1
2000-01-15,10,12,16,17,31,47,21,1917412.0,4,Merlin,5,424,1
2000-01-19,4,16,17,43,46,48,5,1507221.0,3,Guinevere,3,425,1
2000-01-22,7,9,10,40,41,44,14,7649520.0,1,Lancelot,8,426,1
2000-01-26,6,14,21,28,41,43,30,1898686.0,2,Arthur,2,427,1
2000-01-29,5,7,17,21,27,48,37,798238.0,7,Merlin,1,428,1
2000-02-02,10,30,31,32,39,42,25,4358085.0,1,Arthur,3,429,1
2000-02-05,21,38,40,46,47,49,48,8947604.0,0,Lancelot,4,430,1
2000-02-09,3,6,14,19,32,41,35,7250009.0,2,Arthur,6,431,1
2000-02-12,4,6,12,17,18,19,37,759240.0,8,Merlin,5,432,1
2000-02-16,6,7,12,16,19,42,18,1629779.0,2,Guinevere,8,433,1
2000-02-19,1,5,11,32,43,46,38,7722697.0,1,Lancelot,5,434,1
2000-02-23,11,17,18,20,39,47,43,2085100.0,2,Guinevere,7,435,1
2000-02-26,3,5,6,8,16,45,1,2256602.0,3,Merlin,2,436,1
2000-03-01,4,8,10,12,15,30,34,518355.0,6,Arthur,7,437,1
2000-03-04,11,13,19,26,28,47,8,3328225.0,2,Merlin,8,438,1
2000-03-08,6,18,22,32,36,46,24,4094127.0,1,Guinevere,1,439,1
2000-03-11,7,12,37,42,46,49,9,7648327.0,0,Merlin,3,440,1
2000-03-15,7,12,25,28,30,40,37,2078381.0,6,Guinevere,4,441,1
2000-03-18,5,8,15,16,22,39,31,1618357.0,4,Merlin,6,442,1
2000-03-22,6,18,20,33,36,40,10,4082440.0,0,Arthur,5,443,1
2000-03-25,15,22,23,27,32,37,43,4101552.0,3,Merlin,1,444,1
2000-03-29,11,18,20,23,28,32,15,3562243.0,0,Guinevere,6,445,1
2000-04-01,3,11,19,25,29,30,16,1029345.0,10,Lancelot,8,446,1
2000-04-05,2,3,7,10,40,48,37,3717385.0,0,Guinevere,3,447,1
2000-04-08,18,23,30,46,47,49,31,3425000.0,4,Merlin,4,448,1
2000-04-12,9,12,19,22,26,34,44,1875000.0,8,Arthur,1,449,1
2000-04-15,2,23,28,31,46,48,42,10000000.0,2,Lancelot,3,450,1
2000-04-19,1,3,7,19,29,44,25,709743.0,4,Arthur,4,451,1
2000-04-22,26,31,35,43,48,49,38,8890009.0,1,Lancelot,2,452,1
2000-04-26,4,9,14,28,36,39,6,1173498.0,3,Guinevere,5,453,1
2000-04-29,15,16,19,27,29,42,24,3351326.0,2,Lancelot,8,454,1
2000-05-03,5,6,24,36,38,48,15,3974333.0,1,Arthur,6,455,1
2000-05-06,2,3,30,31,41,45,23,8030633.0,1,Merlin,1,456,1
2000-05-10,10,18,29,37,38,46,4,3996369.0,0,Arthur,2,457,1
2000-05-13,6,30,35,42,44,45,33,12956058.0,0,Merlin,3,458,1
2000-05-17,1,10,11,15,21,48,7,4976681.0,4,Arthur,7,459,1
2000-05-20,7,11,18,21,25,44,28,1670691.0,3,Merlin,4,460,1
2000-05-24,6,8,21,36,38,46,33,4225710.0,1,Guinevere,6,461,1
2000-05-27,21,23,33,34,43,45,40,1845433.0,4,Lancelot,5,462,1
2000-05-31,1,11,14,19,38,44,45,3563374.0,1,Arthur,8,463,1
2000-06-03,3,8,19,35,36,48,21,3613545.0,2,Merlin,7,464,1
2000-06-07,2,5,20,24,28,39,21,1230129.0,3,Arthur,2,465,1
2000-06-10,1,14,15,35,44,47,34,7840923.0,1,Merlin,1,466,1
2000-06-14,4,7,23,24,26,38,3,1668340.0,2,Guinevere,4,467,1
2000-06-17,4,22,24,25,40,43,6,3681058.0,2,Arthur,5,468,1
2000-06-21,1,10,24,33,37,46,4,4190283.0,1,Arthur,3,469,1
2000-06-24,6,9,32,34,42,48,4,7033499.0,1,Guinevere,7,470,1
2000-06-28,8,10,27,38,40,46,3,3844344.0,1,Arthur,2,471,1
2000-07-01,11,16,22,39,42,48,38,7248915.0,0,Merlin,1,472,1
2000-07-05,6,11,19,23,25,28,35,1653375.0,7,Arthur,3,473,1
2000-07-08,21,30,35,38,41,46,26,8312898.0,0,Merlin,4,474,1
2000-07-12,4,12,21,27,41,49,40,13852529.0,1,Arthur,6,475,1
2000-07-15,1,2,7,35,39,44,14,1887001.0,4,Lancelot,5,476,1
2000-07-19,16,23,31,33,38,41,20,4100047.0,0,Arthur,8,477,1
2000-07-22,13,16,43,45,47,48,36,4384106.0,3,Lancelot,7,478,1
2000-07-26,2,28,29,40,43,47,30,4259148.0,0,Arthur,2,479,1
2000-07-29,29,30,33,37,45,48,15,4420958.0,3,Guinevere,1,480,1
2000-08-02,26,35,38,39,44,46,1,4557029.0,0,Lancelot,3,481,1
2000-08-05,1,3,35,37,39,48,26,13861061.0,1,Guinevere,5,482,1
2000-08-09,10,14,32,35,36,43,37,4405206.0,1,Merlin,4,483,1
2000-08-12,6,31,35,36,43,46,33,1658320.0,5,Guinevere,7,484,1
2000-08-16,11,24,33,34,37,45,43,4236992.0,1,Merlin,8,485,1
2000-08-19,5,22,34,38,43,46,9,7507235.0,0,Guinevere,1,486,1
2000-08-23,3,31,32,37,38,47,20,13667156.0,1,Lancelot,2,487,1
2000-08-26,4,11,16,29,34,35,13,2516345.0,3,Arthur,3,488,1
2000-08-30,13,21,24,38,40,41,9,858629.0,5,Lancelot,4,489,1
2000-09-02,11,12,21,31,36,40,22,3657420.0,2,Arthur,8,490,1
2000-09-06,6,7,11,23,32,44,34,3011065.0,1,Merlin,5,491,1
2000-09-09,3,4,24,25,35,43,7,3691268.0,2,Lancelot,4,492,1
2000-09-13,14,20,25,32,47,49,34,2213083.0,2,Merlin,2,493,1
2000-09-16,4,22,23,26,42,47,5,20000000.0,1,Merlin,3,494,1
2000-09-20,7,25,30,34,38,39,28,4218266.0,1,Merlin,1,495,1
2000-09-23,6,16,18,32,35,45,46,1508903.0,5,Lancelot,5,496,1
2000-09-27,4,10,24,28,40,47,25,3837663.0,0,Lancelot,7,497,1
2000-09-30,12,15,27,32,40,44,35,3860394.0,3,Merlin,6,498,1
2000-10-04,10,14,19,43,46,49,2,2149426.0,2,Merlin,1,499,1
2000-10-07,1,6,20,28,31,45,26,2440578.0,3,Lancelot,4,500,1
2000-10-11,6,10,19,30,34,41,26,3852251.0,1,Merlin,8,501,1
2000-10-14,7,22,31,37,38,40,30,3552263.0,2,Merlin,2,502,1
2000-10-18,4,6,11,19,32,36,23,1132204.0,3,Guinevere,5,503,1
2000-10-21,8,14,15,18,24,44,31,2035299.0,3,Lancelot,6,504,1
2000-10-25,6,9,13,14,26,38,22,3437398.0,0,Arthur,3,505,1
2000-10-28,1,13,14,23,31,47,9,11375130.0,1,Galahad,8,506,1
2000-11-01,4,9,20,23,38,45,47,3869948.0,1,Arthur,1,507,1
2000-11-04,2,8,17,29,33,44,11,625000.0,32,Galahad,2,508,1
2000-11-08,2,5,9,16,27,43,28,597115.0,5,Guinevere,7,509,1
2000-11-11,18,23,28,34,35,47,11,3757947.0,2,Galahad,6,510,1
2000-11-15,13,19,28,31,41,44,6,1790952.0,2,Arthur,4,511,1
2000-11-18,6,9,11,21,27,43,17,1409945.0,4,Vyvyan,3,512,1
2000-11-22,4,12,20,23,31,33,16,1129528.0,3,Arthur,5,513,1
2000-11-25,3,6,20,42,43,48,30,3789066.0,2,Galahad,8,514,1
2000-11-29,7,19,28,30,33,37,29,3261937.0,1,Arthur,6,515,1
2000-12-02,2,19,28,37,46,47,38,3550424.0,2,Merlin,4,516,1
2000-12-06,6,10,13,19,27,47,25,1515154.0,2,Arthur,7,517,1
2000-12-09,11,16,25,31,32,33,23,3458630.0,2,Vyvyan,2,518,1
2000-12-13,3,12,23,34,38,39,11,3453166.0,0,Arthur,7,519,1
2000-12-16,17,21,26,29,34,39,37,5841699.0,2,Vyvyan,6,520,1
2000-12-20,5,8,39,41,46,49,13,4140123.0,0,Arthur,5,521,1
2000-12-23,2,16,17,23,37,38,6,2355057.0,5,Merlin,4,522,1
2000-12-27,9,24,26,36,37,42,25,1260549.0,3,Guinevere,3,523,1
2000-12-30,1,7,16,18,38,47,10,3379718.0,2,Merlin,2,524,1
2001-01-03,5,6,16,17,19,22,40,767903.0,4,Arthur,1,525,1
2001-01-06,6,16,23,34,35,40,37,3779162.0,2,Merlin,8,526,1
2001-01-10,10,14,15,23,24,27,39,1121109.0,3,Guinevere,2,527,1
2001-01-13,12,23,28,34,36,40,18,6666667.0,3,Galahad,3,528,1
2001-01-17,10,13,24,31,36,47,41,1963348.0,2,Lancelot,5,529,1
2001-01-20,13,17,22,41,43,47,28,2357785.0,3,Merlin,1,530,1
2001-01-24,10,11,28,29,31,39,24,3477414.0,1,Arthur,4,531,1
2001-01-27,4,12,15,39,45,47,22,7343612.0,1,Vyvyan,7,532,1
2001-01-31,1,16,33,36,38,45,48,4197871.0,0,Lancelot,8,533,1
2001-02-03,2,15,16,17,25,26,44,2316156.0,5,Vyvyan,6,534,1
2001-02-07,2,5,33,37,40,45,22,4027455.0,1,Arthur,2,535,1
2001-02-10,7,9,12,17,20,32,30,5614637.0,0,Merlin,3,536,1
2001-02-14,3,10,23,27,30,32,19,4934298.0,2,Arthur,1,537,1
2001-02-17,10,14,31,35,40,45,26,7704670.0,1,Vyvyan,5,538,1
2001-02-21,8,10,24,30,40,44,17,3506834.0,1,Guinevere,7,539,1
2001-02-24,1,3,12,28,29,41,42,1304130.0,5,Merlin,8,540,1
2001-02-28,4,9,12,13,22,32,8,567052.0,5,Guinevere,1,541,1
2001-03-03,7,14,20,24,38,48,17,830568.0,8,Vyvyan,3,542,1
2001-03-07,3,12,30,33,40,49,22,1868214.0,2,Guinevere,5,543,1
2001-03-10,2,4,12,21,36,37,46,1345576.0,5,Merlin,2,544,1
2001-03-14,1,5,8,31,37,38,15,3684607.0,1,Arthur,8,545,1
2001-03-17,1,3,15,26,45,46,48,3702577.0,2,Galahad,5,546,1
2001-03-21,11,22,27,34,39,42,36,834668.0,4,Lancelot,1,547,1
2001-03-24,6,25,31,32,42,43,38,5000000.0,4,Galahad,3,548,1
2001-03-28,2,25,34,35,36,39,26,4316603.0,0,Lancelot,4,549,1
2001-03-31,22,23,26,34,37,44,8,11758561.0,1,Vyvyan,2,550,1
2001-04-04,10,16,23,24,28,45,46,3519685.0,0,Lancelot,14,551,1
2001-04-07,9,19,30,32,34,44,18,5460505.0,2,Galahad,5,552,1
2001-04-11,2,19,37,38,44,49,33,3704201.0,1,Arthur,4,553,1
2001-04-14,7,24,35,41,42,47,12,3495307.0,2,Galahad,7,554,1
2001-04-18,30,35,41,44,46,49,33,4318003.0,0,Guinevere,6,555,1
2001-04-21,12,20,23,26,33,46,1,3022846.0,4,Vyvyan,8,556,1
2001-04-25,10,11,24,35,40,44,33,3748592.0,0,Guinevere,12,557,1
2001-04-28,2,25,33,40,44,47,17,5690577.0,2,Merlin,8,558,1
2001-05-02,2,17,20,23,28,43,16,3309314.0,1,Arthur,6,559,1
2001-05-05,1,3,16,33,46,47,35,3814026.0,2,Galahad,3,560,1
2001-05-09,9,18,27,30,32,48,46,1631907.0,2,Guinevere,7,561,1
2001-05-12,6,29,30,38,39,45,22,4096277.0,2,Vyvyan,14,562,1
2001-05-16,1,25,27,33,38,45,4,1888943.0,2,Lancelot,11,563,1
2001-05-19,4,12,30,33,43,48,35,6704396.0,1,Merlin,5,564,1
2001-05-23,4,11,30,31,44,47,21,1650807.0,2,Arthur,11,565,1
2001-05-26,3,15,22,29,35,49,20,2251187.0,3,Merlin,6,566,1
2001-05-30,7,15,23,35,39,44,48,822207.0,4,Guinevere,12,567,1
2001-06-02,7,11,19,24,32,39,29,352886.0,15,Vyvyan,11,568,1
2001-06-06,12,16,35,37,38,47,26,3911229.0,1,Lancelot,3,569,1
2001-06-09,12,14,24,33,45,48,31,2217764.0,3,Galahad,4,570,1
2001-06-13,12,14,19,33,35,48,40,3637779.0,0,Vyvyan,5,571,1
2001-06-16,7,25,31,35,39,45,8,11157490.0,1,Merlin,7,572,1
2001-06-20,11,18,24,31,34,49,48,3682177.0,0,Vyvyan,12,573,1
2001-06-23,7,15,16,24,25,46,37,10864712.0,0,Galahad,8,574,1
2001-06-27,12,18,39,43,45,49,33,8855600.0,2,Merlin,6,575,1
2001-06-30,9,15,22,43,46,48,21,3644131.0,2,Lancelot,3,576,1
2001-07-04,13,28,32,38,40,47,27,1829065.0,2,Vyvyan,14,577,1
2001-07-07,24,34,37,38,41,49,15,7573460.0,1,Merlin,5,578,1
2001-07-11,11,16,19,24,33,47,39,3435728.0,0,Merlin,7,579,1
2001-07-14,7,11,14,22,37,38,36,1338068.0,7,Merlin,4,580,1
2001-07-18,2,25,31,37,41,45,6,4037220.0,1,Guinevere,11,581,1
2001-07-21,1,9,13,18,27,45,29,438784.0,13,Merlin,12,582,1
2001-07-25,1,2,3,8,30,37,19,3530702.0,1,Arthur,6,583,1
2001-07-28,3,13,29,31,36,45,44,6530710.0,1,Lancelot,8,584,1
2001-08-01,11,15,20,27,33,40,14,1784043.0,2,Arthur,14,585,1
2001-08-04,4,7,11,15,28,47,39,694750.0,7,Lancelot,5,586,1
2001-08-08,26,29,31,32,39,46,33,4103819.0,0,Vyvyan,7,587,1
2001-08-11,18,19,25,36,38,40,42,11925057.0,1,Lancelot,3,588,1
2001-08-15,4,6,18,21,35,38,31,1760199.0,2,Vyvyan,5,589,1
2001-08-18,11,16,18,22,23,31,37,594246.0,10,Guinevere,6,590,1
2001-08-22,14,20,22,29,33,37,45,1771936.0,2,Galahad,4,591,1
2001-08-25,1,10,14,30,36,43,20,2334736.0,3,Lancelot,7,592,1
2001-08-29,4,5,9,13,29,47,36,2941103.0,0,Vyvyan,8,593,1
2001-09-01,1,9,32,34,38,49,3,3601068.0,3,Lancelot,6,594,1
2001-09-05,15,23,24,27,43,48,12,1821604.0,2,Vyvyan,11,595,1
2001-09-08,1,6,13,18,20,49,30,1643704.0,4,Lancelot,14,596,1
2001-09-12,11,21,25,27,30,35,40,3435053.0,0,Vyvyan,14,597,1
2001-09-15,2,9,15,17,40,48,23,5858764.0,4,Merlin,12,598,1
2001-09-19,6,8,21,25,30,45,42,3409321.0,1,Vyvyan,4,599,1
2001-09-22,6,14,35,45,46,49,16,7604531.0,0,Guinevere,5,600,1
2001-09-26,3,14,15,17,19,47,5,6117805.0,2,Galahad,3,601,1
2001-09-29,2,14,17,22,38,44,35,5393488.0,1,Merlin,11,602,1
2001-10-03,2,14,26,30,44,45,40,3733417.0,0,Arthur,7,603,1
2001-10-06,9,12,29,33,44,47,45,1240917.0,8,Merlin,5,604,1
2001-10-10,18,26,28,30,38,46,25,3581694.0,1,Galahad,6,605,1
2001-10-13,8,33,38,40,48,49,6,7069873.0,0,Lancelot,7,606,1
2001-10-17,5,20,26,31,32,40,36,6170472.0,2,Arthur,12,607,1
2001-10-20,1,3,6,19,21,26,14,957667.0,6,Guinevere,4,608,1
2001-10-24,8,38,39,40,43,44,3,1993864.0,2,Arthur,3,609,1
2001-10-27,2,21,23,24,27,38,33,6346060.0,1,Lancelot,11,610,1
2001-10-31,4,5,6,18,36,49,13,3643688.0,1,Lancelot,12,611,1
2001-11-03,10,31,34,39,43,44,17,10000000.0,2,Lancelot,7,612,1
2001-11-07,8,9,10,20,39,40,36,943161.0,4,Vyvyan,3,613,1
2001-11-10,6,23,24,25,30,49,39,6920676.0,0,Lancelot,14,614,1
2001-11-14,19,29,32,33,43,47,46,1473103.0,8,Vyvyan,5,615,1
2001-11-17,12,19,30,34,37,41,1,3530184.0,2,Lancelot,4,616,1
2001-11-21,10,25,30,38,44,46,17,1841473.0,2,Lancelot,11,617,1
2001-11-24,23,27,30,37,38,42,28,2216029.0,3,Merlin,6,618,1
2001-11-28,8,22,31,32,42,45,20,3703856.0,1,Vyvyan,14,619,1
2001-12-01,2,14,19,26,34,48,11,1115553.0,6,Guinevere,12,620,1
2001-12-05,4,6,8,19,23,29,38,345258.0,8,Guinevere,14,621,1
2001-12-08,1,14,16,30,34,42,9,2415049.0,3,Guinevere,7,622,1
2001-12-12,9,23,25,33,38,44,29,405953.0,7,Guinevere,4,623,1
2001-12-15,5,7,13,24,35,40,16,2019655.0,3,Merlin,3,624,1
2001-12-19,7,28,34,43,46,48,20,3649107.0,1,Merlin,6,625,1
2001-12-22,1,9,10,12,23,40,8,1483169.0,4,Merlin,3,626,1
2001-12-26,10,17,26,29,36,37,16,3302369.0,0,Merlin,4,627,1
2001-12-29,11,19,31,32,36,45,41,10808913.0,0,Merlin,7,628,1
2002-01-02,2,6,20,24,29,32,21,16627894.0,1,Merlin,5,629,1
2002-01-05,2,16,28,34,41,42,38,3456768.0,2,Guinevere,11,630,1
2002-01-09,16,20,28,29,41,45,12,4192368.0,1,Merlin,14,631,1
2002-01-12,1,3,11,12,20,24,38,1140630.0,5,Guinevere,3,632,1
2002-01-16,15,16,23,27,32,44,17,1741485.0,2,Guinevere,4,633,1
2002-01-19,7,18,34,37,39,42,21,3094212.0,2,Merlin,5,634,1
2002-01-23,6,8,14,19,20,44,41,655116.0,5,Merlin,12,635,1
2002-01-26,10,13,20,25,27,32,1,6469676.0,1,Vyvyan,6,636,1
2002-01-30,12,19,27,39,42,47,4,216650.0,15,Guinevere,7,637,1
2002-02-02,6,12,30,39,45,46,11,1838268.0,4,Guinevere,11,638,1
2002-02-06,2,13,20,36,37,40,34,4128013.0,1,Merlin,14,639,1
2002-02-09,7,15,20,28,40,48,4,2857143.0,7,Vyvyan,3,640,1
2002-02-13,4,7,12,13,16,29,22,567388.0,5,Guinevere,12,641,1
2002-02-16,10,20,24,36,37,44,1,1406167.0,5,Guinevere,4,642,1
2002-02-20,17,21,24,25,46,49,22,4114217.0,0,Guinevere,5,643,1
2002-02-23,8,9,27,34,43,48,25,5609430.0,2,Guinevere,7,644,1
2002-02-27,6,12,28,31,39,44,42,822407.0,4,Merlin,11,645,1
2002-03-02,8,11,25,33,37,43,30,1561567.0,4,Guinevere,14,646,1
2002-03-06,5,17,20,31,33,34,26,3884590.0,0,Vyvyan,12,647,1
2002-03-09,9,18,20,21,39,48,6,2905346.0,4,Merlin,6,648,1
2002-03-13,1,7,15,23,27,34,26,1538665.0,2,Vyvyan,5,649,1
2002-03-16,5,6,26,41,42,44,11,6954473.0,1,Vyvyan,4,650,1
2002-03-20,10,18,25,28,37,43,14,1097849.0,3,Merlin,11,651,1
2002-03-23,9,24,28,30,31,40,49,3280113.0,2,Vyvyan,6,652,1
2002-03-27,6,9,20,24,35,36,39,3670990.0,1,Vyvyan,7,653,1
2002-03-30,8,14,25,36,38,47,15,1345761.0,5,Merlin,3,654,1
2002-04-03,4,8,18,26,32,34,10,1109309.0,3,Vyvyan,14,655,1
2002-04-06,17,18,32,35,39,48,8,3459386.0,2,Merlin,5,656,1
2002-04-10,5,11,24,26,34,41,2,879229.0,4,Merlin,4,657,1
2002-04-13,3,19,22,40,41,44,35,6431042.0,1,Merlin,5,658,1
2002-04-17,5,13,19,30,32,43,6,1127690.0,3,Vyvyan,6,659,1
2002-04-20,7,14,21,32,43,44,31,435925.0,12,Merlin,7,660,1
2002-04-24,3,13,17,20,21,30,23,1035865.0,3,Merlin,11,661,1
2002-04-27,11,19,32,33,43,44,3,5737443.0,1,Merlin,3,662,1
2002-05-01,10,15,19,22,24,32,41,3393830.0,0,Merlin,12,663,1
2002-05-04,8,9,11,17,45,47,24,5014594.0,2,Merlin,14,664,1
2002-05-08,8,10,42,44,47,49,14,3716227.0,1,Merlin,3,665,1
2002-05-11,1,25,27,35,43,46,22,2406221.0,3,Guinevere,5,666,1
2002-05-15,4,6,10,19,40,49,9,1655264.0,2,Guinevere,6,667,1
2002-05-18,21,22,30,31,38,48,13,2141915.0,4,Merlin,3,668,1
2002-05-22,5,9,18,39,43,46,48,3367911.0,1,Vyvyan,11,669,1
2002-05-25,7,14,15,25,27,40,18,1098199.0,5,Vyvyan,14,670,1
2002-05-29,19,26,30,34,40,44,13,3462775.0,1,Vyvyan,4,671,1
2002-06-01,13,19,27,36,41,44,3,711607.0,9,Guinevere,11,672,1
2002-06-05,3,5,7,26,43,47,10,2823827.0,1,Vyvyan,12,673,1
2002-06-08,15,16,18,28,36,47,49,6321292.0,1,Merlin,5,674,1
2002-06-12,1,2,10,34,47,48,12,1849375.0,2,Merlin,7,675,1
2002-06-15,3,13,14,23,30,36,32,5566359.0,1,Merlin,6,676,1
2002-06-19,18,21,32,36,39,41,9,3614444.0,1,Vyvyan,5,677,1
2002-06-22,14,17,18,22,32,37,12,7500000.0,2,Guinevere,4,678,1
2002-06-26,6,7,25,33,38,43,23,1038997.0,3,Vyvyan,6,679,1
2002-06-29,4,25,28,36,42,49,37,1284612.0,5,Merlin,7,680,1
2002-07-03,2,4,5,22,27,29,24,2730112.0,1,Guinevere,12,681,1
2002-07-06,1,20,42,43,44,49,9,3513911.0,2,Merlin,11,682,1
2002-07-10,4,18,19,20,30,43,24,1544347.0,2,Vyvyan,4,683,1
2002-07-13,15,21,23,24,31,32,8,5923360.0,0,Guinevere,14,684,1
2002-07-17,10,11,31,41,45,46,42,5082914.0,2,Vyvyan,11,685,1
2002-07-20,7,10,16,34,47,48,36,3013767.0,2,Vyvyan,12,686,1
2002-07-24,7,13,21,34,35,43,10,1456675.0,2,Vyvyan,6,687,1
2002-07-27,24,26,28,29,34,44,45,5976877.0,0,Vyvyan,7,688,1
2002-07-31,9,13,15,23,26,45,49,9796682.0,1,Vyvyan,14,689,1
2002-08-03,6,11,19,35,36,44,39,5461495.0,1,Galahad,4,690,1
2002-08-07,10,22,23,30,33,42,36,3050304.0,0,Vyvyan,5,691,1
2002-08-10,13,16,23,28,31,32,18,4932599.0,2,Lancelot,5,692,1
2002-08-14,1,6,8,20,29,38,31,1499078.0,2,Guinevere,6,693,1
2002-08-17,19,20,31,32,35,40,23,6473575.0,0,Lancelot,11,694,1
2002-08-21,5,14,19,32,34,42,35,2054525.0,5,Vyvyan,7,695,1
2002-08-24,4,17,26,28,38,46,3,1859900.0,3,Arthur,14,696,1
2002-08-28,4,7,9,17,36,46,23,1446954.0,2,Merlin,4,697,1
2002-08-31,2,18,23,31,43,46,11,1911881.0,3,Galahad,12,698,1
2002-09-04,2,23,28,33,45,47,13,3188600.0,1,Merlin,7,699,1
2002-09-07,7,21,29,31,38,41,28,2668819.0,2,Arthur,4,700,1
2002-09-11,15,20,28,37,40,44,23,3263625.0,0,Merlin,3,701,1
2002-09-14,8,14,24,27,29,32,21,2928214.0,3,Lancelot,5,702,1
2002-09-18,4,7,12,29,37,42,14,7500000.0,2,Vyvyan,6,703,1
2002-09-21,1,6,7,11,13,30,27,395540.0,11,Galahad,7,704,1
2002-09-25,6,21,29,32,33,47,4,3331512.0,1,Vyvyan,11,705,1
2002-09-28,2,9,10,11,13,16,26,4855501.0,0,Galahad,12,706,1
2002-10-02,2,3,14,15,21,48,8,8919798.0,1,Guinevere,7,707,1
2002-10-05,15,16,18,36,37,49,28,6693924.0,0,Arthur,14,708,1
2002-10-09,7,22,25,31,44,47,1,2076385.0,5,Guinevere,4,709,1
2002-10-12,16,18,35,36,39,48,15,6569034.0,1,Galahad,3,710,1
2002-10-16,13,19,25,28,34,45,32,3235260.0,0,Merlin,5,711,1
2002-10-19,12,30,43,44,45,47,10,9972677.0,0,Galahad,11,712,1
2002-10-23,11,26,36,43,44,46,29,5177425.0,3,Merlin,6,713,1
2002-10-26,7,10,24,32,33,45,29,5678712.0,1,Lancelot,4,714,1
2002-10-30,10,21,26,31,48,49,29,3593850.0,0,Guinevere,14,715,1
2002-11-02,5,28,32,39,42,48,21,9736131.0,1,Arthur,12,716,1
2002-11-06,2,6,8,21,41,42,7,3180880.0,1,Galahad,3,717,1
2002-11-09,4,5,8,19,31,37,36,2669310.0,2,Galahad,5,718,1
2002-11-13,3,6,8,14,24,31,35,534771.0,5,Lancelot,6,719,1
2002-11-16,10,30,34,42,48,49,6,2183513.0,3,Arthur,11,720,1
2002-11-20,16,18,19,44,46,48,3,3444405.0,0,Galahad,7,721,1
2002-11-23,5,6,12,19,30,47,25,2209089.0,4,Arthur,5,722,1
2002-11-27,11,25,35,36,42,47,18,1732913.0,2,Lancelot,7,723,1
2002-11-30,6,7,20,29,37,39,25,1971095.0,3,Lancelot,3,724,1
2002-12-04,2,4,23,26,28,40,29,1505203.0,2,Galahad,6,725,1
2002-12-07,2,19,29,34,35,36,18,6195673.0,1,Lancelot,1,726,1
2002-12-11,10,13,15,16,29,48,49,3163600.0,0,Lancelot,4,727,1
2002-12-14,11,21,38,39,45,47,26,4849284.0,2,Lancelot,8,728,1
2002-12-18,11,17,21,22,40,42,19,3018790.0,0,Galahad,2,729,1
2002-12-21,4,22,23,37,43,44,19,9083937.0,1,Galahad,3,730,1
2002-12-24,4,8,9,19,32,46,17,1108476.0,3,Galahad,1,731,1
2002-12-28,2,18,20,32,36,37,5,3114722.0,2,Arthur,2,732,1
2003-01-01,3,22,27,29,34,41,31,3183487.0,0,Arthur,5,733,1
2003-01-04,19,32,33,36,40,45,28,10109782.0,1,Galahad,6,734,1
2003-01-08,10,12,22,34,46,48,3,557774.0,6,Lancelot,8,735,1
2003-01-11,9,18,22,26,37,41,20,1900095.0,3,Galahad,7,736,1
2003-01-15,11,29,33,38,46,48,44,3343256.0,1,Arthur,4,737,1
2003-01-18,4,11,20,35,43,46,18,3037927.0,2,Lancelot,2,738,1
2003-01-22,5,16,23,35,44,47,46,1524969.0,2,Arthur,1,739,1
2003-01-25,3,19,35,38,39,42,1,1969022.0,3,Arthur,4,740,1
2003-01-29,1,6,26,29,37,48,27,1647306.0,2,Lancelot,3,741,1
2003-02-01,2,13,30,39,45,47,21,6105119.0,0,Arthur,6,742,1
2003-02-05,1,13,17,26,42,46,30,10198792.0,1,Galahad,5,743,1
2003-02-08,23,27,32,37,41,43,35,1170988.0,5,Lancelot,8,744,1
2003-02-12,12,17,18,20,30,35,49,3176617.0,1,Arthur,7,745,1
2003-02-15,4,20,32,44,48,49,27,3025134.0,2,Arthur,2,746,1
2003-02-19,1,4,10,17,28,35,32,2719964.0,1,Lancelot,3,747,1
2003-02-22,19,30,33,38,42,44,31,1318643.0,4,Galahad,5,748,1
2003-02-26,5,18,34,38,40,45,22,3324556.0,0,Galahad,5,749,1
2003-03-01,22,24,29,31,44,45,35,4722532.0,2,Galahad,1,750,1
2003-03-05,3,8,12,23,34,46,24,579701.0,5,Guinevere,6,751,1
2003-03-08,5,6,8,32,33,41,15,5646642.0,1,Lancelot,8,752,1
2003-03-12,6,16,33,37,40,41,25,3442756.0,1,Arthur,7,753,1
2003-03-15,4,24,25,28,38,47,11,1860193.0,3,Guinevere,2,754,1
2003-03-19,2,10,15,16,18,39,36,2894265.0,0,Arthur,1,755,1
2003-03-22,2,8,10,45,47,49,9,3077195.0,3,Galahad,2,756,1
2003-03-26,10,22,35,37,47,49,31,3496245.0,1,Arthur,3,757,1
2003-03-29,5,15,21,33,35,42,26,1250241.0,4,Arthur,4,758,1
2003-04-02,8,11,15,21,37,39,25,3066872.0,0,Arthur,5,759,1
2003-04-05,9,26,30,31,38,45,32,3089944.0,3,Lancelot,6,760,1
2003-04-09,7,20,25,27,33,45,41,1440143.0,2,Arthur,1,761,1
2003-04-12,3,5,16,25,43,45,23,1705870.0,3,Arthur,7,762,1
2003-04-16,5,7,23,29,38,47,26,3333334.0,3,Lancelot,2,763,1
2003-04-19,8,10,13,31,38,48,14,5557016.0,1,Galahad,1,764,1
2003-04-23,13,24,31,33,41,44,5,1487537.0,2,Arthur,3,765,1
2003-04-26,9,21,27,33,35,48,18,775214.0,7,Arthur,4,766,1
2003-04-30,16,20,26,35,43,46,10,1140850.0,3,Galahad,5,767,1
2003-05-03,3,6,7,29,46,49,37,5438971.0,1,Galahad,8,768,1
2003-05-07,7,12,26,33,35,47,28,2925211.0,1,Arthur,7,769,1
2003-05-10,8,18,24,26,32,38,31,553689.0,9,Galahad,8,770,1
2003-05-14,1,3,4,16,17,27,7,504904.0,5,Arthur,1,771,1
2003-05-17,8,12,15,22,36,48,37,1049415.0,5,Arthur,2,772,1
2003-05-21,18,19,21,32,35,39,42,3168574.0,1,Galahad,6,773,1
2003-05-24,4,22,25,30,34,42,35,5399005.0,0,Galahad,3,774,1
2003-05-28,1,7,15,25,27,32,22,4287464.0,2,Arthur,4,775,1
2003-05-31,2,9,12,22,25,26,21,541679.0,8,Galahad,5,776,1
2003-06-04,7,20,27,40,43,49,12,3146115.0,1,Galahad,7,777,1
2003-06-07,2,5,6,17,18,30,29,625483.0,7,Arthur,8,778,1
2003-06-11,9,13,22,39,48,49,14,3154131.0,1,Galahad,1,779,1
2003-06-14,3,12,29,37,43,46,11,2500000.0,6,Arthur,2,780,1
2003-06-18,16,18,26,32,38,40,27,3081265.0,0,Lancelot,3,781,1
2003-06-21,12,20,36,39,44,45,49,2371361.0,4,Lancelot,4,782,1
2003-06-25,2,6,7,23,27,30,21,2225601.0,1,Lancelot,1,783,1
2003-06-28,1,10,17,23,29,35,36,1875000.0,8,Arthur,5,784,1
2003-07-02,1,14,17,23,30,47,12,2951588.0,0,Galahad,7,785,1
2003-07-05,6,10,18,19,22,43,8,8283740.0,1,Arthur,6,786,1
2003-07-09,2,7,24,30,31,35,18,2932576.0,0,Arthur,8,787,1
2003-07-12,9,12,13,15,21,33,43,4500000.0,4,Galahad,2,788,1
2003-07-16,2,15,16,17,26,42,35,2855572.0,0,Arthur,1,789,1
2003-07-19,3,9,10,17,34,48,36,4231736.0,2,Lancelot,8,790,1
2003-07-23,11,19,23,31,38,46,9,956419.0,3,Galahad,4,791,1
2003-07-26,1,12,16,26,37,49,23,1975529.0,3,Lancelot,3,792,1
2003-07-30,2,17,22,38,45,49,1,3167948.0,0,Lancelot,5,793,1
2003-08-02,5,26,28,45,47,49,8,4771780.0,2,Galahad,6,794,1
2003-08-06,1,8,13,22,36,45,21,3003835.0,0,Arthur,1,795,1
2003-08-09,11,14,19,25,30,41,38,8481693.0,1,Galahad,7,796,1
2003-08-13,10,15,16,18,19,28,8,632315.0,4,Lancelot,3,797,1
2003-08-16,1,9,10,12,42,45,27,5264099.0,1,Arthur,4,798,1
2003-08-20,5,6,34,37,42,48,31,3268287.0,0,Arthur,2,799,1
2003-08-23,10,15,18,25,42,48,11,9044004.0,0,Galahad,5,800,1
2003-08-27,8,18,19,29,44,45,42,3247501.0,4,Arthur,7,801,1
2003-08-30,18,26,33,38,43,44,2,1343304.0,4,Lancelot,8,802,1
2003-09-03,10,11,13,38,39,42,8,3269422.0,1,Lancelot,1,803,1
2003-09-06,1,21,25,27,39,42,17,1904554.0,3,Lancelot,6,804,1
2003-09-10,9,25,28,37,41,48,30,3239918.0,0,Lancelot,3,805,1
2003-09-13,3,4,8,9,30,32,12,2279990.0,8,Galahad,4,806,1
2003-09-17,3,9,15,16,21,29,46,1113653.0,2,Arthur,2,807,1
2003-09-20,1,2,15,23,31,48,49,5484618.0,0,Lancelot,5,808,1
2003-09-24,11,13,28,34,37,45,9,4694529.0,2,Lancelot,6,809,1
2003-09-27,7,24,30,44,46,47,38,5487229.0,0,Galahad,2,810,1
2003-10-01,3,16,24,27,30,48,21,3035651.0,3,Lancelot,3,811,1
2003-10-04,2,8,23,32,35,39,16,5483350.0,0,Arthur,1,812,1
2003-10-08,6,22,25,26,28,44,9,4504230.0,2,Arthur,4,813,1
2003-10-11,3,6,11,20,34,43,36,2560776.0,2,Lancelot,5,814,1
2003-10-15,7,11,16,32,42,49,17,1406411.0,2,Arthur,6,815,1
2003-10-18,5,11,17,23,40,45,41,963129.0,5,Arthur,8,816,1
2003-10-22,6,19,29,32,34,46,39,748596.0,4,Lancelot,7,817,1
2003-10-25,4,10,18,21,43,49,15,1747728.0,3,Amethyst,1,818,1
2003-10-29,9,19,25,29,30,38,3,2585618.0,1,Moonstone,2,819,1
2003-11-01,9,11,15,24,38,46,29,5308755.0,1,Amethyst,3,820,1
2003-11-05,10,12,18,20,22,47,38,2778211.0,1,Amethyst,4,821,1
2003-11-08,2,12,33,39,45,48,29,2840140.0,2,Moonstone,6,822,1
2003-11-12,6,9,13,17,21,24,30,333848.0,7,Moonstone,7,823,1
2003-11-15,17,30,31,32,35,47,42,5882520.0,1,Opal,8,824,1
2003-11-19,11,12,13,18,43,48,21,3033716.0,0,Moonstone,1,825,1
2003-11-22,1,5,8,16,31,39,22,8430602.0,1,Opal,2,826,1
2003-11-26,16,32,34,35,40,48,3,3387775.0,0,Moonstone,5,827,1
2003-11-29,9,23,25,26,33,36,37,9278215.0,1,Moonstone,3,828,1
2003-12-03,2,28,34,35,38,47,6,3196797.0,0,Amethyst,4,829,1
2003-12-06,3,11,13,34,35,43,8,9035085.0,0,Amethyst,5,830,1
2003-12-10,8,14,21,26,37,48,9,2329779.0,6,Moonstone,7,831,1
2003-12-13,1,7,9,28,33,39,4,4785123.0,0,Opal,6,832,1
2003-12-17,4,6,13,21,36,46,37,4401282.0,2,Amethyst,1,833,1
2003-12-20,8,23,35,39,44,46,31,961451.0,6,Topaz,8,834,1
2003-12-24,1,7,24,27,46,48,31,1839979.0,2,Moonstone,2,835,1
2003-12-27,3,18,22,27,41,46,37,612958.0,8,Topaz,3,836,1
2003-12-31,19,28,31,34,41,47,1,3511440.0,1,Amethyst,4,837,1
2004-01-03,17,18,22,23,40,49,10,5712245.0,0,Amethyst,5,838,1
2004-01-07,2,12,17,23,24,34,10,9382496.0,1,Amethyst,6,839,1
2004-01-10,14,23,29,39,41,45,17,2868256.0,2,Amethyst,8,840,1
2004-01-14,2,5,19,21,40,46,33,2965376.0,0,Amethyst,1,841,1
2004-01-17,4,8,21,24,39,44,5,8485162.0,1,Moonstone,5,842,1
2004-01-21,3,11,25,28,34,45,42,1458411.0,2,Topaz,3,843,1
2004-01-24,16,25,27,32,35,43,42,5561629.0,0,Amethyst,7,844,1
2004-01-28,8,10,16,17,30,47,7,9022523.0,1,Moonstone,6,845,1
2004-01-31,5,12,13,19,27,47,40,2216843.0,2,Moonstone,1,846,1
2004-02-04,9,11,18,20,35,47,40,1018064.0,3,Moonstone,2,847,1
2004-02-07,18,22,25,44,45,46,7,5653182.0,0,Amethyst,4,848,1
2004-02-11,22,23,38,40,43,47,32,9929961.0,0,Moonstone,3,849,1
2004-02-14,14,15,17,31,39,45,23,8556173.0,2,Moonstone,5,850,1
2004-02-18,1,3,5,13,21,24,29,793532.0,3,Amethyst,6,851,1
2004-02-21,1,5,8,18,42,48,38,2485736.0,2,Amethyst,8,852,1
2004-02-25,6,21,28,34,38,41,47,3199260.0,0,Amethyst,7,853,1
2004-02-28,6,19,22,38,39,43,18,9287990.0,0,Amethyst,1,854,1
2004-03-03,24,38,40,44,47,48,23,7190550.0,2,Topaz,2,855,1
2004-03-06,17,19,20,35,43,45,7,2966481.0,2,Moonstone,3,856,1
2004-03-10,11,14,17,34,37,43,22,1575311.0,2,Topaz,5,857,1
2004-03-13,1,10,11,18,19,46,43,2539881.0,2,Topaz,4,858,1
2004-03-17,5,16,30,38,42,43,4,1568212.0,2,Moonstone,6,859,1
2004-03-20,13,21,37,42,46,48,22,5935128.0,1,Amethyst,8,860,1
2004-03-24,7,17,19,26,29,41,49,2583503.0,0,Amethyst,7,861,1
2004-03-27,19,21,25,33,37,41,38,4316624.0,2,Amethyst,2,862,1
2004-03-31,4,7,8,11,24,40,33,2289919.0,1,Moonstone,3,863,1
2004-04-03,3,9,12,28,29,38,5,2150862.0,2,Amethyst,1,864,1
2004-04-07,9,25,33,36,46,49,43,3327529.0,0,Moonstone,4,865,1
2004-04-10,25,30,34,39,40,47,16,10008535.0,0,Amethyst,6,866,1
2004-04-14,1,3,22,32,38,44,45,14262546.0,1,Amethyst,5,867,1
2004-04-17,3,21,31,42,47,48,34,2778609.0,2,Topaz,8,868,1
2004-04-21,7,19,20,29,41,49,18,3090718.0,0,Topaz,1,869,1
2004-04-24,1,3,4,5,17,37,30,2825320.0,3,Topaz,2,870,1
2004-04-28,1,3,26,34,43,47,12,3266159.0,1,Moonstone,3,871,1
2004-05-01,5,6,10,15,27,49,20,2386386.0,2,Moonstone,7,872,1
2004-05-05,23,32,33,42,43,45,4,1539612.0,2,Moonstone,5,873,1
2004-05-08,14,17,23,28,42,49,5,1005820.0,5,Moonstone,6,874,1
2004-05-12,10,11,15,18,19,40,28,2737608.0,1,Amethyst,7,875,1
2004-05-15,4,29,35,44,46,49,12,1920042.0,3,Pearl,8,876,1
2004-05-19,10,22,28,33,37,39,42,3089641.0,0,Pearl,4,877,1
2004-05-22,1,4,5,25,34,46,12,8967950.0,0,Amethyst,1,878,1
2004-05-26,11,15,18,24,34,44,28,13162305.0,0,Amethyst,3,879,1
2004-05-29,1,4,6,18,19,40,30,3693086.0,6,Pearl,1,880,1
2004-06-02,5,22,26,40,42,43,44,3187556.0,1,Amethyst,3,881,1
2004-06-05,5,8,9,26,29,44,16,4231059.0,0,Pearl,4,882,1
2004-06-09,1,12,23,26,35,45,43,2714938.0,3,Pearl,5,883,1
2004-06-12,7,22,35,44,48,49,16,2716963.0,2,Pearl,2,884,1
2004-06-16,22,26,29,31,35,42,6,3163361.0,1,Pearl,6,885,1
2004-06-19,2,23,28,31,42,45,17,5096035.0,0,Moonstone,8,886,1
2004-06-23,5,18,21,24,38,48,25,8685858.0,0,Pearl,1,887,1
2004-06-26,16,21,24,28,31,33,3,7532447.0,2,Pearl,2,888,1
2004-06-30,11,12,15,29,37,43,45,3088370.0,0,Amethyst,7,889,1
2004-07-03,6,8,21,25,43,47,16,2248311.0,4,Pearl,4,890,1
2004-07-07,5,10,11,16,17,33,13,1259073.0,2,Moonstone,5,891,1
2004-07-10,6,9,31,32,40,47,24,15000000.0,0,Amethyst,6,892,1
2004-07-14,6,27,33,38,45,47,8,20100472.0,1,Moonstone,1,893,1
2004-07-17,1,3,11,16,23,36,22,2448478.0,2,Moonstone,3,894,1
2004-07-21,6,9,13,15,40,43,2,1544148.0,2,Amethyst,4,895,1
2004-07-24,22,27,30,31,48,49,28,15000000.0,1,Pearl,1,896,1
2004-07-28,10,11,14,21,25,42,15,2852742.0,1,Pearl,2,897,1
2004-07-31,3,13,17,29,40,48,39,2684767.0,2,Pearl,3,898,1
2004-08-04,4,7,8,10,17,22,11,1045860.0,2,Amethyst,2,899,1
2004-08-07,8,11,28,33,38,41,40,5195460.0,1,Pearl,2,900,1
2004-08-11,11,12,19,47,48,49,7,3206315.0,1,Moonstone,4,901,1
2004-08-14,13,14,31,32,37,41,42,6119707.0,1,Pearl,3,902,1
2004-08-18,6,11,12,13,36,42,21,2889926.0,1,Moonstone,4,903,1
2004-08-21,1,2,19,30,44,49,21,5254874.0,0,Moonstone,1,904,1
2004-08-25,10,12,13,19,31,46,17,2213141.0,4,Amethyst,3,905,1
2004-08-28,6,7,10,20,37,44,36,1263778.0,4,Pearl,7,906,1
2004-09-01,12,25,27,32,37,49,28,3293591.0,1,Pearl,5,907,1
2004-09-04,3,5,10,25,43,47,20,2353332.0,2,Amethyst,8,908,1
2004-09-08,1,10,27,35,39,48,28,1108658.0,3,Pearl,7,909,1
2004-09-11,5,8,19,30,35,42,18,2399952.0,2,Topaz,8,910,1
2004-09-15,3,11,17,21,33,44,27,275033.0,8,Topaz,5,911,1
2004-09-18,5,10,13,14,28,42,48,2203479.0,2,Pearl,7,912,1
2004-09-22,12,19,40,42,46,49,17,3342179.0,0,Topaz,6,913,1
2004-09-25,3,10,28,29,42,43,2,8834078.0,1,Topaz,2,914,1
2004-09-29,4,14,23,31,35,41,24,1551010.0,2,Topaz,8,915,1
2004-10-02,1,5,6,31,33,41,35,5372481.0,1,Garnet,5,916,1
2004-10-06,6,11,12,19,37,44,16,1247863.0,2,Pearl,6,917,1
2004-10-09,6,17,22,27,30,34,26,4829180.0,0,Topaz,7,918,1
2004-10-13,3,7,14,17,18,43,42,3910576.0,2,Garnet,3,919,1
2004-10-16,25,32,33,36,45,46,47,2069730.0,3,Garnet,4,920,1
2004-10-20,10,13,19,25,31,33,21,2683389.0,1,Pearl,1,921,1
2004-10-23,22,27,33,37,38,40,24,1489319.0,4,Garnet,2,922,1
2004-10-27,9,11,21,39,40,46,35,1584942.0,2,Topaz,4,923,1
2004-10-30,3,8,9,26,27,47,45,2271988.0,2,Topaz,1,924,1
2004-11-03,5,25,33,35,36,39,43,3374280.0,1,Pearl,3,925,1
2004-11-06,2,26,29,36,39,40,10,2608128.0,3,Pearl,2,926,1
2004-11-10,13,27,37,40,43,49,1,3365816.0,0,Garnet,3,927,1
2004-11-13,4,10,12,13,14,22,21,2149267.0,4,Garnet,1,928,1
2004-11-17,11,14,20,24,28,36,46,2970938.0,0,Garnet,2,929,1
2004-11-20,1,4,8,26,28,36,31,2132869.0,4,Pearl,4,930,1
2004-11-24,6,9,15,23,38,48,45,935110.0,3,Garnet,1,931,1
2004-11-27,4,7,9,10,43,46,11,1705629.0,3,Pearl,4,932,1
2004-12-01,7,18,27,31,36,49,43,721083.0,4,Pearl,1,933,1
2004-12-04,8,9,35,38,42,45,14,5629507.0,1,Topaz,2,934,1
2004-12-08,11,12,16,26,35,39,34,1556970.0,2,Garnet,3,935,1
2004-12-11,7,9,19,23,27,49,1,1313812.0,3,Pearl,3,936,1
2004-12-15,7,11,19,25,31,39,23,2297577.0,1,Topaz,4,937,1
2004-12-18,5,16,22,25,27,30,33,1117972.0,4,Garnet,7,938,1
2004-12-22,4,12,27,44,45,47,41,2850217.0,1,Pearl,5,939,1
2004-12-24,15,19,24,36,37,49,35,5000000.0,3,Garnet,6,940,1
2004-12-29,4,22,30,41,43,47,29,3208255.0,0,Topaz,7,941,1
2005-01-01,4,6,9,12,15,40,25,3987470.0,2,Pearl,8,942,1
2005-01-05,5,8,15,20,42,48,40,2860767.0,1,Garnet,6,943,1
2005-01-08,7,10,17,28,29,33,36,3000000.0,5,Garnet,5,944,1
2005-01-12,4,5,31,33,38,42,41,3091100.0,0,Topaz,5,945,1
2005-01-15,5,20,30,32,35,38,9,9605416.0,0,Garnet,7,946,1
2005-01-19,15,24,28,33,34,47,37,14446469.0,1,Pearl,5,947,1
2005-01-22,5,15,23,30,34,42,14,3000000.0,5,Pearl,6,948,1
2005-01-26,3,12,14,22,33,40,19,2919576.0,1,Topaz,8,949,1
2005-01-29,3,8,27,38,44,46,35,5122412.0,1,Garnet,6,950,1
2005-02-02,2,19,28,33,44,49,21,714075.0,4,Pearl,7,951,1
2005-02-05,19,22,33,36,43,44,1,1779010.0,3,Garnet,5,952,1
2005-02-09,12,18,22,24,32,33,17,2877813.0,0,Topaz,6,953,1
2005-02-12,11,18,20,23,32,48,25,8874475.0,1,Amethyst,2,954,1
2005-02-16,9,13,18,29,30,49,41,2873196.0,0,Opal,3,955,1
2005-02-19,10,16,19,30,35,45,6,8821256.0,1,Amethyst,1,956,1
2005-02-23,17,25,30,32,36,37,6,3411489.0,0,Opal,4,957,1
2005-02-26,8,14,25,40,43,48,33,5011091.0,2,Moonstone,2,958,1
2005-03-02,3,6,15,16,33,48,43,960695.0,3,Amethyst,1,959,1
2005-03-05,6,19,24,26,27,49,8,5282794.0,1,Moonstone,4,960,1
2005-03-09,14,21,25,39,40,47,20,3345767.0,0,Moonstone,3,961,1
2005-03-12,1,2,8,9,41,48,29,9231428.0,1,Amethyst,1,962,1
2005-03-16,3,7,9,21,35,39,32,1212459.0,2,Amethyst,2,963,1
2005-03-19,6,8,18,33,43,49,27,5278446.0,1,Opal,3,964,1
2005-03-23,12,14,25,30,32,38,42,3006219.0,0,Opal,4,965,1
2005-03-26,5,21,23,28,40,48,26,8675071.0,0,Moonstone,1,966,1
2005-03-30,1,11,23,26,29,31,39,3964330.0,3,Opal,2,967,1
2005-04-02,18,26,27,29,34,42,36,2613151.0,2,Opal,4,968,1
2005-04-06,22,26,36,43,45,49,6,3462677.0,0,Opal,3,969,1
2005-04-09,14,22,25,27,45,47,8,9420864.0,1,Opal,1,970,1
2005-04-13,14,23,36,40,41,48,6,3379709.0,0,Opal,2,971,1
2005-04-16,25,26,32,39,40,42,41,9995614.0,1,Opal,3,972,1
2005-04-20,13,26,27,38,41,43,35,3177338.0,1,Moonstone,4,973,1
2005-04-23,3,18,25,29,31,43,23,684008.0,7,Moonstone,5,974,1
2005-04-27,2,15,20,24,32,47,29,3077074.0,0,Amethyst,7,975,1
2005-04-30,2,23,26,30,39,47,31,3045705.0,3,Moonstone,6,976,1
2005-05-04,30,35,38,41,45,48,46,1133185.0,3,Moonstone,8,977,1
2005-05-07,2,6,21,34,35,49,46,5856652.0,0,Moonstone,5,978,1
2005-05-11,1,6,11,17,29,43,8,3003035.0,3,Moonstone,7,979,1
2005-05-14,12,18,22,33,43,48,25,5140514.0,1,Amethyst,6,980,1
2005-05-18,4,19,22,27,28,47,41,1258381.0,2,Opal,5,981,1
2005-05-21,14,34,38,43,47,48,9,1930787.0,3,Opal,6,982,1
2005-05-25,14,18,29,33,37,39,47,3100673.0,0,Amethyst,8,983,1
2005-05-28,10,16,21,24,34,46,30,4535773.0,2,Amethyst,6,984,1
2005-06-01,3,11,17,19,20,41,6,1235180.0,2,Moonstone,7,985,1
2005-06-04,6,8,13,15,21,40,35,980846.0,5,Moonstone,8,986,1
2005-06-08,11,13,26,34,44,48,2,2982281.0,1,Opal,5,987,1
2005-06-11,1,2,18,25,34,45,31,5457082.0,0,Moonstone,7,988,1
2005-06-15,7,11,12,37,42,45,4,9001406.0,1,Moonstone,5,989,1
2005-06-18,4,7,26,41,42,49,37,5330569.0,0,Opal,6,990,1
2005-06-22,1,4,7,44,47,48,14,4393710.0,2,Opal,8,991,1
2005-06-25,15,23,27,38,44,49,34,15000000.0,1,Amethyst,7,992,1
2005-06-29,7,12,23,26,29,44,31,1183917.0,2,Amethyst,8,993,1
2005-07-02,8,25,33,35,38,40,7,5753161.0,0,Opal,1,994,1
2005-07-06,3,12,17,36,44,49,20,9476995.0,1,Moonstone,2,995,1
2005-07-09,7,20,22,23,34,37,38,15000000.0,1,Opal,3,996,1
2005-07-13,3,25,36,39,42,47,23,3200470.0,0,Opal,4,997,1
2005-07-16,2,3,21,24,38,44,47,8536431.0,1,Moonstone,1,998,1
2005-07-20,4,29,39,41,43,45,42,3268465.0,0,Opal,3,999,1
2005-07-23,7,12,16,24,29,37,44,18268465.0,1,Amethyst,4,1000,1
2005-07-27,10,12,13,17,31,37,44,1440772.0,2,Moonstone,2,1001,1
2005-07-30,3,9,13,35,43,45,8,5166989.0,0,Opal,1,1002,1
2005-08-03,2,10,30,36,37,43,29,4568284.0,2,Opal,4,1003,1
2005-08-06,3,6,7,17,30,34,8,2209932.0,2,Opal,2,1004,1
2005-08-10,8,15,30,31,34,43,40,3074019.0,1,Moonstone,3,1005,1
2005-08-13,19,22,30,35,44,48,3,2704534.0,2,Moonstone,2,1006,1
2005-08-17,3,10,13,22,31,33,15,2372684.0,1,Opal,1,1007,1
2005-08-20,7,11,12,20,38,44,45,1481086.0,3,Opal,4,1008,1
2005-08-24,1,40,43,44,48,49,2,3393435.0,0,Moonstone,2,1009,1
2005-08-27,6,13,17,23,32,43,49,774505.0,11,Moonstone,1,1010,1
2005-08-31,4,10,14,21,32,49,44,2883775.0,1,Opal,4,1011,1
2005-09-03,14,26,34,35,36,45,32,2039506.0,3,Moonstone,3,1012,1
2005-09-07,1,5,7,41,43,49,45,2907275.0,1,Amethyst,3,1013,1
2005-09-10,1,8,24,27,34,46,30,5476246.0,1,Amethyst,5,1014,1
2005-09-14,15,20,22,25,35,39,36,3108523.0,1,Moonstone,7,1015,1
2005-09-17,9,21,23,31,40,46,8,2634670.0,2,Amethyst,6,1016,1
2005-09-21,2,23,33,35,40,42,25,3078821.0,0,Opal,8,1017,1
2005-09-24,2,11,27,29,36,44,15,2006940.0,4,Opal,6,1018,1
2005-09-28,21,32,41,42,43,46,17,1628360.0,2,Amethyst,5,1019,1
2005-10-01,4,6,31,42,46,47,11,2767607.0,2,Moonstone,7,1020,1
2005-10-05,14,17,23,30,34,42,19,2811493.0,1,Opal,5,1021,1
2005-10-08,1,14,20,22,25,26,9,5254612.0,1,Amethyst,7,1022,1
2005-10-12,5,7,13,15,19,45,38,2226114.0,1,Moonstone,6,1023,1
2005-10-15,4,7,29,30,42,44,39,867454.0,5,Amethyst,5,1024,1
2005-10-19,7,18,20,21,29,47,31,2610832.0,1,Opal,6,1025,1
2005-10-22,18,20,22,30,32,39,3,1831492.0,3,Amethyst,7,1026,1
2005-10-26,10,14,26,28,33,38,23,2794039.0,1,Opal,5,1027,1
2005-10-29,2,5,13,30,39,49,3,5269472.0,1,Amethyst,8,1028,1
2005-11-02,19,25,32,47,48,49,28,3159573.0,0,Amethyst,7,1029,1
2005-11-05,12,13,21,26,32,39,17,4459670.0,2,Amethyst,8,1030,1
2005-11-09,1,15,23,30,45,49,33,980499.0,3,Amethyst,8,1031,1
2005-11-12,12,13,25,30,45,47,42,1792430.0,3,Moonstone,8,1032,1
2005-11-16,4,9,22,24,30,41,20,2666676.0,1,Moonstone,6,1033,1
2005-11-19,4,9,10,19,24,37,28,4528016.0,1,Moonstone,2,1034,1
2005-11-23,14,33,36,39,42,46,13,3190447.0,0,Amethyst,1,1035,1
2005-11-26,19,27,28,34,39,46,7,4462150.0,2,Moonstone,3,1036,1
2005-11-30,7,14,29,37,41,45,4,2893361.0,1,Amethyst,1,1037,1
2005-12-03,2,10,11,28,36,47,33,815430.0,6,Opal,2,1038,1
2005-12-07,2,8,11,12,22,26,46,341758.0,6,Opal,3,1039,1
2005-12-10,20,23,25,30,31,48,10,5382733.0,1,Amethyst,4,1040,1
2005-12-14,7,9,17,22,27,40,41,691252.0,3,Topaz,1,1041,1
2005-12-17,7,11,15,21,35,47,43,530969.0,8,Topaz,4,1042,1
2005-12-21,5,6,12,13,31,45,24,2481932.0,1,Opal,3,1043,1
2005-12-24,17,21,25,27,30,37,16,15000000.0,1,Opal,2,1044,1
2005-12-28,6,8,10,19,30,42,23,2192470.0,1,Opal,4,1045,1
2005-12-31,6,9,11,33,36,49,29,5601968.0,1,Amethyst,3,1046,1
2006-01-04,7,13,31,43,45,47,23,2746827.0,1,Amethyst,1,1047,1
2006-01-07,8,14,19,28,29,48,6,3000000.0,5,Topaz,2,1048,1
2006-01-11,5,6,8,19,34,38,11,2593004.0,1,Amethyst,1,1049,1
2006-01-14,4,8,16,23,28,47,34,763392.0,6,Topaz,3,1050,1
2006-01-18,2,3,7,24,46,47,36,2781195.0,1,Amethyst,4,1051,1
2006-01-21,1,25,26,27,39,49,37,1173072.0,5,Amethyst,4,1052,1
2006-01-25,9,14,15,18,26,46,45,2778772.0,1,Opal,5,1053,1
2006-01-28,9,18,22,29,30,48,23,1623367.0,3,Opal,6,1054,1
2006-02-01,5,11,13,17,44,48,25,2448775.0,0,Opal,7,1055,1
2006-02-04,1,3,6,22,23,39,21,2550102.0,3,Topaz,2,1056,1
2006-02-08,9,27,28,31,41,42,25,2742423.0,0,Topaz,8,1057,1
2006-02-11,4,9,15,25,30,40,42,2562460.0,3,Topaz,5,1058,1
2006-02-15,5,11,12,16,17,45,42,812931.0,3,Opal,8,1059,1
2006-02-18,9,23,32,35,36,40,5,2801535.0,2,Topaz,7,1060,1
2006-02-22,5,9,27,35,42,43,14,1265098.0,2,Topaz,6,1061,1
2006-02-25,7,14,24,37,43,48,29,1291901.0,4,Amethyst,7,1062,1
2006-03-01,15,16,19,28,38,42,20,1327182.0,2,Opal,6,1063,1
2006-03-04,1,16,22,32,33,40,48,5408113.0,0,Amethyst,8,1064,1
2006-03-08,1,11,14,35,37,42,26,8852697.0,0,Topaz,6,1065,1
2006-03-11,4,9,13,29,31,36,16,3570063.0,4,Opal,5,1066,1
2006-03-15,1,14,21,30,35,48,24,2897385.0,0,Opal,7,1067,1
2006-03-18,7,10,22,24,34,44,18,2532137.0,3,Amethyst,5,1068,1
2006-03-22,4,8,16,19,34,40,38,2523614.0,1,Moonstone,6,1069,1
2006-03-25,2,6,10,17,29,30,9,390591.0,10,Amethyst,5,1070,1
2006-03-29,2,6,18,36,37,44,19,681025.0,4,Opal,8,1071,1
2006-04-01,9,17,18,21,23,39,45,1491257.0,3,Moonstone,7,1072,1
2006-04-05,1,2,16,22,26,49,15,2667773.0,1,Amethyst,8,1073,1
2006-04-08,5,6,7,18,28,40,12,4198916.0,1,Opal,1,1074,1
2006-04-12,7,19,26,38,44,49,24,1290203.0,2,Amethyst,2,1075,1
2006-04-15,7,15,19,23,37,48,45,1184289.0,4,Amethyst,4,1076,1
2006-04-19,3,9,33,44,47,49,38,2470696.0,1,Opal,1,1077,1
2006-04-22,9,24,30,40,42,48,15,5195933.0,0,Moonstone,2,1078,1
2006-04-26,1,27,32,33,45,48,25,4420840.0,2,Moonstone,3,1079,1
2006-04-29,10,29,31,32,36,47,17,2905372.0,2,Opal,4,1080,1
2006-05-03,9,11,22,39,40,42,12,2709955.0,1,Moonstone,3,1081,1
2006-05-06,2,7,11,21,33,34,8,1023801.0,4,Topaz,4,1082,1
2006-05-10,8,13,28,32,36,46,15,2851543.0,0,Opal,1,1083,1
2006-05-13,3,15,21,22,36,47,27,4095381.0,2,Topaz,4,1084,1
2006-05-17,3,10,19,33,35,38,8,2677966.0,0,Topaz,1,1085,1
2006-05-20,6,16,17,22,24,45,48,17677966.0,1,Moonstone,3,1086,1
2006-05-24,1,17,25,29,41,46,6,2924309.0,1,Opal,2,1087,1
2006-05-27,5,8,12,24,28,31,22,480025.0,8,Topaz,3,1088,1
2006-05-31,4,16,32,34,35,37,1,3051588.0,0,Topaz,2,1089,1
2006-06-03,4,6,7,9,28,39,20,18051588.0,1,Moonstone,1,1090,1
2006-06-07,6,9,11,14,33,48,31,2382622.0,0,Opal,3,1091,1
2006-06-10,14,27,32,39,41,47,12,2637301.0,3,Topaz,4,1092,1
2006-06-14,4,7,10,33,35,49,46,650559.0,4,Opal,5,1093,1
2006-06-17,25,26,33,40,41,47,10,5526247.0,1,Topaz,7,1094,1
2006-06-21,8,16,27,38,44,49,31,2603997.0,0,Moonstone,6,1095,1
2006-06-24,9,14,21,23,39,44,19,1472321.0,5,Opal,5,1096,1
2006-06-28,11,12,34,39,44,48,21,2870470.0,0,Opal,8,1097,1
2006-07-01,18,28,33,37,39,42,15,8036203.0,1,Topaz,6,1098,1
2006-07-05,7,17,29,33,42,45,24,768822.0,3,Opal,8,1099,1
2006-07-08,6,10,19,29,32,42,13,615193.0,7,Topaz,5,1100,1
2006-07-12,18,20,26,27,28,39,45,1369847.0,2,Topaz,6,1101,1
2006-07-15,6,12,19,20,38,39,13,1589969.0,3,Amethyst,8,1102,1
2006-07-19,4,21,25,37,45,46,6,2853999.0,0,Topaz,7,1103,1
2006-07-22,20,22,23,26,31,47,2,8295258.0,0,Amethyst,5,1104,1
2006-07-26,7,17,27,30,33,39,6,11544846.0,1,Topaz,8,1105,1
2006-07-29,4,5,16,19,21,49,20,1110466.0,4,Amethyst,7,1106,1
2006-08-02,5,8,9,18,41,47,49,2520044.0,0,Amethyst,6,1107,1
2006-08-05,3,11,13,18,26,31,35,2254572.0,3,Topaz,5,1108,1
2006-08-09,2,4,12,16,18,41,48,2458865.0,0,Amethyst,8,1109,1
2006-08-12,24,30,38,43,46,49,6,8584352.0,1,Amethyst,7,1110,1
2006-08-16,4,8,16,20,25,31,43,2288962.0,1,Amethyst,6,1111,1
2006-08-19,6,29,31,34,40,48,4,5433861.0,1,Topaz,7,1112,1
2006-08-23,6,16,20,21,23,37,40,2697814.0,1,Topaz,1,1113,1
2006-08-26,10,17,24,31,42,49,5,2436040.0,2,Topaz,2,1114,1
2006-08-30,19,21,22,38,44,49,45,669219.0,4,Topaz,4,1115,1
2006-09-02,3,8,20,22,34,40,38,2462462.0,2,Amethyst,1,1116,1
2006-09-06,5,7,14,29,37,38,12,2435457.0,0,Amethyst,3,1117,1
2006-09-09,2,15,21,37,43,46,36,2010257.0,4,Amethyst,4,1118,1
2006-09-13,8,15,17,40,43,48,21,2852068.0,0,Amethyst,3,1119,1
2006-09-16,11,12,16,33,34,43,28,4128683.0,2,Amethyst,2,1120,1
2006-09-20,3,21,29,35,38,45,46,1411571.0,2,Topaz,3,1121,1
2006-09-23,6,26,28,35,42,43,38,7500000.0,2,Topaz,1,1122,1
2006-09-27,2,3,16,27,44,48,24,2476003.0,1,Amethyst,2,1123,1
2006-09-30,8,12,13,19,26,38,11,1454780.0,3,Topaz,1,1124,1
2006-10-04,12,14,16,19,27,32,44,2414737.0,0,Amethyst,3,1125,1
2006-10-07,4,13,23,24,26,36,45,7466551.0,0,Amethyst,2,1126,1
2006-10-11,14,16,24,26,27,39,6,11411225.0,0,Amethyst,1,1127,1
2006-10-14,8,15,24,31,37,42,45,9355603.0,2,Topaz,4,1128,1
2006-10-18,6,12,36,39,41,48,17,1487099.0,2,Topaz,3,1129,1
2006-10-21,15,18,23,31,37,49,38,5299849.0,1,Topaz,2,1130,1
2006-10-25,2,7,10,14,16,22,43,479126.0,4,Amethyst,4,1131,1
2006-10-28,4,5,6,12,20,29,30,1016840.0,4,Topaz,6,1132,1
2006-11-01,9,13,14,20,31,35,32,2736676.0,0,Topaz,7,1133,1
2006-11-04,17,30,33,40,42,43,34,8495189.0,1,Topaz,8,1134,1
2006-11-08,2,18,31,38,39,46,42,2985577.0,0,Topaz,6,1135,1
2006-11-11,23,24,28,33,34,41,18,8899965.0,1,Topaz,5,1136,1
2006-11-15,2,3,17,22,40,42,12,2543170.0,1,Amethyst,7,1137,1
2006-11-18,1,19,20,32,42,46,49,5555990.0,0,Topaz,8,1138,1
2006-11-22,14,15,24,31,45,49,34,4503354.0,2,Amethyst,5,1139,1
2006-11-25,4,7,31,38,44,48,1,1154036.0,4,Amethyst,7,1140,1
2006-11-29,17,20,31,40,42,46,1,1486961.0,2,Amethyst,6,1141,1
2006-12-02,9,11,15,31,42,46,27,4746796.0,0,Topaz,8,1142,1
2006-12-06,2,5,9,12,22,32,34,6979907.0,1,Topaz,7,1143,1
2006-12-09,5,8,10,18,20,46,43,2192219.0,2,Amethyst,8,1144,1
2006-12-13,4,12,14,20,46,49,24,908711.0,3,Amethyst,6,1145,1
2006-12-16,5,8,11,27,30,46,34,1372693.0,3,Sapphire,7,1146,1
2006-12-20,4,10,21,22,25,38,31,607539.0,4,Amethyst,3,1147,1
2006-12-23,10,16,24,37,44,49,4,2686952.0,2,Sapphire,8,1148,1
2006-12-27,16,27,29,34,39,45,19,2773544.0,0,Sapphire,5,1149,1
2006-12-30,1,2,7,11,37,45,14,2482376.0,3,Sapphire,1,1150,1
2007-01-03,4,6,30,36,43,44,20,2638211.0,1,Sapphire,6,1151,1
2007-01-06,15,25,29,35,39,40,11,5379770.0,1,Amethyst,5,1152,1
2007-01-10,1,2,13,29,33,49,6,1289184.0,2,Sapphire,2,1153,1
2007-01-13,5,8,12,20,28,48,40,1006168.0,4,Sapphire,1,1154,1
2007-01-17,12,17,21,25,31,37,30,2487503.0,1,Amethyst,3,1155,1
2007-01-20,4,7,26,28,39,49,47,919063.0,5,Amethyst,2,1156,1
2007-01-24,2,8,10,31,46,48,12,2543691.0,1,Sapphire,1,1157,1
2007-01-27,4,15,21,23,24,38,36,1173269.0,4,Sapphire,4,1158,1
2007-01-31,13,14,21,30,43,49,17,2767055.0,0,Sapphire,3,1159,1
2007-02-03,13,17,39,46,47,49,48,8471383.0,1,Amethyst,4,1160,1
2007-02-07,6,16,18,29,30,35,48,2561750.0,1,Sapphire,4,1161,1
2007-02-10,22,26,38,39,41,42,8,5478737.0,0,Sapphire,2,1162,1
2007-02-14,1,2,4,38,42,43,23,9002814.0,1,Sapphire,1,1163,1
2007-02-17,6,18,40,43,47,49,32,5379697.0,0,Sapphire,4,1164,1
2007-02-21,1,6,26,34,39,42,25,4421533.0,2,Amethyst,2,1165,1
2007-02-24,5,18,26,34,42,49,8,546480.0,9,Sapphire,3,1166,1
2007-02-28,4,15,34,40,44,46,45,2928483.0,1,Sapphire,4,1167,1
2007-03-03,1,5,11,19,28,36,38,772906.0,5,Amethyst,1,1168,1
2007-03-07,4,14,25,35,42,48,37,2703190.0,1,Amethyst,2,1169,1
2007-03-10,1,9,16,34,38,41,4,5151207.0,0,Amethyst,5,1170,1
2007-03-14,6,21,24,38,39,48,41,4206341.0,2,Sapphire,6,1171,1
2007-03-17,1,9,14,20,43,44,32,2403495.0,2,Sapphire,8,1172,1
2007-03-21,15,19,29,35,44,45,7,679618.0,4,Amethyst,7,1173,1
2007-03-24,9,14,26,28,30,45,38,1128663.0,4,Sapphire,6,1174,1
2007-03-28,2,5,19,23,32,41,38,1199713.0,2,Amethyst,5,1175,1
2007-03-31,3,35,39,42,44,48,41,5143775.0,1,Amethyst,8,1176,1
2007-04-04,11,14,19,35,46,49,17,2768390.0,0,Sapphire,6,1177,1
2007-04-07,23,24,30,31,33,37,20,8372751.0,1,Amethyst,5,1178,1
2007-04-11,8,11,21,32,35,42,47,2459554.0,1,Sapphire,7,1179,1
2007-04-14,13,16,23,29,36,49,14,2394563.0,2,Amethyst,6,1180,1
2007-04-18,8,11,17,30,32,41,47,1263584.0,2,Amethyst,7,1181,1
2007-04-21,14,20,21,30,41,46,6,5274577.0,1,Sapphire,5,1182,1
2007-04-25,1,7,25,31,32,39,18,1293634.0,2,Sapphire,7,1183,1
2007-04-28,11,17,24,28,41,47,48,1146742.0,4,Sapphire,8,1184,1
2007-05-02,11,18,25,27,39,44,34,1170140.0,2,Amethyst,6,1185,1
2007-05-05,4,33,34,38,39,49,23,1825698.0,3,Amethyst,5,1186,1
2007-05-09,8,9,19,34,47,49,4,2557161.0,1,Amethyst,8,1187,1
2007-05-12,3,6,9,12,40,43,44,683311.0,6,Amethyst,7,1188,1
2007-05-16,9,20,22,24,27,28,12,2399505.0,0,Amethyst,8,1189,1
2007-05-19,17,19,20,32,36,48,18,7923399.0,1,Sapphire,2,1190,1
2007-05-23,3,19,31,32,36,40,43,2777455.0,0,Amethyst,1,1191,1
2007-05-26,3,15,19,24,28,34,17,2482831.0,3,Amethyst,3,1192,1
2007-05-30,2,20,22,25,41,47,37,2745415.0,1,Sapphire,2,1193,1
2007-06-02,1,10,33,35,38,43,34,5237215.0,0,Amethyst,4,1194,1
2007-06-06,7,21,22,28,37,40,1,4018314.0,2,Sapphire,1,1195,1
2007-06-09,2,3,23,33,40,46,30,4797831.0,0,Sapphire,4,1196,1
2007-06-13,13,19,24,30,40,48,31,1992696.0,4,Sapphire,3,1197,1
2007-06-16,8,17,33,41,43,45,37,1633505.0,3,Sapphire,2,1198,1
2007-06-20,13,16,22,43,47,49,28,925940.0,3,Amethyst,4,1199,1
2007-06-23,6,12,19,25,31,41,21,347471.0,12,Sapphire,3,1200,1
2007-06-27,7,13,23,40,41,48,1,891682.0,3,Amethyst,2,1201,1
2007-06-30,10,11,17,34,38,46,48,4920794.0,1,Amethyst,4,1202,1
2007-07-04,3,13,22,32,44,46,26,845147.0,3,Sapphire,3,1203,1
2007-07-07,16,22,28,30,33,35,37,1655605.0,3,Amethyst,1,1204,1
2007-07-11,3,9,10,12,46,47,22,479142.0,5,Sapphire,2,1205,1
2007-07-14,15,27,35,37,38,39,11,5248063.0,1,Sapphire,4,1206,1
2007-07-18,12,31,33,39,41,45,23,2838118.0,0,Sapphire,1,1207,1
2007-07-21,3,10,21,25,29,49,20,2438155.0,3,Sapphire,3,1208,1
2007-07-25,3,18,21,24,36,38,20,836243.0,3,Amethyst,5,1209,1
2007-07-28,4,18,22,27,44,48,33,1020728.0,4,Sapphire,1,1210,1
2007-08-01,3,6,15,23,28,42,40,698095.0,3,Amethyst,6,1211,1
2007-08-04,12,23,25,26,34,49,4,4771402.0,1,Amethyst,7,1212,1
2007-08-08,3,9,12,13,20,43,7,2112501.0,0,Sapphire,5,1213,1
2007-08-11,6,10,11,19,22,46,40,3115742.0,2,Sapphire,8,1214,1
2007-08-15,2,5,15,34,35,43,12,2727777.0,1,Amethyst,6,1215,1
2007-08-18,2,12,26,32,37,47,22,4986272.0,1,Sapphire,8,1216,1
2007-08-22,18,31,35,39,40,42,32,3006244.0,1,Amethyst,5,1217,1
2007-08-25,7,13,17,33,40,42,8,1442641.0,3,Sapphire,7,1218,1
2007-08-29,4,6,11,17,31,41,44,2214747.0,1,Amethyst,6,1219,1
2007-09-01,3,27,34,41,42,48,8,5028768.0,0,Sapphire,7,1220,1
2007-09-05,11,24,26,35,39,40,38,8531595.0,1,Amethyst,5,1221,1
2007-09-08,4,10,20,24,39,49,31,2443024.0,2,Amethyst,8,1222,1
2007-09-12,4,13,18,21,30,46,5,1291036.0,2,Amethyst,7,1223,1
2007-09-15,3,7,12,21,25,36,24,716766.0,5,Sapphire,8,1224,1
2007-09-19,2,5,6,13,25,47,45,1101769.0,2,Sapphire,6,1225,1
2007-09-22,3,12,15,18,30,31,25,1350973.0,3,Sapphire,7,1226,1
2007-09-26,2,8,16,24,32,41,4,252078.0,10,Sapphire,5,1227,1
2007-09-29,1,9,10,11,16,49,37,2077095.0,2,Amethyst,8,1228,1
2007-10-03,1,17,24,26,30,49,14,1298223.0,2,Amethyst,1,1229,1
2007-10-06,5,6,18,22,24,38,10,2093275.0,2,Amethyst,6,1230,1
2007-10-10,1,9,24,27,36,45,49,2537555.0,1,Sapphire,3,1231,1
2007-10-13,7,11,12,36,38,39,44,4706935.0,1,Sapphire,2,1232,1
2007-10-17,10,12,22,32,45,46,27,2721688.0,0,Sapphire,4,1233,1
2007-10-20,4,15,25,27,33,40,20,962302.0,8,Amethyst,1,1234,1
2007-10-24,14,16,24,28,45,48,29,2660170.0,0,Amethyst,3,1235,1
2007-10-27,6,8,10,13,22,32,3,7176688.0,0,Amethyst,4,1236,1
2007-10-31,9,12,20,25,33,35,17,11173800.0,0,Amethyst,2,1237,1
2007-11-03,3,10,22,25,31,49,4,8829737.0,2,Sapphire,1,1238,1
2007-11-07,2,6,9,13,17,36,4,724242.0,3,Amethyst,3,1239,1
2007-11-10,5,11,13,18,25,35,7,2053719.0,2,Sapphire,4,1240,1
2007-11-14,4,5,21,35,37,42,14,909414.0,3,Amethyst,1,1241,1
2007-11-17,11,16,20,22,27,46,29,4800414.0,1,Amethyst,2,1242,1
2007-11-21,6,8,24,25,32,47,15,2535066.0,0,Sapphire,3,1243,1
2007-11-24,1,14,25,37,39,47,38,8194918.0,1,Sapphire,4,1244,1
2007-11-28,11,15,25,33,44,45,17,2440940.0,0,Sapphire,2,1245,1
2007-12-01,12,24,33,36,39,42,21,7603209.0,1,Sapphire,3,1246,1
2007-12-05,2,8,13,18,26,39,10,785425.0,3,Amethyst,4,1247,1
2007-12-08,4,6,10,11,24,33,26,1254321.0,3,Sapphire,1,1248,1
2007-12-12,19,20,23,42,44,45,7,2807696.0,0,Amethyst,2,1249,1
2007-12-15,12,22,25,43,46,49,10,1173613.0,7,Sapphire,3,1250,1
2007-12-19,11,13,21,33,36,47,3,2571477.0,1,Sapphire,4,1251,1
2007-12-22,11,13,14,16,21,44,35,2305883.0,2,Amethyst,2,1252,1
2007-12-26,8,14,18,23,27,44,48,548030.0,4,Sapphire,3,1253,1
2007-12-29,4,13,23,28,30,32,11,1106528.0,4,Amethyst,1,1254,1
2008-01-02,13,15,25,31,37,39,41,2749929.0,1,Amethyst,2,1255,1
2008-01-05,2,3,12,20,33,49,11,4556043.0,1,Sapphire,3,1256,1
2008-01-09,14,24,26,28,44,49,45,649657.0,4,Amethyst,1,1257,1
2008-01-12,6,11,15,18,34,45,43,2332812.0,2,Sapphire,2,1258,1
2008-01-16,8,13,17,22,29,42,43,2246767.0,0,Amethyst,1,1259,1
2008-01-19,6,10,30,32,43,45,23,7670330.0,0,Sapphire,3,1260,1
2008-01-23,4,12,13,15,30,36,42,11553412.0,0,Sapphire,4,1261,1
2008-01-26,1,2,6,13,38,43,24,18992109.0,1,Sapphire,1,1262,1
2008-01-30,7,8,27,37,40,46,1,2864200.0,0,Amethyst,2,1263,1
2008-02-02,5,7,18,22,25,34,12,3681300.0,2,Amethyst,5,1264,1
2008-02-06,2,5,12,15,30,48,38,2336642.0,0,Amethyst,4,1265,1
2008-02-09,2,14,26,29,31,40,7,3880722.0,2,Sapphire,6,1266,1
2008-02-13,9,14,24,28,32,41,13,2631895.0,1,Sapphire,8,1267,1
2008-02-16,9,18,21,24,37,48,22,1212400.0,4,Amethyst,5,1268,1
2008-02-20,7,17,29,31,39,44,4,805120.0,3,Sapphire,7,1269,1
2008-02-23,8,11,16,25,39,46,37,534848.0,9,Topaz,8,1270,1
2008-02-27,16,29,30,32,38,45,40,2964163.0,1,Amethyst,7,1271,1
2008-03-01,1,8,12,20,29,49,4,748069.0,6,Amethyst,5,1272,1
2008-03-05,8,14,16,39,43,47,38,1413394.0,2,Topaz,6,1273,1
2008-03-08,4,15,18,30,31,47,9,4807426.0,1,Amethyst,7,1274,1
2008-03-12,1,13,26,38,41,47,7,2855067.0,1,Topaz,6,1275,1
2008-03-15,2,23,37,40,48,49,29,5298298.0,1,Sapphire,8,1276,1
2008-03-19,5,21,22,25,27,35,14,1188004.0,2,Topaz,6,1277,1
2008-03-22,7,11,14,27,45,48,37,1048419.0,4,Sapphire,5,1278,1
2008-03-26,3,22,27,33,45,48,17,2507250.0,1,Sapphire,7,1279,1
2008-03-29,11,17,28,31,40,43,39,2367330.0,2,Sapphire,6,1280,1
2008-04-02,2,6,21,23,43,47,29,1251781.0,2,Topaz,5,1281,1
2008-04-05,7,23,30,41,45,49,2,822511.0,6,Sapphire,8,1282,1
2008-04-09,1,6,8,14,17,32,12,753154.0,3,Topaz,7,1283,1
2008-04-12,4,17,22,44,46,49,26,4597264.0,1,Sapphire,8,1284,1
2008-04-16,4,10,14,29,31,38,43,2401257.0,1,Topaz,5,1285,1
2008-04-19,5,19,24,38,42,46,27,584068.0,8,Sapphire,7,1286,1
2008-04-23,10,15,23,34,39,41,33,2792417.0,0,Topaz,8,1287,1
2008-04-26,1,4,16,37,39,40,35,8269656.0,0,Sapphire,5,1288,1
2008-04-30,15,31,33,35,41,44,9,12464996.0,1,Topaz,6,1289,1
2008-05-03,2,15,17,32,36,42,4,803201.0,6,Topaz,7,1290,1
2008-05-07,9,10,12,16,30,31,3,2123346.0,1,Topaz,8,1291,1
2008-05-10,4,14,18,24,32,40,37,1477059.0,3,Topaz,6,1292,1
2008-05-14,3,4,29,34,41,42,25,2794040.0,0,Sapphire,7,1293,1
2008-05-17,3,11,12,41,46,47,20,3980528.0,2,Topaz,5,1294,1
2008-05-21,2,23,38,41,47,49,1,2778125.0,1,Topaz,6,1295,1
2008-05-24,3,6,10,26,30,38,15,1347457.0,3,Sapphire,7,1296,1
2008-05-28,10,25,28,36,45,48,40,2640951.0,1,Sapphire,8,1297,1
2008-05-31,15,20,22,34,37,39,17,2607873.0,2,Topaz,5,1298,1
2008-06-04,19,27,35,37,39,42,23,2691514.0,1,Sapphire,6,1299,1
2008-06-07,5,9,14,37,38,44,42,4368639.0,0,Topaz,1,1300,1
2008-06-11,1,8,22,28,35,44,19,7113562.0,0,Topaz,2,1301,1
2008-06-14,7,16,17,23,29,34,4,3038567.0,4,Topaz,3,1302,1
2008-06-18,12,26,34,39,40,45,19,2950705.0,0,Topaz,4,1303,1
2008-06-21,8,9,11,16,18,22,36,859939.0,8,Topaz,1,1304,1
2008-06-25,11,12,22,23,24,36,26,235588.0,10,Sapphire,8,1305,1
2008-06-28,7,12,19,23,46,48,28,524020.0,8,Topaz,3,1306,1
2008-07-02,3,4,12,23,30,31,33,673106.0,3,Sapphire,4,1307,1
2008-07-05,2,22,26,28,30,39,12,2349055.0,2,Sapphire,1,1308,1
2008-07-09,2,3,9,15,26,29,19,973952.0,2,Sapphire,2,1309,1
2008-07-12,16,27,28,29,30,42,43,4787932.0,1,Topaz,3,1310,1
2008-07-16,3,12,17,18,22,42,19,519729.0,4,Sapphire,4,1311,1
2008-07-19,6,9,13,18,29,30,37,1218618.0,3,Topaz,2,1312,1
2008-07-23,15,17,33,35,39,40,49,2874098.0,1,Sapphire,3,1313,1
2008-07-26,3,11,19,24,33,35,9,1013498.0,4,Topaz,4,1314,1
2008-07-30,4,26,28,32,44,46,7,2561513.0,1,Sapphire,2,1315,1
2008-08-02,8,15,23,32,35,49,9,933042.0,5,Sapphire,4,1316,1
2008-08-06,7,9,23,30,47,49,18,2289219.0,0,Topaz,3,1317,1
2008-08-09,9,10,17,29,33,40,15,2340505.0,3,Sapphire,2,1318,1
2008-08-13,5,9,10,11,23,26,12,284503.0,6,Topaz,4,1319,1
2008-08-16,2,3,9,34,35,41,46,4909676.0,0,Sapphire,3,1320,1
2008-08-20,1,29,32,33,34,38,6,8483403.0,0,Topaz,1,1321,1
2008-08-23,9,16,23,26,27,42,44,2716570.0,5,Sapphire,1,1322,1
2008-08-27,8,14,33,34,35,43,12,2812064.0,0,Topaz,2,1323,1
2008-08-30,2,14,27,31,36,44,48,1925567.0,4,Topaz,1,1324,1
2008-09-03,3,5,7,9,24,35,11,448851.0,4,Sapphire,4,1325,1
2008-09-06,4,6,9,13,35,36,46,737319.0,6,Topaz,2,1326,1
2008-09-10,7,15,16,19,22,48,38,2297305.0,1,Topaz,3,1327,1
2008-09-13,5,21,28,29,40,44,35,4551108.0,1,Sapphire,2,1328,1
2008-09-17,3,9,11,24,29,43,25,968782.0,2,Topaz,4,1329,1
2008-09-20,5,15,20,22,24,47,45,4493783.0,1,Topaz,3,1330,1
2008-09-24,1,14,21,24,35,46,38,2679494.0,0,Sapphire,1,1331,1
2008-09-27,11,21,27,38,40,44,2,7527304.0,1,Sapphire,2,1332,1
2008-10-01,6,27,29,38,42,49,30,2672551.0,0,Topaz,4,1333,1
2008-10-04,17,18,28,29,32,40,39,8034297.0,1,Topaz,3,1334,1
2008-10-08,9,13,24,25,42,48,5,2494580.0,0,Sapphire,5,1335,1
2008-10-11,20,21,23,24,27,28,33,713924.0,11,Topaz,6,1336,1
2008-10-15,1,8,15,18,34,38,19,1275972.0,2,Topaz,1,1337,1
2008-10-18,3,10,12,30,39,40,23,1134695.0,4,Topaz,1,1338,1
2008-10-22,1,12,29,35,37,40,25,2835473.0,0,Sapphire,7,1339,1
2008-10-25,1,20,31,38,43,46,36,8571844.0,1,Sapphire,8,1340,1
2008-10-29,6,10,12,15,20,27,26,488366.0,4,Sapphire,5,1341,1
2008-11-01,18,19,25,30,33,43,4,1591090.0,3,Topaz,7,1342,1
2008-11-05,2,11,13,27,34,43,25,593100.0,4,Topaz,8,1343,1
2008-11-08,15,24,26,27,33,34,23,4973192.0,0,Sapphire,5,1344,1
2008-11-12,1,5,13,20,27,45,14,1558606.0,5,Sapphire,7,1345,1
2008-11-15,14,17,30,37,38,41,49,2630225.0,2,Topaz,8,1346,1
2008-11-19,5,7,18,27,31,33,29,1017166.0,2,Sapphire,6,1347,1
2008-11-22,4,12,34,35,38,48,27,2522872.0,2,Topaz,5,1348,1
2008-11-26,3,6,13,23,27,49,16,1959903.0,0,Sapphire,6,1349,1
2008-11-29,10,34,35,39,43,47,33,7649917.0,1,Sapphire,7,1350,1
2008-12-03,4,12,19,21,34,44,38,1093846.0,2,Topaz,8,1351,1
2008-12-06,10,12,20,37,39,48,31,5102377.0,0,Amethyst,5,1352,1
2008-12-10,9,11,23,27,29,33,36,7544200.0,1,Topaz,6,1353,1
2008-12-13,2,4,16,28,37,47,5,2283989.0,2,Amethyst,7,1354,1
2008-12-17,10,15,17,26,46,49,47,2674438.0,1,Topaz,8,1355,1
2008-12-20,3,9,11,23,36,44,25,350384.0,10,Topaz,6,1356,1
2008-12-24,2,10,24,31,37,47,38,3336065.0,1,Topaz,5,1357,1
2008-12-27,7,10,24,39,40,42,5,3430704.0,1,Sapphire,7,1358,1
2008-12-31,3,11,15,33,36,45,38,1014308.0,3,Sapphire,8,1359,1
2009-01-03,9,19,36,37,39,49,10,2543848.0,2,Topaz,6,1360,1
2009-01-07,1,8,27,32,39,45,7,2715451.0,1,Sapphire,7,1361,1
2009-01-10,5,8,11,15,38,45,21,4205574.0,1,Topaz,8,1362,1
2009-01-14,3,18,28,37,39,42,40,2673721.0,0,Topaz,5,1363,1
2009-01-17,1,7,9,33,36,38,39,1918926.0,4,Topaz,7,1364,1
2009-01-21,3,25,28,29,32,45,48,2666112.0,1,Topaz,8,1365,1
2009-01-24,24,25,26,38,39,40,3,1396284.0,4,Sapphire,6,1366,1
2009-01-28,4,29,37,39,40,43,9,2988068.0,0,Amethyst,5,1367,1
2009-01-31,1,4,13,15,35,38,39,8328317.0,1,Topaz,7,1368,1
2009-02-04,4,24,31,33,36,40,25,2815375.0,0,Sapphire,8,1369,1
2009-02-07,3,7,24,25,26,41,28,7479590.0,1,Sapphire,5,1370,1
2009-02-11,9,14,16,38,46,47,11,2806010.0,0,Sapphire,1,1371,1
2009-02-14,2,4,17,19,38,45,15,7769924.0,1,Topaz,2,1372,1
2009-02-18,5,23,24,29,39,44,26,3325788.0,1,Topaz,3,1373,1
2009-02-21,18,22,26,42,45,46,44,5130824.0,1,Sapphire,6,1374,1
2009-02-25,6,19,25,32,37,39,21,2648600.0,0,Topaz,6,1375,1
2009-02-28,6,25,33,37,42,43,23,3938641.0,2,Sapphire,1,1376,1
2009-03-04,3,21,25,32,37,46,15,2753657.0,0,Topaz,2,1377,1
2009-03-07,6,21,30,32,33,44,35,3951799.0,2,Sapphire,3,1378,1
2009-03-11,6,9,20,21,31,34,48,2525485.0,1,Sapphire,1,1379,1
2009-03-14,9,16,25,29,31,37,24,883679.0,5,Topaz,4,1380,1
2009-03-18,2,5,22,25,39,41,27,2503931.0,1,Amethyst,3,1381,1
2009-03-21,1,31,32,33,36,38,8,5515082.0,0,Amethyst,4,1382,1
2009-03-25,13,23,26,27,37,49,47,8565434.0,0,Topaz,2,1383,1
2009-03-28,2,17,19,28,31,47,14,2783114.0,5,Sapphire,1,1384,1
2009-04-01,3,5,14,19,24,40,38,2243028.0,0,Topaz,4,1385,1
2009-04-04,11,18,28,32,36,39,21,7281415.0,0,Topaz,2,1386,1
2009-04-08,8,10,21,23,25,48,3,10784075.0,1,Topaz,3,1387,1
2009-04-11,6,11,24,30,32,45,3,4651327.0,1,Topaz,1,1388,1
2009-04-15,5,9,18,23,31,39,37,1066879.0,2,Topaz,4,1389,1
2009-04-18,13,24,33,35,42,49,37,4863549.0,1,Sapphire,3,1390,1
2009-04-22,11,21,34,42,43,45,20,2793752.0,0,Sapphire,4,1391,1
2009-04-25,7,14,17,39,41,49,29,7871010.0,1,Amethyst,2,1392,1
2009-04-29,1,15,35,42,45,48,38,2869223.0,0,Sapphire,3,1393,1
2009-05-02,10,17,25,32,34,40,20,1008444.0,8,Amethyst,1,1394,1
2009-05-06,1,8,10,13,20,34,28,2317069.0,1,Topaz,2,1395,1
2009-05-09,6,9,28,31,37,42,12,2213837.0,2,Amethyst,3,1396,1
2009-05-13,13,16,19,31,37,47,5,2700948.0,1,Sapphire,1,1397,1
2009-05-16,1,5,9,27,42,45,21,1316462.0,3,Topaz,4,1398,1
2009-05-20,9,10,30,37,45,46,29,2772267.0,0,Amethyst,2,1399,1
2009-05-23,12,17,32,41,44,48,15,3906077.0,2,Topaz,3,1400,1
2009-05-27,2,12,24,31,41,48,40,1258763.0,2,Topaz,4,1401,1
2009-05-30,2,5,19,20,33,43,32,873252.0,5,Sapphire,2,1402,1
2009-06-03,4,6,22,31,33,35,3,2464940.0,0,Sapphire,4,1403,1
2009-06-06,6,14,32,35,41,42,43,1885518.0,4,Sapphire,3,1404,1
2009-06-10,3,8,21,23,30,46,26,2216540.0,1,Topaz,1,1405,1
2009-06-13,1,13,18,36,43,48,2,2390831.0,2,Topaz,2,1406,1
2009-06-17,8,10,11,14,28,36,18,2108589.0,0,Sapphire,4,1407,1
2009-06-20,3,4,17,24,29,40,46,3262341.0,2,Sapphire,1,1408,1
2009-06-24,10,17,20,21,23,31,32,2270554.0,0,Amethyst,6,1409,1
2009-06-27,9,17,25,26,31,42,7,3276391.0,2,Topaz,5,1410,1
2009-07-01,1,2,11,31,38,43,46,2495068.0,1,Topaz,8,1411,1
2009-07-04,14,16,26,39,44,48,23,4857749.0,0,Amethyst,7,1412,1
2009-07-08,10,16,21,22,35,49,31,7985672.0,1,Topaz,6,1413,1
2009-07-11,4,6,10,28,35,39,8,2203775.0,2,Sapphire,7,1414,1
2009-07-15,5,8,10,29,39,41,15,2473609.0,1,Topaz,8,1415,1
2009-07-18,9,27,28,33,39,41,12,762709.0,6,Topaz,6,1416,1
2009-07-22,2,22,23,31,35,40,20,2665282.0,1,Topaz,5,1417,1
2009-07-25,8,17,30,32,38,40,4,1579937.0,3,Topaz,7,1418,1
2009-07-29,3,13,19,20,23,26,1,2055447.0,1,Sapphire,5,1419,1
2009-08-01,2,6,27,28,40,49,14,4593096.0,1,Topaz,8,1420,1
2009-08-05,1,16,18,32,39,44,33,2693745.0,0,Amethyst,6,1421,1
2009-08-08,9,17,26,32,33,36,6,7474168.0,1,Topaz,5,1422,1
2009-08-12,9,20,21,27,39,40,14,2612973.0,1,Topaz,7,1423,1
2009-08-15,16,31,32,46,47,48,34,5232847.0,1,Amethyst,6,1424,1
2009-08-19,10,23,26,30,41,45,49,2631541.0,1,Amethyst,5,1425,1
2009-08-22,18,23,24,36,43,44,21,4588768.0,0,Topaz,7,1426,1
2009-08-26,3,9,11,17,27,48,6,2223990.0,3,Amethyst,8,1427,1
2009-08-29,9,18,34,37,39,47,5,4908817.0,1,Sapphire,6,1428,1
2009-09-02,2,4,7,27,28,35,21,1886585.0,0,Topaz,5,1429,1
2009-09-05,12,19,22,26,36,41,39,972256.0,7,Amethyst,7,1430,1
2009-09-09,2,11,23,28,35,39,15,2450464.0,0,Sapphire,6,1431,1
2009-09-12,18,20,24,30,43,44,47,3817895.0,2,Sapphire,5,1432,1
2009-09-16,18,23,34,44,46,48,6,1367427.0,2,Sapphire,7,1433,1
2009-09-19,18,20,31,33,43,45,1,5109794.0,1,Topaz,8,1434,1
2009-09-23,23,25,28,41,46,47,27,3681197.0,1,Topaz,6,1435,1
2009-09-26,3,5,17,32,40,43,29,4525058.0,1,Amethyst,5,1436,1
2009-09-30,2,10,15,28,36,41,8,836446.0,3,Sapphire,8,1437,1
2009-10-03,14,21,23,32,36,46,17,2430341.0,2,Topaz,8,1438,1
2009-10-07,26,27,28,43,45,46,5,1434182.0,2,Amethyst,8,1439,1
2009-10-10,17,36,37,40,43,45,34,2610240.0,2,Sapphire,5,1440,1
2009-10-14,5,11,24,32,35,42,20,595593.0,4,Topaz,7,1441,1
2009-10-17,11,25,27,32,37,43,3,4556769.0,1,Topaz,6,1442,1
2009-10-21,6,12,16,19,33,44,20,2059106.0,1,Topaz,7,1443,1
2009-10-24,5,9,12,31,32,38,3,4110646.0,0,Sapphire,8,1444,1
2009-10-28,24,25,34,38,41,43,11,7354212.0,0,Sapphire,1,1445,1
2009-10-31,12,18,26,35,40,44,49,3204588.0,4,Topaz,2,1446,1
2009-11-04,1,2,23,39,42,49,5,2681258.0,0,Sapphire,4,1447,1
2009-11-07,19,21,39,44,45,49,47,8047337.0,0,Topaz,1,1448,1
2009-11-11,4,6,12,31,38,48,29,5725012.0,2,Topaz,3,1449,1
2009-11-14,1,5,9,20,23,39,38,844570.0,5,Topaz,2,1450,1
2009-11-18,1,4,12,13,18,19,38,2076538.0,1,Topaz,4,1451,1
2009-11-21,9,24,30,32,36,40,35,4883733.0,0,Arthur,2,1452,1
2009-11-25,3,6,11,17,23,29,44,850513.0,8,Arthur,1,1453,1
2009-11-28,3,4,27,30,36,47,8,4680451.0,0,Arthur,4,1454,1
2009-12-02,2,19,22,25,34,47,28,3786303.0,2,Guinevere,1,1455,1
2009-12-05,8,20,36,43,45,49,12,2625215.0,2,Guinevere,2,1456,1
2009-12-09,5,13,31,36,40,41,6,1408235.0,2,Guinevere,4,1457,1
2009-12-12,3,13,22,23,39,45,4,2166793.0,2,Guinevere,3,1458,1
2009-12-16,2,20,34,35,40,44,49,2900560.0,1,Arthur,3,1459,1
2009-12-19,1,20,28,33,40,45,35,2507394.0,2,Arthur,2,1460,1
2009-12-23,15,18,26,32,36,37,22,2868480.0,0,Arthur,3,1461,1
2009-12-26,2,8,23,25,36,42,30,6985669.0,0,Guinevere,1,1462,1
2009-12-30,5,14,27,29,34,35,4,10257210.0,1,Arthur,4,1463,1
2010-01-02,26,29,30,42,43,47,18,2581567.0,2,Arthur,3,1464,1
2010-01-06,4,16,18,43,45,49,23,2563777.0,0,Arthur,1,1465,1
2010-01-09,20,24,33,34,37,48,25,3913487.0,2,Guinevere,4,1466,1
2010-01-13,6,8,14,16,21,43,19,2303805.0,0,Guinevere,1,1467,1
2010-01-16,4,7,10,14,27,42,25,1182714.0,5,Guinevere,3,1468,1
2010-01-20,2,16,17,18,27,28,43,2257533.0,0,Guinevere,2,1469,1
2010-01-23,3,7,8,16,19,30,9,1996431.0,3,Guinevere,4,1470,1
2010-01-27,1,4,7,11,13,27,12,264490.0,5,Arthur,2,1471,1
2010-01-30,2,3,4,19,23,40,22,2122675.0,2,Guinevere,5,1472,1
2010-02-03,3,11,12,20,21,28,31,1942838.0,1,Arthur,6,1473,1
2010-02-06,3,12,15,17,22,29,5,733644.0,5,Guinevere,7,1474,1
2010-02-10,5,7,15,37,42,44,3,1178108.0,2,Guinevere,8,1475,1
2010-02-13,16,22,24,30,39,44,9,4779389.0,1,Arthur,5,1476,1
2010-02-17,3,22,27,31,38,49,45,2566661.0,1,Guinevere,6,1477,1
2010-02-20,8,24,27,31,34,36,19,4856214.0,1,Arthur,8,1478,1
2010-02-24,3,11,18,23,38,49,34,739121.0,3,Guinevere,5,1479,1
2010-02-27,7,14,17,42,44,45,47,4310939.0,1,Guinevere,6,1480,1
2010-03-03,18,27,32,35,44,47,23,2683247.0,0,Guinevere,1,1481,1
2010-03-06,6,13,27,28,34,42,43,1822869.0,4,Guinevere,2,1482,1
2010-03-10,1,6,13,23,29,34,37,2348612.0,1,Guinevere,4,1483,1
2010-03-13,23,25,28,33,44,49,46,2302668.0,2,Arthur,3,1484,1
2010-03-17,16,30,34,37,41,42,5,2969627.0,1,Guinevere,1,1485,1
2010-03-20,5,11,13,18,25,46,26,791583.0,5,Guinevere,3,1486,1
2010-03-24,3,5,23,28,42,49,41,555879.0,4,Guinevere,4,1487,1
2010-03-27,6,11,15,32,38,42,24,1524177.0,3,Guinevere,2,1488,1
2010-03-31,14,18,29,38,43,44,13,1298472.0,2,Guinevere,3,1489,1
2010-04-03,8,9,19,28,31,37,45,4194487.0,0,Guinevere,2,1490,1
2010-04-07,8,11,20,33,43,47,49,7058491.0,0,Guinevere,1,1491,1
2010-04-10,6,9,11,21,40,48,27,12084100.0,0,Guinevere,4,1492,1
2010-04-14,2,6,8,23,44,46,37,4130980.0,4,Guinevere,2,1493,1
2010-04-17,3,10,29,31,36,44,45,4460495.0,1,Arthur,3,1494,1
2010-04-21,2,10,16,19,33,45,30,1238144.0,2,Arthur,1,1495,1
2010-04-24,1,4,12,23,33,40,35,880156.0,5,Guinevere,4,1496,1
2010-04-28,5,11,19,23,38,46,34,732478.0,3,Arthur,2,1497,1
2010-05-01,6,15,28,29,30,47,19,4599128.0,1,Guinevere,3,1498,1
2010-05-05,3,6,8,10,36,47,2,2262014.0,0,Arthur,1,1499,1
2010-05-08,1,26,28,32,46,48,10,7599457.0,0,Arthur,5,1500,1
2010-05-12,11,17,19,40,44,45,16,5505450.0,2,Merlin,4,1501,1
2010-05-15,1,4,24,26,27,48,28,1482515.0,3,Merlin,7,1502,1
2010-05-19,15,23,24,34,36,47,44,1398697.0,2,Merlin,8,1503,1
2010-05-22,1,4,16,37,47,49,27,4734000.0,1,Lancelot,6,1504,1
2010-05-26,2,4,5,19,20,27,21,624631.0,3,Lancelot,5,1505,1
2010-05-29,2,17,36,39,42,48,41,1197899.0,4,Merlin,7,1506,1
2010-06-02,2,12,17,25,33,39,1,2293007.0,1,Merlin,6,1507,1
2010-06-05,5,22,23,24,26,29,31,4130129.0,0,Merlin,5,1508,1
2010-06-09,14,26,33,45,46,49,30,3687356.0,2,Merlin,8,1509,1
2010-06-12,1,16,17,19,33,34,9,2347348.0,2,Lancelot,6,1510,1
2010-06-16,4,8,32,34,40,47,16,2699515.0,0,Lancelot,5,1511,1
2010-06-19,34,37,39,41,42,47,45,2033705.0,4,Merlin,7,1512,1
2010-06-23,5,9,13,17,22,27,30,225732.0,7,Lancelot,6,1513,1
2010-06-26,18,26,33,35,37,47,3,954934.0,5,Merlin,7,1514,1
2010-06-30,6,18,20,25,35,36,31,2549073.0,0,Lancelot,5,1515,1
2010-07-03,8,31,37,43,44,48,14,1519859.0,5,Lancelot,6,1516,1
2010-07-07,23,29,34,36,41,45,22,2821228.0,0,Lancelot,8,1517,1
2010-07-10,3,5,30,31,38,47,37,3741122.0,2,Merlin,8,1518,1
2010-07-14,1,15,25,26,40,43,16,2692875.0,0,Merlin,7,1519,1
2010-07-17,15,28,32,43,44,45,20,7706631.0,1,Merlin,1,1520,1
2010-07-21,8,16,25,27,28,34,32,2276700.0,0,Merlin,2,1521,1
2010-07-24,24,26,33,35,43,44,27,2430706.0,3,Merlin,3,1522,1
2010-07-28,1,11,33,37,42,43,19,2667504.0,0,Merlin,1,1523,1
2010-07-31,10,24,30,33,40,45,16,7682849.0,0,Merlin,4,1524,1
2010-08-04,14,17,22,24,38,43,21,11178334.0,1,Lancelot,3,1525,1
2010-08-07,13,16,22,25,31,39,7,1117779.0,4,Lancelot,2,1526,1
2010-08-11,4,21,25,27,31,34,45,2490450.0,1,Merlin,4,1527,1
2010-08-14,5,13,17,31,42,46,4,1460850.0,3,Merlin,3,1528,1
2010-08-18,2,13,16,24,25,40,18,1224476.0,2,Lancelot,2,1529,1
2010-08-21,8,15,19,26,33,36,1,1085101.0,4,Lancelot,1,1530,1
2010-08-25,5,10,12,17,28,30,47,432892.0,4,Lancelot,4,1531,1
2010-08-28,3,17,32,35,43,49,27,2350543.0,2,Merlin,3,1532,1
2010-09-01,7,20,21,27,28,41,4,2259186.0,1,Lancelot,4,1533,1
2010-09-04,16,19,26,27,41,47,34,4663612.0,1,Merlin,2,1534,1
2010-09-08,8,10,26,34,48,49,6,2606914.0,1,Merlin,1,1535,1
2010-09-11,4,20,21,35,39,40,28,2497823.0,2,Lancelot,3,1536,1
2010-09-15,2,20,33,40,43,46,14,2851121.0,0,Lancelot,4,1537,1
2010-09-18,4,5,16,17,20,32,3,2433943.0,3,Merlin,2,1538,1
2010-09-22,9,12,27,29,41,47,19,2330858.0,0,Lancelot,1,1539,1
2010-09-25,19,22,30,33,35,39,5,7430054.0,0,Lancelot,5,1540,1
2010-09-29,21,25,29,32,38,44,14,2736174.0,4,Merlin,7,1541,1
2010-10-02,10,16,25,26,32,40,46,772211.0,6,Merlin,6,1542,1
2010-10-06,9,17,18,23,30,35,14,2255769.0,1,Lancelot,8,1543,1
2010-10-09,5,11,19,29,33,35,46,791412.0,5,Merlin,6,1544,1
2010-10-13,18,19,24,26,27,44,8,1151496.0,2,Lancelot,5,1545,1
2010-10-16,6,30,34,38,45,48,32,5129232.0,0,Merlin,8,1546,1
2010-10-20,14,30,31,36,44,47,26,8316090.0,0,Lancelot,6,1547,1
2010-10-23,2,3,14,29,35,42,12,6722094.0,2,Lancelot,7,1548,1
2010-10-27,3,5,11,16,41,48,32,2373619.0,0,Lancelot,8,1549,1
2010-10-30,2,22,32,33,37,45,11,7571342.0,0,Lancelot,5,1550,1
2010-11-03,13,21,28,37,39,45,6,11220394.0,0,Merlin,7,1551,1
2010-11-06,12,22,30,31,34,39,36,4425001.0,4,Lancelot,6,1552,1
2010-11-10,15,26,30,35,40,41,34,2956532.0,1,Lancelot,8,1553,1
2010-11-13,5,11,29,31,35,39,45,2278395.0,2,Lancelot,5,1554,1
2010-11-17,3,6,27,29,33,41,8,2347103.0,1,Lancelot,7,1555,1
2010-11-20,6,7,8,17,27,46,29,3942218.0,1,Merlin,5,1556,1
2010-11-24,11,30,38,45,46,49,37,2844618.0,0,Lancelot,6,1557,1
2010-11-27,4,10,18,41,42,47,8,7808023.0,0,Lancelot,8,1558,1
2010-12-01,20,21,22,24,27,34,29,5629964.0,2,Merlin,7,1559,1
2010-12-04,4,15,19,44,45,49,11,4581890.0,1,Merlin,1,1560,1
2010-12-08,14,16,23,24,25,43,48,2446436.0,1,Merlin,3,1561,1
2010-12-11,11,15,24,33,43,49,27,927429.0,5,Arthur,2,1562,1
2010-12-15,6,9,31,33,40,45,41,2584233.0,1,Arthur,4,1563,1
2010-12-18,9,21,35,38,46,49,40,956813.0,5,Guinevere,1,1564,1
2010-12-22,7,13,33,37,48,49,20,2509238.0,0,Arthur,2,1565,1
2010-12-25,13,15,22,25,33,34,17,3581481.0,2,Arthur,2,1566,1
2010-12-29,2,3,16,26,34,39,49,2606354.0,0,Arthur,3,1567,1
2011-01-01,4,9,33,34,36,45,26,7290256.0,1,Guinevere,4,1568,1
2011-01-05,4,10,35,36,43,46,6,2802899.0,0,Arthur,3,1569,1
2011-01-08,13,14,32,35,41,47,46,4085040.0,2,Guinevere,4,1570,1
2011-01-12,11,12,17,19,24,47,37,2139611.0,0,Guinevere,3,1571,1
2011-01-15,7,8,21,24,33,34,2,6763528.0,0,Arthur,2,1572,1
2011-01-19,9,18,34,41,42,43,33,5270753.0,2,Arthur,1,1573,1
2011-01-22,4,14,18,24,41,44,25,1489244.0,3,Guinevere,4,1574,1
2011-01-26,14,17,20,43,47,49,31,2859843.0,1,Arthur,1,1575,1
2011-01-29,5,20,25,30,36,47,15,1581582.0,3,Arthur,2,1576,1
2011-02-02,2,17,20,42,46,48,44,2799911.0,0,Guinevere,4,1577,1
2011-02-05,33,34,37,40,41,47,5,4197764.0,2,Arthur,1,1578,1
2011-02-09,2,6,8,9,36,39,29,1179870.0,2,Arthur,3,1579,1
2011-02-12,16,24,27,28,30,36,35,4568535.0,1,Arthur,5,1580,1
2011-02-16,5,11,15,26,29,32,49,2191147.0,1,Guinevere,7,1581,1
2011-02-19,6,16,26,32,34,46,33,4830524.0,0,Arthur,8,1582,1
2011-02-23,1,8,15,21,31,39,32,3825042.0,2,Guinevere,8,1583,1
2011-02-26,6,8,20,29,34,36,43,4748375.0,0,Guinevere,6,1584,1
2011-03-02,1,25,27,41,46,49,4,7946386.0,0,Guinevere,6,1585,1
2011-03-05,4,13,23,29,41,43,49,13124951.0,0,Arthur,5,1586,1
2011-03-09,9,11,37,40,41,49,33,17799986.0,1,Arthur,5,1587,1
2011-03-12,7,17,19,29,30,38,40,4135122.0,0,Arthur,8,1588,1
2011-03-16,2,15,16,18,47,48,21,3621561.0,2,Guinevere,7,1589,1
2011-03-19,10,26,28,34,35,39,17,2507239.0,2,Arthur,7,1590,1
2011-03-23,6,18,23,26,32,44,34,776530.0,3,Arthur,6,1591,1
2011-03-26,2,9,16,21,31,44,38,988373.0,4,Guinevere,6,1592,1
2011-03-30,10,16,17,21,39,41,47,1343432.0,2,Guinevere,7,1593,1
2011-04-02,12,14,32,44,48,49,25,2388987.0,2,Arthur,8,1594,1
2011-04-06,7,11,13,14,38,41,45,2305420.0,0,Guinevere,5,1595,1
2011-04-09,6,8,17,21,39,47,22,6741884.0,0,Guinevere,7,1596,1
2011-04-13,1,14,25,33,34,43,15,10234334.0,0,Guinevere,6,1597,1
2011-04-16,4,34,40,41,44,49,46,4091609.0,4,Arthur,8,1598,1
2011-04-20,3,5,8,9,18,44,42,543813.0,3,Guinevere,1,1599,1
2011-04-23,5,6,18,36,44,49,10,4294585.0,0,Arthur,2,1600,1
2011-04-27,6,15,27,32,37,44,3,7109502.0,1,Guinevere,5,1601,1
2011-04-30,1,6,12,29,36,44,21,1339367.0,3,Guinevere,1,1602,1
2011-05-04,2,3,7,17,21,32,1,1835507.0,1,Arthur,1,1603,1
2011-05-07,17,18,24,29,35,48,3,4607457.0,1,Guinevere,1,1604,1
2011-05-11,17,30,33,34,38,48,9,2712999.0,0,Guinevere,1,1605,1
2011-05-14,8,18,27,28,46,48,44,7227108.0,1,Arthur,4,1606,1
2011-05-18,6,15,20,36,38,42,4,1289019.0,2,Guinevere,4,1607,1
2011-05-21,4,17,23,24,30,35,5,4094077.0,1,Guinevere,4,1608,1
2011-05-25,7,8,17,30,46,48,34,2384748.0,1,Arthur,3,1609,1
2011-05-28,2,3,17,23,40,43,31,2062518.0,2,Arthur,3,1610,1
2011-06-01,2,7,9,18,38,45,42,1000055.0,2,Arthur,2,1611,1
2011-06-04,7,21,25,32,43,44,27,1310956.0,3,Guinevere,3,1612,1
2011-06-08,3,19,36,40,43,48,21,2557034.0,1,Arthur,3,1613,1
2011-06-11,9,11,35,37,40,45,26,1158038.0,4,Guinevere,2,1614,1
2011-06-15,9,25,29,32,37,38,28,2445432.0,0,Guinevere,2,1615,1
2011-06-18,3,8,10,35,38,39,31,3530707.0,2,Guinevere,2,1616,1
2011-06-22,16,22,23,36,45,48,19,2515874.0,1,Guinevere,4,1617,1
2011-06-25,5,9,15,30,32,39,31,1357714.0,3,Guinevere,4,1618,1
2011-06-29,5,6,13,21,31,47,30,2054265.0,0,Arthur,5,1619,1
2011-07-02,10,18,34,35,39,48,6,3497114.0,2,Guinevere,6,1620,1
2011-07-06,26,32,34,35,41,48,1,2692183.0,0,Guinevere,3,1621,1
2011-07-09,1,2,21,24,33,49,39,2405435.0,3,Arthur,7,1622,1
2011-07-13,7,11,15,18,19,49,25,1826971.0,0,Arthur,8,1623,1
2011-07-16,4,9,13,15,18,40,30,5917907.0,1,Guinevere,7,1624,1
2011-07-20,6,10,15,32,42,49,4,1222509.0,2,Arthur,8,1625,1
2011-07-23,1,2,11,30,33,45,39,4305528.0,1,Arthur,7,1626,1
2011-07-27,4,16,22,34,39,42,35,1210065.0,2,Arthur,6,1627,1
2011-07-30,4,10,29,32,34,40,48,2275454.0,2,Guinevere,5,1628,1
2011-08-03,18,19,26,39,40,47,4,2577090.0,1,Guinevere,5,1629,1
2011-08-06,1,14,18,24,26,28,19,1292403.0,3,Arthur,5,1630,1
2011-08-10,2,4,7,27,43,44,45,612749.0,3,Arthur,8,1631,1
2011-08-13,5,30,31,33,35,45,3,1134307.0,4,Arthur,8,1632,1
2011-08-17,3,19,32,40,47,48,37,2491661.0,0,Guinevere,6,1633,1
2011-08-20,2,3,18,30,34,35,24,7876249.0,0,Arthur,7,1634,1
2011-08-24,11,27,46,47,48,49,42,3677789.0,3,Arthur,7,1635,1
2011-08-27,6,7,29,32,41,46,49,4541294.0,0,Guinevere,6,1636,1
2011-08-31,5,26,43,46,47,49,28,3713908.0,2,Guinevere,6,1637,1
2011-09-03,4,17,20,26,29,36,31,4172628.0,0,Arthur,5,1638,1
2011-09-07,4,29,31,36,38,48,35,7063265.0,1,Guinevere,1,1639,1
2011-09-10,5,7,9,10,22,47,37,3229908.0,1,Guinevere,8,1640,1
2011-09-14,23,28,29,37,38,42,49,2496220.0,0,Arthur,1,1641,1
2011-09-17,2,3,6,41,44,45,10,7124909.0,0,Guinevere,3,1642,1
2011-09-21,11,15,32,33,37,39,28,10384518.0,1,Guinevere,4,1643,1
2011-09-24,10,16,29,34,37,47,31,4571277.0,1,Guinevere,3,1644,1
2011-09-28,15,19,25,36,44,45,43,2380765.0,0,Guinevere,4,1645,1
2011-10-01,4,15,17,26,37,41,29,6873588.0,1,Guinevere,2,1646,1
2011-10-05,9,15,17,29,30,39,11,2148724.0,0,Guinevere,2,1647,1
2011-10-08,6,16,22,26,30,34,45,6335149.0,0,Arthur,2,1648,1
2011-10-12,13,24,25,26,37,40,30,9608165.0,0,Arthur,3,1649,1
2011-10-15,7,12,27,34,41,46,14,2932661.0,5,Arthur,2,1650,1
2011-10-19,13,14,18,32,34,49,20,2628379.0,1,Guinevere,3,1651,1
2011-10-22,20,27,28,34,43,44,1,4639087.0,1,Arthur,4,1652,1
2011-10-26,4,23,34,38,39,41,27,2598975.0,1,Guinevere,4,1653,1
2011-10-29,5,9,14,28,46,49,45,499682.0,8,Guinevere,1,1654,1
2011-11-02,11,12,33,37,38,49,3,1248208.0,2,Guinevere,2,1655,1
2011-11-05,14,16,23,24,27,39,43,2500000.0,4,Lancelot,8,1656,1
2011-11-09,2,8,10,23,27,32,44,1832631.0,1,Guinevere,1,1657,1
2011-11-12,6,12,13,28,33,38,10,1963927.0,2,Arthur,4,1658,1
2011-11-16,10,12,26,27,39,40,20,2347516.0,0,Guinevere,1,1659,1
2011-11-19,1,29,31,32,34,36,45,3667991.0,2,Arthur,3,1660,1
2011-11-23,4,11,19,22,31,48,6,1896961.0,1,Merlin,5,1661,1
2011-11-26,13,16,25,26,36,46,15,4459976.0,1,Merlin,6,1662,1
2011-11-30,13,23,24,25,26,30,4,2163127.0,0,Merlin,7,1663,1
2011-12-03,1,30,35,47,48,49,8,7140945.0,0,Merlin,8,1664,1
2011-12-07,10,14,27,31,32,47,41,10064790.0,0,Merlin,5,1665,1
2011-12-10,16,21,24,29,30,39,20,7596370.0,2,Lancelot,6,1666,1
2011-12-14,3,10,25,28,30,43,31,1992348.0,1,Merlin,8,1667,1
2011-12-17,1,22,35,39,42,48,12,4672310.0,1,Merlin,5,1668,1
2011-12-21,7,28,30,34,38,45,6,2438954.0,0,Merlin,5,1669,1
2011-12-24,1,15,23,32,36,43,19,3823121.0,2,Lancelot,7,1670,1
2011-12-28,8,11,13,17,48,49,19,2152447.0,1,Lancelot,6,1671,1
2011-12-31,7,11,37,38,42,44,2,1346840.0,3,Lancelot,7,1672,1
2012-01-04,9,26,28,30,42,43,2,2307004.0,0,Merlin,8,1673,1
2012-01-07,8,14,15,17,20,47,38,6771863.0,1,Merlin,7,1674,1
2012-01-11,2,9,27,33,39,40,45,2243105.0,1,Lancelot,6,1675,1
2012-01-14,7,10,12,15,25,42,33,1131438.0,3,Lancelot,7,1676,1
2012-01-18,9,22,31,34,35,43,20,2463224.0,1,Merlin,6,1677,1
2012-01-21,5,17,32,39,42,49,19,4404007.0,1,Merlin,5,1678,1
2012-01-25,2,8,26,30,39,45,46,1186304.0,2,Merlin,1,1679,1
2012-01-28,10,12,25,28,31,40,1,660803.0,6,Lancelot,2,1680,1
2012-02-01,7,17,21,22,38,39,3,2194776.0,1,Lancelot,2,1681,1
2012-02-04,4,7,40,41,45,48,46,4677996.0,0,Merlin,2,1682,1
2012-02-08,7,13,16,31,36,44,26,2362887.0,3,Lancelot,8,1683,1
2012-02-11,1,23,24,31,45,49,6,4520123.0,1,Lancelot,3,1684,1
2012-02-15,9,28,30,33,40,44,16,1180119.0,2,Merlin,3,1685,1
2012-02-18,2,19,22,30,33,41,24,2147797.0,2,Lancelot,4,1686,1
2012-02-22,7,12,15,35,43,49,8,775426.0,3,Merlin,4,1687,1
2012-02-25,7,25,26,27,29,32,33,3990174.0,0,Lancelot,1,1688,1
2012-02-29,13,14,29,41,46,49,43,3507769.0,2,Lancelot,3,1689,1
2012-03-03,7,20,23,28,31,40,42,1373420.0,3,Merlin,4,1690,1
2012-03-07,2,8,11,28,35,44,17,651438.0,3,Merlin,3,1691,1
2012-03-10,1,3,12,23,37,43,33,658905.0,6,Merlin,1,1692,1
2012-03-14,14,15,18,26,31,36,48,2420581.0,0,Merlin,4,1693,1
2012-03-17,1,3,16,20,37,40,15,7104574.0,1,Merlin,2,1694,1
2012-03-21,10,14,21,25,39,45,40,1199306.0,2,Merlin,1,1695,1
2012-03-24,6,24,27,31,39,45,32,1077327.0,4,Lancelot,4,1696,1
2012-03-28,3,8,16,22,38,39,26,2207374.0,1,Merlin,3,1697,1
2012-03-31,2,5,18,40,47,49,19,4449039.0,1,Merlin,1,1698,1
2012-04-04,9,23,26,33,40,44,31,2246062.0,0,Merlin,2,1699,1
2012-04-07,12,16,23,25,31,42,18,2117426.0,3,Lancelot,6,1700,1
2012-04-11,20,27,33,41,44,46,12,2552870.0,0,Merlin,8,1701,1
2012-04-14,1,5,15,22,26,42,40,1645545.0,4,Lancelot,5,1702,1
2012-04-18,7,8,16,22,24,28,48,428045.0,4,Arthur,8,1703,1
2012-04-21,10,23,25,34,41,47,30,4525291.0,0,Arthur,7,1704,1
2012-04-25,8,13,18,21,40,44,42,3510603.0,2,Arthur,6,1705,1
2012-04-28,1,3,9,23,37,46,6,1974752.0,2,Arthur,7,1706,1
2012-05-02,18,22,25,35,39,41,31,856640.0,3,Lancelot,7,1707,1
2012-05-05,4,13,17,26,27,40,36,965475.0,4,Arthur,8,1708,1
2012-05-09,2,7,8,10,22,23,46,290257.0,5,Lancelot,6,1709,1
2012-05-12,1,5,18,21,23,33,20,3634865.0,1,Lancelot,5,1710,1
2012-05-16,5,6,21,41,48,49,37,2419128.0,0,Lancelot,7,1711,1
2012-05-19,1,19,39,40,42,46,22,7339166.0,0,Lancelot,8,1712,1
2012-05-23,3,4,18,24,44,49,17,9985801.0,0,Guinevere,5,1713,1
2012-05-26,2,6,7,15,25,44,45,3476407.0,4,Guinevere,5,1714,1
2012-05-30,7,14,25,33,45,48,11,563449.0,4,Lancelot,5,1715,1
2012-06-02,16,18,20,25,29,34,15,4392003.0,1,Guinevere,6,1716,1
2012-06-06,9,17,20,27,37,41,3,2183604.0,0,Guinevere,8,1717,1
2012-06-09,5,14,24,26,37,44,30,2102992.0,3,Guinevere,7,1718,1
2012-06-13,12,25,29,34,45,47,16,1225258.0,2,Lancelot,1,1719,1
2012-06-16,3,19,21,37,40,49,35,4324677.0,1,Guinevere,2,1720,1
2012-06-20,6,10,12,30,36,49,4,2071920.0,1,Lancelot,2,1721,1
2012-06-23,3,25,28,30,39,45,5,2108457.0,2,Guinevere,3,1722,1
2012-06-27,10,22,29,39,46,47,9,2510695.0,0,Guinevere,4,1723,1
2012-06-30,1,18,19,24,30,38,41,1352859.0,5,Guinevere,6,1724,1
2012-07-04,3,9,14,19,34,38,36,1035911.0,2,Guinevere,3,1725,1
2012-07-07,5,22,23,30,33,45,6,1325279.0,3,Guinevere,4,1726,1
2012-07-11,12,19,28,29,38,49,30,2188570.0,0,Guinevere,1,1727,1
2012-07-14,13,27,29,42,43,46,28,6718078.0,0,Guinevere,4,1728,1
2012-07-18,11,26,34,38,40,46,7,9659686.0,1,Guinevere,4,1729,1
2012-07-21,5,14,20,40,41,42,8,4522902.0,1,Lancelot,2,1730,1
2012-07-25,8,14,15,22,41,48,43,2285782.0,1,Lancelot,3,1731,1
2012-07-28,7,10,22,29,43,44,26,1194994.0,3,Guinevere,1,1732,1
2012-08-01,13,20,24,27,33,39,6,2306611.0,1,Guinevere,3,1733,1
2012-08-04,8,10,15,21,23,45,43,3655858.0,1,Guinevere,2,1734,1
2012-08-08,6,14,19,22,30,36,23,2010654.0,1,Lancelot,4,1735,1
2012-08-11,1,5,14,18,34,44,23,761937.0,5,Guinevere,3,1736,1
2012-08-15,10,14,35,36,37,46,43,2605567.0,1,Lancelot,1,1737,1
2012-08-18,21,27,38,42,44,46,41,2159664.0,2,Lancelot,6,1738,1
2012-08-22,3,11,23,28,30,48,29,1841774.0,0,Guinevere,8,1739,1
2012-08-25,12,18,23,31,44,48,40,5893133.0,0,Guinevere,5,1740,1
2012-08-29,4,7,12,28,32,37,14,8255522.0,1,Lancelot,7,1741,1
2012-09-01,15,30,36,39,41,49,2,968272.0,5,Lancelot,6,1742,1
2012-09-05,17,22,26,27,39,41,43,2398291.0,0,Lancelot,5,1743,1
2012-09-08,8,15,21,26,28,32,29,6392389.0,1,Guinevere,7,1744,1
2012-09-12,14,16,21,22,24,41,32,1177668.0,2,Lancelot,6,1745,1
2012-09-15,14,18,19,35,44,45,33,4410033.0,0,Lancelot,5,1746,1
2012-09-19,5,14,19,23,33,48,40,6710762.0,0,Lancelot,8,1747,1
2012-09-22,10,13,29,31,36,45,44,11454323.0,0,Guinevere,7,1748,1
2012-09-26,6,8,11,39,40,43,22,14710616.0,0,Lancelot,6,1749,1
2012-09-29,1,6,7,8,25,42,39,3909990.0,5,Guinevere,5,1750,1
2012-10-03,3,9,11,29,45,46,19,514770.0,4,Lancelot,7,1751,1
2012-10-06,1,11,16,18,27,42,4,3788635.0,1,Lancelot,8,1752,1
2012-10-10,15,19,23,29,30,46,2,2288933.0,0,Guinevere,8,1753,1
2012-10-13,14,26,30,32,36,48,15,7105939.0,1,Lancelot,6,1754,1
2012-10-17,4,7,19,21,39,49,26,1952964.0,1,Lancelot,8,1755,1
2012-10-20,9,10,24,37,39,40,36,4467060.0,1,Guinevere,7,1756,1
2012-10-24,1,10,19,36,47,48,11,1187959.0,2,Guinevere,1,1757,1
2012-10-27,7,14,20,30,33,46,27,2101359.0,2,Guinevere,3,1758,1
2012-10-31,7,30,32,36,40,41,45,2542927.0,0,Lancelot,2,1759,1
2012-11-03,5,7,9,17,20,45,10,6101238.0,0,Guinevere,4,1760,1
2012-11-07,14,19,35,36,40,45,48,4662120.0,2,Lancelot,4,1761,1
2012-11-10,10,23,24,25,30,37,45,4093058.0,0,Guinevere,3,1762,1
2012-11-14,14,15,17,29,30,33,37,6692418.0,1,Lancelot,1,1763,1
2012-11-17,17,19,20,21,25,26,14,2068178.0,2,Guinevere,2,1764,1
2012-11-21,4,12,19,22,36,40,44,2088780.0,0,Guinevere,4,1765,1
2012-11-24,2,4,27,34,39,44,37,3145798.0,2,Lancelot,1,1766,1
2012-11-28,14,28,37,38,45,48,18,2480160.0,0,Guinevere,1,1767,1
2012-12-01,5,27,31,32,38,49,1,6992667.0,1,Guinevere,3,1768,1
2012-12-05,3,4,14,31,48,49,45,2302974.0,0,Lancelot,2,1769,1
2012-12-08,29,33,35,36,45,48,27,3558547.0,2,Merlin,2,1770,1
2012-12-12,9,15,18,33,38,44,16,1050547.0,2,Guinevere,1,1771,1
2012-12-15,6,19,22,23,28,29,18,1156074.0,3,Guinevere,4,1772,1
2012-12-19,4,26,33,41,48,49,19,2449143.0,1,Guinevere,2,1773,1
2012-12-22,4,14,28,34,43,44,13,4093125.0,0,Lancelot,4,1774,1
2012-12-26,3,11,17,39,47,49,34,6356273.0,1,Lancelot,6,1775,1
2012-12-29,6,8,31,37,40,48,36,2147580.0,2,Guinevere,5,1776,1
2013-01-02,7,9,20,21,30,37,42,1975253.0,0,Merlin,7,1777,1
2013-01-05,10,15,17,21,37,47,2,6277131.0,1,Arthur,5,1778,1
2013-01-09,5,21,24,25,39,48,32,3012326.0,1,Merlin,6,1779,1
2013-01-12,3,7,11,12,24,27,13,278365.0,8,Arthur,8,1780,1
2013-01-16,5,12,13,35,38,47,45,1135578.0,2,Merlin,3,1781,1
2013-01-19,5,9,13,16,35,39,11,1889602.0,2,Arthur,7,1782,1
2013-01-23,6,10,14,24,32,41,29,706124.0,3,Merlin,8,1783,1
2013-01-26,2,6,21,29,34,47,11,1314707.0,3,Arthur,5,1784,1
2013-01-30,9,10,24,43,47,48,5,2329071.0,0,Arthur,5,1785,1
2013-02-02,2,12,13,14,21,30,39,3017471.0,2,Arthur,7,1786,1
2013-02-06,9,10,16,18,27,42,43,1784099.0,0,Arthur,6,1787,1
2013-02-09,8,10,27,34,40,41,48,3094304.0,2,Merlin,7,1788,1
2013-02-13,6,14,20,23,29,49,48,2054233.0,1,Merlin,8,1789,1
2013-02-16,7,20,27,39,46,48,49,2116856.0,2,Arthur,6,1790,1
2013-02-20,3,6,36,44,45,48,47,2208226.0,0,Merlin,8,1791,1
2013-02-23,2,16,25,30,31,32,36,6299421.0,1,Merlin,5,1792,1
2013-02-27,2,14,20,23,24,30,22,980355.0,2,Merlin,6,1793,1
2013-03-02,6,9,23,31,35,48,11,3827721.0,1,Merlin,8,1794,1
2013-03-06,3,9,14,38,42,47,19,2083686.0,0,Arthur,4,1795,1
2013-03-09,12,19,25,36,44,46,18,3083088.0,2,Arthur,7,1796,1
2013-03-13,6,8,21,23,41,46,5,2152226.0,0,Merlin,1,1797,1
2013-03-16,1,11,12,27,48,49,19,1204563.0,5,Arthur,2,1798,1
2013-03-20,4,11,14,27,43,46,42,998951.0,2,Merlin,3,1799,1
2013-03-23,3,14,16,19,37,44,31,1826627.0,2,Arthur,1,1800,1
2013-03-27,8,10,22,24,37,44,2,640775.0,3,Merlin,3,1801,1
2013-03-30,8,15,24,40,43,45,33,4293105.0,1,Arthur,2,1802,1
2013-04-03,5,11,21,32,42,48,28,506128.0,4,Arthur,2,1803,1
2013-04-06,11,21,22,41,47,48,36,4217690.0,1,Arthur,2,1804,1
2013-04-10,3,16,27,33,36,42,12,2023093.0,0,Merlin,1,1805,1
2013-04-13,3,13,23,27,41,49,6,1437220.0,4,Merlin,4,1806,1
2013-04-17,12,14,16,18,20,33,35,1057774.0,2,Arthur,4,1807,1
2013-04-20,8,34,38,42,44,46,14,4136552.0,1,Merlin,4,1808,1
2013-04-24,9,11,16,17,18,38,47,1842395.0,0,Arthur,3,1809,1
2013-04-27,1,13,25,39,41,44,26,2049325.0,3,Arthur,4,1810,1
2013-05-01,7,8,11,12,39,42,2,887593.0,2,Merlin,3,1811,1
2013-05-04,11,12,22,27,40,44,37,875964.0,4,Arthur,2,1812,1
2013-05-08,12,15,20,31,33,40,38,2201873.0,0,Merlin,1,1813,1
2013-05-11,9,12,24,25,26,43,3,5880153.0,0,Merlin,4,1814,1
2013-05-15,4,5,6,20,30,35,34,4189839.0,2,Arthur,1,1815,1
2013-05-18,3,5,24,31,48,49,15,1876655.0,2,Arthur,5,1816,1
2013-05-22,10,23,35,39,45,46,1,2351406.0,1,Merlin,3,1817,1
2013-05-25,5,6,26,30,33,40,43,3801731.0,0,Merlin,5,1818,1
2013-05-29,3,5,25,33,34,35,14,6123375.0,1,Merlin,7,1819,1
2013-06-01,11,13,24,32,34,47,9,2021379.0,2,Merlin,6,1820,1
2013-06-05,10,18,35,38,41,43,21,2346087.0,1,Arthur,6,1821,1
2013-06-08,8,9,13,17,41,43,14,3701093.0,1,Arthur,7,1822,1
2013-06-12,2,7,10,15,17,28,24,464681.0,3,Arthur,5,1823,1
2013-06-15,3,4,16,20,33,44,27,1193270.0,3,Arthur,6,1824,1
2013-06-19,6,9,13,35,36,47,31,2084619.0,1,Merlin,8,1825,1
2013-06-22,8,24,26,28,36,43,34,3806512.0,1,Merlin,8,1826,1
2013-06-26,8,11,29,34,40,41,35,2235126.0,0,Merlin,7,1827,1
2013-06-29,7,13,25,31,34,45,4,6053028.0,1,Merlin,5,1828,1
2013-07-03,15,27,31,40,41,49,1,1187023.0,2,Merlin,8,1829,1
2013-07-06,16,24,27,39,45,49,44,3998105.0,1,Merlin,7,1830,1
2013-07-10,3,9,10,16,20,22,35,385480.0,4,Arthur,6,1831,1
2013-07-13,12,15,24,36,45,49,32,3782812.0,1,Merlin,8,1832,1
2013-07-17,6,24,33,38,42,43,11,2152483.0,0,Arthur,5,1833,1
2013-07-20,1,3,17,19,39,42,31,5819806.0,1,Merlin,6,1834,1
2013-07-24,22,26,30,40,42,47,4,2295211.0,0,Merlin,7,1835,1
2013-07-27,12,13,18,39,43,49,37,6492541.0,1,Merlin,1,1836,1
2013-07-31,10,16,33,38,40,44,32,2148149.0,0,Arthur,2,1837,1
2013-08-03,3,5,9,13,17,37,15,5042671.0,0,Merlin,1,1838,1
2013-08-07,3,16,20,26,28,43,15,7622452.0,0,Merlin,8,1839,1
2013-08-10,14,15,17,26,35,46,18,3105356.0,4,Arthur,3,1840,1
2013-08-14,12,18,38,39,45,49,19,2298119.0,0,Merlin,2,1841,1
2013-08-17,15,25,26,33,34,41,43,6676215.0,1,Merlin,4,1842,1
2013-08-21,3,4,27,29,47,49,23,660840.0,3,Merlin,4,1843,1
2013-08-24,5,20,26,40,42,48,1,4101234.0,0,Merlin,3,1844,1
2013-08-28,1,5,17,19,37,47,11,6252743.0,1,Merlin,1,1845,1
2013-08-31,4,14,15,17,21,31,48,1138746.0,3,Merlin,3,1846,1
2013-09-04,6,7,8,13,24,28,18,1449365.0,1,Merlin,2,1847,1
2013-09-07,1,11,12,13,35,42,5,3676642.0,1,Merlin,2,1848,1
2013-09-11,7,24,27,31,40,41,33,2084895.0,0,Merlin,4,1849,1
2013-09-14,18,20,24,30,39,48,46,6305959.0,0,Merlin,4,1850,1
2013-09-18,2,4,5,17,22,29,14,4122937.0,2,Arthur,3,1851,1
2013-09-21,11,15,36,37,38,45,9,4119018.0,0,Merlin,2,1852,1
2013-09-25,5,7,20,24,30,41,37,2058662.0,3,Merlin,1,1853,1
2013-09-28,10,12,14,25,46,48,31,1888630.0,2,Merlin,3,1854,1
2013-10-02,16,17,21,27,30,37,15,1969122.0,1,Lancelot,1,1855,1
2013-10-05,5,15,17,19,20,47,38,10000000.0,1,Arthur,5,1856,1
2013-10-09,4,11,27,34,36,45,9,1250000.0,2,Lancelot,4,1857,1
2013-10-12,5,12,21,26,33,45,35,10000000.0,1,Lancelot,7,1858,1
2013-10-16,12,15,24,26,31,35,36,2500000.0,0,Guinevere,6,1859,1
2013-10-19,3,12,19,21,29,31,15,1620071.0,3,Lancelot,8,1860,1
2013-10-23,10,18,27,37,41,47,33,2665302.0,1,Lancelot,6,1861,1
2013-10-26,10,14,20,22,45,49,9,5206351.0,1,Guinevere,5,1862,1
2013-10-30,20,23,26,29,34,41,32,2949764.0,0,Lancelot,7,1863,1
2013-11-02,10,28,32,36,37,49,27,7959312.0,1,Guinevere,8,1864,1
2013-11-06,5,6,14,18,29,33,7,2042488.0,1,Lancelot,8,1865,1
2013-11-09,1,2,6,29,32,47,13,4803934.0,1,Lancelot,6,1866,1
2013-11-13,4,6,15,23,36,44,11,1914904.0,0,Guinevere,5,1867,1
2013-11-16,3,19,21,30,41,47,38,2850984.0,2,Lancelot,8,1868,1
2013-11-20,5,11,15,23,35,39,44,1913777.0,0,Lancelot,6,1869,1
2013-11-23,12,16,22,35,38,48,15,6301183.0,1,Guinevere,5,1870,1
2013-11-27,15,19,22,25,42,48,14,2459533.0,0,Guinevere,7,1871,1
2013-11-30,9,16,19,31,36,37,15,6588733.0,0,Lancelot,7,1872,1
2013-12-04,6,12,16,18,21,29,26,1514204.0,5,Lancelot,8,1873,1
2013-12-07,10,12,17,28,30,42,25,1758997.0,2,Guinevere,5,1874,1
2013-12-11,1,8,10,14,18,37,27,1864575.0,0,Guinevere,6,1875,1
2013-12-14,13,21,24,29,35,41,8,6070559.0,0,Guinevere,1,1876,1
2013-12-18,2,7,25,35,40,42,13,7984754.0,1,Lancelot,3,1877,1
2013-12-21,12,18,25,28,33,40,17,4439965.0,0,Guinevere,2,1878,1
2013-12-25,4,8,9,10,21,24,31,6987524.0,0,Guinevere,2,1879,1
2013-12-28,16,24,25,30,34,45,49,10299405.0,0,Lancelot,4,1880,1
2014-01-01,9,12,16,22,26,48,14,11313452.0,0,Guinevere,3,1881,1
2014-01-04,4,11,18,28,41,44,8,13476988.0,0,Lancelot,1,1882,1
2014-01-08,19,23,31,36,45,46,27,3097936.0,0,Lancelot,4,1883,1
2014-01-11,22,23,25,27,28,46,24,7505717.0,1,Guinevere,4,1884,1
2014-01-15,4,11,13,24,32,46,19,2226421.0,1,Lancelot,3,1885,1
2014-01-18,7,12,23,27,30,31,33,541609.0,5,Guinevere,2,1886,1
2014-01-22,2,6,9,18,24,35,19,781952.0,2,Lancelot,1,1887,1
2014-01-25,4,15,21,30,41,49,11,2432730.0,2,Guinevere,4,1888,1
2014-01-29,9,29,37,38,42,46,35,2793464.0,1,Guinevere,2,1889,1
2014-02-01,27,34,35,36,41,48,29,5710291.0,1,Lancelot,3,1890,1
2014-02-05,12,13,28,33,46,49,29,2694454.0,0,Lancelot,1,1891,1
2014-02-08,8,25,27,36,39,44,4,6497209.0,1,Guinevere,1,1892,1
2014-02-12,3,7,20,24,30,39,48,1810601.0,0,Lancelot,2,1893,1
2014-02-15,15,17,19,22,33,40,27,5650135.0,1,Lancelot,3,1894,1
2014-02-19,17,19,35,37,46,48,2,3034430.0,0,Guinevere,4,1895,1
2014-02-22,19,23,34,35,39,49,33,7647028.0,1,Lancelot,5,1896,1
2014-02-26,3,10,11,24,25,35,43,1621069.0,0,Lancelot,7,1897,1
2014-03-01,4,9,10,13,29,40,45,1089703.0,4,Guinevere,7,1898,1
2014-03-05,1,4,5,8,25,46,30,781842.0,2,Lancelot,6,1899,1
2014-03-08,2,9,12,26,31,44,5,2996753.0,1,Lancelot,5,1900,1
2014-03-12,11,12,16,20,35,46,34,2455221.0,0,Lancelot,8,1901,1
2014-03-15,14,19,22,25,38,48,8,1558848.0,4,Lancelot,5,1902,1
2014-03-19,4,21,25,27,31,49,26,2028238.0,1,Lancelot,8,1903,1
2014-03-22,17,20,28,39,43,44,40,5199620.0,0,Lancelot,7,1904,1
2014-03-26,20,29,33,35,37,40,5,7606458.0,1,Lancelot,8,1905,1
2014-03-29,8,14,16,21,47,49,29,2318780.0,2,Guinevere,6,1906,1
2014-04-02,14,16,20,38,39,45,23,2904130.0,1,Guinevere,6,1907,1
2014-04-05,3,7,20,31,43,45,41,4334793.0,0,Guinevere,6,1908,1
2014-04-09,8,17,20,32,41,43,9,6301902.0,0,Lancelot,5,1909,1
2014-04-12,4,17,22,26,31,47,32,4390682.0,2,Lancelot,8,1910,1
2014-04-16,1,6,10,23,25,40,32,1679725.0,1,Lancelot,7,1911,1
2014-04-19,13,20,31,34,36,44,11,5323200.0,0,Lancelot,5,1912,1
2014-04-23,16,18,29,34,35,39,40,7523602.0,1,Lancelot,8,1913,1
2014-04-26,17,22,23,33,36,42,12,1124068.0,4,Lancelot,6,1914,1
2014-04-30,9,25,34,37,44,45,6,2577562.0,0,Guinevere,7,1915,1
2014-05-03,1,7,9,27,30,48,28,2383930.0,2,Lancelot,1,1916,1
2014-05-07,16,17,22,38,44,49,14,2363859.0,0,Lancelot,2,1917,1
2014-05-10,3,5,8,10,16,17,46,1171812.0,3,Guinevere,2,1918,1
2014-05-14,15,26,29,35,36,41,19,2795497.0,0,Lancelot,4,1919,1
2014-05-17,10,19,20,33,43,46,25,3523651.0,2,Guinevere,3,1920,1
2014-05-21,2,5,9,28,29,48,36,737287.0,2,Lancelot,4,1921,1
2014-05-24,10,31,35,40,41,44,46,2670030.0,2,Lancelot,1,1922,1
2014-05-28,18,26,32,36,40,45,21,2915369.0,1,Guinevere,2,1923,1
2014-05-31,7,9,18,24,39,40,4,1942659.0,2,Guinevere,3,1924,1
2014-06-04,14,19,30,31,47,48,16,2575685.0,0,Lancelot,4,1925,1
2014-06-07,5,10,16,23,31,44,37,799255.0,6,Lancelot,1,1926,1
2014-06-11,11,13,14,28,40,42,48,2148950.0,1,Guinevere,3,1927,1
2014-06-14,9,18,22,23,29,33,15,1149241.0,3,Lancelot,1,1928,1
2014-06-18,10,11,18,23,26,37,6,1792178.0,0,Lancelot,2,1929,1
2014-06-21,3,7,13,17,27,40,19,389998.0,8,Guinevere,4,1930,1
2014-06-25,5,15,19,25,34,36,40,1950787.0,0,Guinevere,1,1931,1
2014-06-28,8,12,28,30,43,49,42,1045504.0,5,Lancelot,3,1932,1
2014-07-02,1,18,20,38,43,48,42,2854220.0,1,Guinevere,2,1933,1
2014-07-05,8,15,23,24,28,34,9,3728484.0,0,Guinevere,2,1934,1
2014-07-09,3,8,11,12,39,43,18,2330745.0,2,Lancelot,4,1935,1
2014-07-12,3,19,23,28,37,43,34,3574539.0,1,Guinevere,3,1936,1
2014-07-16,4,11,22,27,47,49,33,1688532.0,1,Guinevere,3,1937,1
2014-07-19,5,9,14,25,34,38,40,3689940.0,1,Guinevere,1,1938,1
2014-07-23,14,18,20,30,43,47,35,2498916.0,1,Guinevere,2,1939,1
2014-07-26,8,14,22,26,35,37,11,4202465.0,1,Lancelot,4,1940,1
2014-07-30,2,5,11,22,24,42,1,304603.0,4,Lancelot,1,1941,1
2014-08-02,13,23,28,37,42,45,25,1471718.0,3,Guinevere,3,1942,1
2014-08-06,17,21,29,33,35,46,28,2472288.0,0,Guinevere,2,1943,1
2014-08-09,16,36,40,43,45,47,10,7087472.0,1,Lancelot,4,1944,1
2014-08-13,5,9,11,20,23,30,45,360076.0,2,Lancelot,3,1945,1
2014-08-16,1,3,25,33,36,42,14,4246740.0,0,Guinevere,1,1946,1
2014-08-20,6,12,15,24,35,47,22,5492819.0,0,Lancelot,4,1947,1
2014-08-23,1,7,11,38,41,42,45,7775405.0,1,Guinevere,2,1948,1
2014-08-27,5,17,29,36,37,49,2,2260458.0,0,Guinevere,1,1949,1
2014-08-30,1,19,20,30,35,46,40,6441879.0,1,Guinevere,4,1950,1
2014-09-03,12,22,23,27,34,35,25,2351598.0,0,Guinevere,3,1951,1
2014-09-06,11,29,32,37,40,48,14,6545800.0,0,Guinevere,4,1952,1
2014-09-10,13,16,18,24,31,43,2,8146335.0,0,Lancelot,3,1953,1
2014-09-13,12,15,22,29,30,35,44,10827987.0,0,Lancelot,1,1954,1
2014-09-17,9,19,22,34,41,46,6,4570887.0,3,Guinevere,2,1955,1
2014-09-20,2,6,22,26,33,48,43,3955683.0,1,Lancelot,5,1956,1
2014-09-24,4,8,29,33,38,48,15,2276815.0,0,Lancelot,7,1957,1
2014-09-27,1,3,7,19,20,46,15,4545164.0,1,Lancelot,8,1958,1
2014-10-01,1,4,5,7,18,47,6,1265065.0,1,Guinevere,6,1959,1
2014-10-04,4,18,24,34,36,48,10,2150196.0,2,Lancelot,5,1960,1
2014-10-08,4,27,28,29,34,43,20,2263686.0,1,Lancelot,7,1961,1
2014-10-11,2,5,8,23,26,32,18,962122.0,3,Lancelot,7,1962,1
2014-10-15,6,19,24,26,42,43,23,2059716.0,1,Lancelot,6,1963,1
2014-10-18,1,22,30,33,40,47,42,4894097.0,1,Guinevere,8,1964,1
2014-10-22,5,24,28,36,42,47,8,2214880.0,0,Guinevere,6,1965,1
2014-10-25,11,15,17,30,43,49,3,5708496.0,0,Lancelot,5,1966,1
2014-10-29,13,14,17,25,31,49,18,7059487.0,0,Guinevere,8,1967,1
2014-11-01,3,5,9,28,35,47,14,2950302.0,3,Lancelot,7,1968,1
2014-11-05,2,5,21,25,34,36,28,2128101.0,1,Guinevere,8,1969,1
2014-11-08,6,7,22,27,35,42,1,1663502.0,2,Guinevere,5,1970,1
2014-11-12,5,9,10,13,41,44,39,569684.0,3,Merlin,7,1971,1
2014-11-15,5,26,28,30,42,44,40,3884456.0,0,Arthur,6,1972,1
2014-11-19,2,15,35,36,38,39,4,5905060.0,0,Merlin,5,1973,1
2014-11-22,2,3,5,15,22,29,26,1896064.0,4,Merlin,8,1974,1
2014-11-26,26,28,29,30,41,49,31,2640517.0,1,Merlin,1,1975,1
2014-11-29,6,11,18,19,38,42,17,1796081.0,2,Arthur,6,1976,1
2014-12-03,4,17,19,25,35,37,7,2059185.0,0,Arthur,3,1977,1
2014-12-06,19,23,40,43,45,49,8,6295958.0,0,Arthur,4,1978,1
2014-12-10,14,15,31,36,42,47,1,8466374.0,0,Arthur,1,1979,1
2014-12-13,18,30,33,34,38,48,36,12244311.0,0,Arthur,3,1980,1
2014-12-17,2,19,24,33,35,46,12,15010730.0,0,Merlin,2,1981,1
2014-12-20,18,22,23,32,40,42,28,4983828.0,0,Merlin,2,1982,1
2014-12-24,7,9,13,44,47,48,22,8197213.0,1,Arthur,4,1983,1
2014-12-27,11,23,28,30,32,46,49,4154032.0,0,Merlin,1,1984,1
2014-12-31,12,18,22,37,38,49,35,6688109.0,0,Merlin,2,1985,1
2015-01-03,10,15,17,18,19,31,24,8617960.0,0,Arthur,4,1986,1
2015-01-07,4,5,10,12,20,23,24,4078509.0,2,Merlin,3,1987,1
2015-01-10,13,14,16,24,41,43,39,4894600.0,1,Merlin,3,1988,1
2015-01-14,17,20,28,29,33,36,23,2465121.0,0,Merlin,1,1989,1
2015-01-17,29,37,42,46,47,49,4,7115225.0,0,Arthur,2,1990,1
2015-01-21,1,6,32,34,37,45,26,9519303.0,0,Arthur,3,1991,1
2015-01-24,4,8,19,35,44,49,17,12188758.0,0,Merlin,4,1992,1
2015-01-28,3,4,17,24,30,34,36,14199344.0,0,Merlin,1,1993,1
2015-01-31,7,10,16,33,39,44,15,4094878.0,0,Merlin,4,1994,1
2015-02-04,10,13,17,22,40,46,32,5791173.0,0,Arthur,2,1995,1
2015-02-07,3,6,15,17,18,35,22,2598424.0,3,Arthur,2,1996,1
2015-02-11,8,9,10,21,35,41,22,2271668.0,0,Merlin,1,1997,1
2015-02-14,7,20,23,29,40,46,22,6911442.0,1,Merlin,3,1998,1
2015-02-18,21,23,25,34,42,49,30,2608456.0,1,Merlin,4,1999,1
2015-02-21,1,19,24,27,38,48,36,4315840.0,0,Merlin,1,2000,1
2015-02-25,12,14,15,20,40,41,42,6202105.0,1,Merlin,2,2001,1
2015-02-28,4,7,9,10,19,47,43,1176544.0,2,Merlin,3,2002,1
2015-03-04,3,8,19,27,42,43,46,434755.0,4,Arthur,4,2003,1
2015-03-07,2,17,21,26,30,48,31,1948547.0,2,Arthur,1,2004,1
2015-03-11,7,9,21,22,24,47,25,1578276.0,1,Arthur,3,2005,1
2015-03-14,6,17,24,29,33,36,45,3853905.0,1,Merlin,2,2006,1
2015-03-18,4,7,9,17,20,48,11,1364946.0,1,Merlin,1,2007,1
2015-03-21,1,5,7,21,37,49,30,1564628.0,2,Merlin,1,2008,1
2015-03-25,3,17,20,24,38,43,12,727308.0,3,Arthur,4,2009,1
2015-03-28,3,4,6,21,23,44,48,2735852.0,1,Arthur,2,2010,1
2015-04-01,11,15,18,22,41,49,37,2213097.0,0,Merlin,3,2011,1
2015-04-04,1,18,20,31,38,47,43,6311254.0,1,Arthur,4,2012,1
2015-04-08,18,28,30,31,41,46,1,2620883.0,0,Merlin,3,2013,1
2015-04-11,17,22,24,28,33,46,19,6092685.0,0,Merlin,4,2014,1
2015-04-15,1,18,22,25,31,39,42,7732498.0,1,Arthur,2,2015,1
2015-04-18,1,23,27,36,43,45,10,4569717.0,0,Merlin,5,2016,1
2015-04-22,15,21,28,35,42,43,23,6312041.0,0,Arthur,6,2017,1
2015-04-25,4,11,27,28,30,49,47,7864529.0,1,Arthur,8,2018,1
2015-04-29,3,4,25,27,42,45,7,2022735.0,1,Arthur,5,2019,1
2015-05-02,7,10,11,30,31,42,36,1450289.0,2,Merlin,7,2020,1
2015-05-06,1,11,14,15,19,41,40,2022010.0,0,Merlin,8,2021,1
2015-05-09,5,17,22,31,40,48,18,2663638.0,2,Merlin,7,2022,1
2015-05-13,1,5,21,33,34,47,31,2486146.0,0,Arthur,6,2023,1
2015-05-16,7,11,15,32,46,48,17,5799595.0,0,Merlin,5,2024,1
2015-05-20,6,9,22,38,39,41,37,7714351.0,0,Arthur,7,2025,1
2015-05-23,1,8,22,30,34,40,25,10834187.0,0,Arthur,7,2026,1
2015-05-27,12,27,28,39,41,48,3,13538113.0,1,Merlin,8,2027,1
2015-05-30,6,7,23,27,38,49,24,3488349.0,1,Arthur,6,2028,1
2015-06-03,17,32,39,40,43,49,2,2859050.0,0,Merlin,5,2029,1
2015-06-06,10,14,19,24,28,33,6,5632963.0,0,Arthur,8,2030,1
2015-06-10,23,29,30,39,42,49,5,7847797.0,0,Arthur,6,2031,1
2015-06-13,18,23,25,37,39,47,17,11267625.0,0,Merlin,6,2032,1
2015-06-17,2,8,12,15,21,42,22,4301108.0,3,Merlin,6,2033,1
2015-06-20,1,6,23,25,32,35,27,4255281.0,0,Arthur,5,2034,1
2015-06-24,14,23,28,33,35,42,4,5872705.0,1,Merlin,8,2035,1
2015-06-27,2,4,8,21,30,38,22,3343592.0,1,Merlin,7,2036,1
2015-07-01,4,10,13,18,29,33,49,556734.0,3,Arthur,5,2037,1
2015-07-04,13,14,35,39,46,49,3,5517016.0,1,Arthur,8,2038,1
2015-07-08,3,10,35,38,40,41,27,2604015.0,1,Merlin,7,2039,1
2015-07-11,6,12,32,36,38,47,1,1601958.0,3,Merlin,7,2040,1
2015-07-15,4,7,14,21,22,29,41,443377.0,2,Merlin,6,2041,1
2015-07-18,8,15,17,33,41,47,35,4269704.0,0,Arthur,8,2042,1
2015-07-22,7,23,26,33,38,45,29,5595590.0,0,Arthur,8,2043,1
2015-07-25,2,4,5,15,20,48,37,2514918.0,3,Merlin,5,2044,1
2015-07-29,18,21,31,42,45,47,19,2573569.0,1,Merlin,5,2045,1
2015-08-01,1,16,27,42,46,47,24,4789857.0,0,Arthur,7,2046,1
2015-08-05,5,8,12,28,39,41,18,5839203.0,1,Arthur,7,2047,1
2015-08-08,6,22,28,30,39,44,33,3912064.0,1,Merlin,6,2048,1
2015-08-12,6,15,17,20,24,25,37,1646305.0,0,Merlin,8,2049,1
2015-08-15,4,8,10,21,41,49,28,4386276.0,1,Merlin,6,2050,1
2015-08-19,5,6,7,25,27,33,34,1214870.0,1,Arthur,5,2051,1
2015-08-22,7,19,22,28,40,44,31,3034662.0,0,Merlin,6,2052,1
2015-08-26,3,4,7,18,48,49,32,1903909.0,2,Merlin,7,2053,1
2015-08-29,12,18,23,33,42,43,10,3916107.0,0,Merlin,8,2054,1
2015-09-02,2,9,27,29,33,40,46,4993453.0,1,Merlin,1,2055,1
2015-09-05,24,29,33,40,43,49,22,5006137.0,1,Merlin,1,2056,1
2015-09-09,6,18,20,21,29,31,3,891294.0,2,Arthur,5,2057,1
2015-09-12,14,20,28,31,40,46,44,4668787.0,1,Arthur,3,2058,1
2015-09-16,12,14,21,22,37,43,36,2237284.0,1,Arthur,3,2059,1
2015-09-19,14,26,28,31,32,44,22,2012794.0,2,Merlin,2,2060,1
2015-09-23,9,17,21,23,35,36,37,1919343.0,0,Arthur,4,2061,1
2015-09-26,9,17,31,33,41,42,26,5142260.0,1,Arthur,4,2062,1
2015-09-30,5,8,11,17,40,45,6,1621605.0,1,Arthur,1,2063,1
2015-10-03,7,8,9,14,35,44,4,3049537.0,0,Guinevere,1,2064,1
2015-10-07,5,7,11,30,44,49,25,3348134.0,1,Guinevere,4,2065,1
2015-10-10,2,3,16,32,53,54,8,5279697.0,0,Guinevere,1,2066,1
2015-10-14,7,13,20,27,39,52,35,7875986.0,0,Guinevere,2,2067,1
2015-10-17,8,30,37,40,46,50,36,12110605.0,0,Arthur,4,2068,1
2015-10-21,13,14,21,25,51,53,39,14612465.0,1,Guinevere,3,2069,1
2015-10-24,29,31,43,55,58,59,11,4307602.0,1,Arthur,1,2070,1
2015-10-28,26,36,41,46,49,52,9,2319221.0,0,Guinevere,2,2071,1
2015-10-31,26,39,41,42,55,59,16,6677278.0,0,Arthur,4,2072,1
2015-11-04,11,13,18,25,29,47,59,8842605.0,0,Guinevere,3,2073,1
2015-11-07,2,3,34,43,49,50,38,13156375.0,0,Arthur,1,2074,1
2015-11-11,2,17,27,28,51,52,14,15791929.0,1,Arthur,4,2075,1
2015-11-14,2,23,39,54,55,57,11,4337627.0,1,Guinevere,2,2076,1
2015-11-18,9,23,30,46,49,55,37,2291890.0,0,Guinevere,1,2077,1
2015-11-21,2,8,10,11,32,47,18,6915695.0,0,Guinevere,2,2078,1
2015-11-25,18,29,38,41,43,57,8,9125517.0,0,Guinevere,4,2079,1
2015-11-28,7,12,20,24,34,52,18,13323440.0,0,Arthur,3,2080,1
2015-12-02,9,11,14,28,37,42,12,15798380.0,0,Arthur,3,2081,1
2015-12-05,10,11,15,50,51,56,23,20192107.0,0,Arthur,3,2082,1
2015-12-09,3,8,14,28,34,53,32,22284273.0,0,Arthur,1,2083,1
2015-12-12,15,22,25,40,53,57,23,26267667.0,0,Arthur,2,2084,1
2015-12-16,10,12,35,46,48,57,14,28573124.0,0,Guinevere,4,2085,1
2015-12-19,13,14,27,46,48,50,42,32690115.0,0,Arthur,5,2086,1
2015-12-23,1,2,4,19,28,41,32,35410343.0,0,Arthur,7,2087,1
2015-12-26,17,21,31,38,44,58,20,39529852.0,0,Arthur,7,2088,1
2015-12-30,22,31,47,52,55,59,23,42659372.0,0,Arthur,5,2089,1
2016-01-02,12,25,29,40,48,56,52,47405023.0,0,Arthur,8,2090,1
2016-01-06,8,30,40,50,54,57,13,52964701.0,0,Arthur,8,2091,1
2016-01-09,26,27,46,47,52,58,48,33035323.0,2,Guinevere,6,2092,1
2016-01-13,4,12,38,46,57,59,8,2773612.0,0,Guinevere,6,2093,1
2016-01-16,1,8,12,25,43,52,38,7820460.0,0,Guinevere,6,2094,1
2016-01-20,18,36,37,38,54,57,14,10019900.0,0,Arthur,7,2095,1
2016-01-23,8,9,10,11,41,54,24,14230775.0,0,Guinevere,5,2096,1
2016-01-27,8,38,41,42,50,58,24,16556227.0,0,Guinevere,8,2097,1
2016-01-30,1,6,21,31,41,44,42,20901550.0,0,Guinevere,6,2098,1
2016-02-03,23,25,34,36,37,54,49,22881101.0,0,Guinevere,8,2099,1
2016-02-06,10,12,18,34,52,56,50,26744925.0,0,Arthur,7,2100,1
2016-02-10,2,13,25,32,37,39,48,28677758.0,0,Arthur,6,2101,1
2016-02-13,15,16,23,39,48,59,36,32534188.0,1,Guinevere,5,2102,1
2016-02-17,5,15,33,47,51,59,7,2388928.0,0,Arthur,7,2103,1
2016-02-20,2,17,35,41,57,59,42,6726199.0,1,Arthur,5,2104,1
2016-02-24,4,14,18,19,26,27,25,2275802.0,0,Arthur,1,2105,1
2016-02-27,11,14,22,37,53,56,55,6612256.0,0,Arthur,2,2106,1
2016-03-02,4,15,21,26,39,58,20,8534850.0,0,Guinevere,8,2107,1
2016-03-05,11,19,29,37,40,41,47,12335968.0,0,Arthur,3,2108,1
2016-03-09,26,31,35,37,40,49,36,14440873.0,0,Guinevere,4,2109,1
2016-03-12,13,21,30,39,51,56,1,18326514.0,0,Guinevere,2,2110,1
2016-03-16,13,14,31,42,44,58,1,19917119.0,0,Guinevere,3,2111,1
2016-03-19,21,27,31,34,40,54,22,23255533.0,0,Guinevere,4,2112,1
2016-03-23,7,14,21,35,41,42,43,24887143.0,0,Arthur,3,2113,1
2016-03-26,5,12,43,51,53,57,28,28269422.0,0,Guinevere,1,2114,1
2016-03-30,5,13,24,31,40,41,7,29875556.0,0,Guinevere,4,2115,1
2016-04-02,7,14,20,33,47,55,15,33282708.0,0,Arthur,1,2116,1
2016-04-06,15,17,31,41,50,57,5,35133888.0,1,Arthur,1,2117,1
2016-04-09,20,22,25,34,47,51,18,4426238.0,0,Arthur,3,2118,1
2016-04-13,13,15,17,19,35,57,21,6737023.0,0,Arthur,4,2119,1
2016-04-16,2,5,14,42,51,55,54,10317199.0,1,Arthur,2,2120,1
2016-04-20,1,7,9,10,12,31,28,729026.0,3,Arthur,2,2121,1
2016-04-23,2,14,26,35,44,59,24,3969040.0,0,Guinevere,1,2122,1
2016-04-27,12,24,29,34,39,57,28,6320566.0,0,Guinevere,4,2123,1
2016-04-30,1,2,5,38,53,56,31,9889930.0,0,Guinevere,2,2124,1
2016-05-04,1,2,3,4,20,21,22,11749355.0,1,Arthur,3,2125,1
2016-05-07,4,14,17,27,34,36,28,3930932.0,0,Guinevere,6,2126,1
2016-05-11,13,22,23,33,49,54,53,6315123.0,1,Guinevere,7,2127,1
2016-05-14,9,12,23,24,32,51,16,3873490.0,0,Guinevere,8,2128,1
2016-05-18,1,3,28,34,37,46,59,6162138.0,1,Guinevere,7,2129,1
2016-05-21,6,7,19,28,30,52,46,3837901.0,0,Guinevere,8,2130,1
2016-05-25,6,20,33,44,45,55,16,6120716.0,0,Arthur,5,2131,1
2016-05-28,8,10,36,40,52,57,59,9592318.0,0,Arthur,5,2132,1
2016-06-01,23,27,36,39,41,49,6,11376953.0,0,Guinevere,6,2133,1
2016-06-04,7,32,34,48,55,58,30,14857812.0,0,Guinevere,8,2134,1
2016-06-08,28,33,43,49,55,58,21,16666695.0,0,Lancelot,8,2135,1
2016-06-11,4,17,30,38,47,55,3,19625229.0,0,Merlin,7,2136,1
2016-06-15,2,14,19,20,29,38,27,21054380.0,1,Lancelot,5,2137,1
2016-06-18,10,17,26,31,35,38,47,3752365.0,0,Merlin,7,2138,1
2016-06-22,11,25,36,39,40,57,37,6026100.0,0,Lancelot,6,2139,1
2016-06-25,13,14,18,22,24,56,16,9331785.0,0,Lancelot,5,2140,1
2016-06-29,10,19,21,45,46,56,2,11197784.0,0,Lancelot,8,2141,1
2016-07-02,3,9,16,19,24,43,13,14671343.0,1,Merlin,5,2142,1
2016-07-06,1,3,20,24,38,39,4,2198488.0,0,Lancelot,6,2143,1
2016-07-09,1,3,22,29,36,42,12,6015662.0,0,Merlin,7,2144,1
2016-07-13,1,22,30,34,57,58,51,7827959.0,0,Merlin,3,2145,1
2016-07-16,10,14,17,32,36,50,41,11216708.0,1,Lancelot,1,2146,1
2016-07-20,18,29,30,37,46,59,23,2093346.0,0,Merlin,6,2147,1
2016-07-23,19,20,30,37,54,59,25,5750115.0,1,Merlin,2,2148,1
2016-07-27,9,24,26,38,40,46,30,2055847.0,0,Lancelot,4,2149,1
2016-07-30,14,26,28,41,51,57,48,5771863.0,0,Merlin,2,2150,1
2016-08-03,16,17,22,38,41,55,5,7485160.0,0,Merlin,3,2151,1
2016-08-06,34,39,42,47,53,54,8,10842259.0,0,Lancelot,4,2152,1
2016-08-10,11,17,35,36,40,59,39,12694073.0,0,Merlin,1,2153,1
2016-08-13,12,20,31,39,43,46,38,16109419.0,1,Merlin,3,2154,1
2016-08-17,4,15,27,36,37,59,55,2079852.0,0,Merlin,1,2155,1
2016-08-20,8,18,26,35,41,52,17,5898564.0,0,Merlin,4,2156,1
2016-08-24,4,10,15,37,38,59,1,7622407.0,0,Lancelot,2,2157,1
2016-08-27,5,10,22,23,34,54,8,12177452.0,0,Lancelot,1,2158,1
2016-08-31,15,16,26,45,47,49,50,14168137.0,0,Merlin,2,2159,1
2016-09-03,2,6,17,28,38,55,37,17766697.0,0,Merlin,4,2160,1
2016-09-07,3,10,12,29,30,44,11,19322908.0,0,Lancelot,4,2161,1
2016-09-10,6,17,37,46,47,51,2,22576245.0,0,Merlin,1,2162,1
2016-09-14,16,23,35,42,44,58,28,24440625.0,0,Merlin,3,2163,1
2016-09-17,10,14,25,29,52,54,37,3777516.0,0,Merlin,3,2164,1
2016-09-21,20,21,28,33,49,56,43,5968842.0,0,Lancelot,2,2165,1
2016-09-24,11,24,34,43,44,47,42,9286909.0,0,Merlin,6,2166,1
2016-09-28,19,29,37,41,51,53,55,11106204.0,0,Lancelot,5,2167,1
2016-10-01,4,5,18,28,43,58,55,14494590.0,0,Merlin,8,2168,1
2016-10-05,11,16,25,37,43,44,39,16333383.0,0,Lancelot,7,2169,1
2016-10-08,11,17,20,32,40,42,27,19422626.0,0,Merlin,6,2170,1
2016-10-12,2,22,29,30,36,58,53,21056054.0,0,Merlin,7,2171,1
2016-10-15,14,16,25,42,46,51,53,24226822.0,0,Merlin,5,2172,1
2016-10-19,2,3,4,32,54,59,12,26196380.0,1,Lancelot,8,2173,1
2016-10-22,9,19,26,27,45,50,23,3644720.0,0,Merlin,6,2174,1
2016-10-26,5,11,27,29,52,53,13,5845840.0,0,Merlin,5,2175,1
2016-10-29,7,8,16,24,29,58,42,9075232.0,0,Lancelot,8,2176,1
2016-11-02,5,14,19,24,31,38,29,10816275.0,1,Merlin,7,2177,1
2016-11-05,8,12,16,26,45,49,27,1807674.0,2,Lancelot,6,2178,1
2016-11-09,12,13,30,34,39,52,38,2075555.0,0,Lancelot,8,2179,1
2016-11-12,3,11,16,31,44,55,8,5672414.0,1,Lancelot,7,2180,1
2016-11-16,7,12,33,47,50,51,40,2006766.0,0,Lancelot,5,2181,1
2016-11-19,5,7,8,16,28,37,40,5563528.0,0,Merlin,7,2182,1
2016-11-23,2,4,8,25,38,39,29,7211954.0,0,Merlin,8,2183,1
2016-11-26,1,2,28,40,48,49,17,10394608.0,1,Merlin,5,2184,1
2016-11-30,10,20,25,39,45,55,22,2046590.0,0,Lancelot,7,2185,1
2016-12-03,3,8,9,19,21,54,31,5572309.0,0,Merlin,6,2186,1
2016-12-07,16,27,31,32,44,58,42,7215444.0,0,Lancelot,6,2187,1
2016-12-10,11,26,31,32,33,46,20,10343595.0,0,Lancelot,5,2188,1
2016-12-14,3,7,8,9,40,58,36,12040376.0,0,Merlin,8,2189,1
2016-12-17,2,11,18,32,40,54,8,15287600.0,0,Merlin,7,2190,1
2016-12-21,10,13,22,35,42,52,27,16574503.0,0,Lancelot,6,2191,1
2016-12-24,16,19,29,46,54,58,12,20765992.0,0,Merlin,8,2192,1
2016-12-28,5,40,47,48,52,54,33,22170849.0,0,Merlin,5,2193,1
2016-12-31,10,17,35,41,51,54,25,26293902.0,0,Merlin,7,2194,1
2017-01-04,10,29,37,42,48,49,32,2024754.0,0,Merlin,5,2195,1
2017-01-07,8,16,33,36,45,51,38,5689783.0,0,Lancelot,8,2196,1
2017-01-11,21,26,29,35,46,59,10,7291956.0,0,Merlin,6,2197,1
2017-01-14,14,19,21,36,53,54,33,10526484.0,0,Merlin,8,2198,1
2017-01-18,8,14,20,27,28,53,45,6103436.0,2,Merlin,7,2199,1
2017-01-21,4,13,37,40,52,58,51,3495493.0,0,Merlin,5,2200,1
2017-01-25,4,9,20,23,37,53,39,5552469.0,0,Lancelot,8,2201,1
2017-01-28,5,21,23,34,43,45,20,4369877.0,2,Lancelot,6,2202,1
2017-02-01,6,8,15,31,45,58,39,2039290.0,0,Merlin,7,2203,1
2017-02-04,6,9,27,30,40,50,22,5610040.0,0,Merlin,5,2204,1
2017-02-08,7,23,41,44,49,54,37,7267133.0,0,Arthur,6,2205,1
2017-02-11,15,18,23,42,43,52,28,10376181.0,0,Arthur,2,2206,1
2017-02-15,17,23,28,38,47,56,31,12118230.0,0,Arthur,4,2207,1
2017-02-18,11,13,21,37,49,59,4,15342900.0,1,Merlin,3,2208,1
2017-02-22,1,16,28,31,38,54,5,2014488.0,0,Arthur,1,2209,1
2017-02-25,18,24,34,38,41,49,26,5590553.0,0,Merlin,4,2210,1
2017-03-01,2,7,21,22,47,53,42,7199492.0,0,Arthur,2,2211,1
2017-03-04,24,38,39,40,49,56,21,10369492.0,0,Merlin,1,2212,1
2017-03-08,11,19,22,42,43,49,48,12020527.0,0,Arthur,4,2213,1
2017-03-11,6,15,23,29,55,57,46,15207601.0,0,Arthur,2,2214,1
2017-03-15,6,24,27,38,39,58,55,16422135.0,0,Merlin,3,2215,1
2017-03-18,3,8,19,26,37,41,43,19132964.0,1,Merlin,3,2216,1
2017-03-22,6,11,12,19,27,31,42,663276.0,3,Merlin,1,2217,1
2017-03-25,39,48,52,53,54,58,28,3566205.0,0,Arthur,3,2218,1
2017-03-29,5,6,16,32,42,51,39,5597315.0,0,Merlin,2,2219,1
2017-04-01,1,2,11,23,25,54,14,8647634.0,0,Arthur,4,2220,1
2017-04-05,10,16,18,32,42,45,30,10353081.0,0,Merlin,1,2221,1
2017-04-08,14,23,36,45,47,50,21,13409218.0,0,Arthur,3,2222,1
2017-04-12,3,16,34,42,49,52,50,15107556.0,1,Arthur,4,2223,1
2017-04-15,8,10,16,19,23,31,48,3421655.0,1,Arthur,1,2224,1
2017-04-19,4,27,47,54,55,59,45,1951446.0,0,Merlin,2,2225,1
2017-04-22,4,6,34,37,42,52,24,5430100.0,0,Merlin,3,2226,1
2017-04-26,12,15,30,43,47,59,41,6947106.0,0,Merlin,4,2227,1
2017-04-29,24,29,30,36,46,48,7,9994885.0,0,Merlin,1,2228,1
2017-05-03,13,22,24,34,41,57,40,11684226.0,0,Arthur,3,2229,1
2017-05-06,5,34,36,38,39,48,30,14794798.0,0,Merlin,2,2230,1
2017-05-10,7,12,17,35,37,58,25,16042516.0,0,Merlin,4,2231,1
2017-05-13,7,14,15,21,23,57,52,18754003.0,0,Arthur,2,2232,1
2017-05-17,3,19,20,24,30,38,41,20114637.0,0,Merlin,2,2233,1
2017-05-20,7,8,13,29,43,53,16,23036730.0,0,Merlin,1,2234,1
2017-05-24,3,30,44,45,55,59,37,25442066.0,0,Arthur,1,2235,1
2017-05-27,20,22,31,39,41,54,33,3494644.0,0,Arthur,4,2236,1
2017-05-31,18,23,28,52,56,59,36,5558072.0,0,Arthur,3,2237,1
2017-06-03,12,19,21,38,47,51,48,8496269.0,0,Merlin,2,2238,1
2017-06-07,6,8,12,36,37,41,50,10140252.0,0,Arthur,1,2239,1
2017-06-10,10,18,28,35,36,50,2,13178747.0,0,Arthur,4,2240,1
2017-06-14,2,4,14,23,34,46,45,14877043.0,0,Merlin,3,2241,1
2017-06-17,1,11,16,20,24,44,42,17407211.0,0,Arthur,2,2242,1
2017-06-21,1,3,5,11,15,43,48,18700435.0,0,Merlin,1,2243,1
2017-06-24,4,16,26,39,42,54,24,21387231.0,1,Merlin,4,2244,1
2017-06-28,2,10,21,23,54,56,44,1986370.0,0,Merlin,5,2245,1
2017-07-01,2,19,36,52,54,59,6,5481888.0,0,Merlin,6,2246,1
2017-07-05,16,18,25,27,29,57,4,6981548.0,1,Merlin,7,2247,1
2017-07-08,1,11,18,27,32,50,25,3352302.0,0,Merlin,8,2248,1
2017-07-12,7,14,19,38,40,45,18,5348763.0,0,Merlin,3,2249,1
2017-07-15,7,8,14,47,56,58,23,8270807.0,0,Merlin,6,2250,1
2017-07-19,2,6,14,16,25,36,42,9855934.0,0,Merlin,5,2251,1
2017-07-22,5,13,21,35,41,47,23,12791049.0,1,Arthur,7,2252,1
2017-07-26,5,10,29,35,55,56,30,1967928.0,0,Arthur,5,2253,1
2017-07-29,1,26,41,55,56,59,36,5411439.0,0,Arthur,6,2254,1
2017-08-02,4,6,24,35,45,52,8,6863927.0,0,Arthur,7,2255,1
2017-08-05,14,24,30,45,49,56,27,9799014.0,0,Merlin,8,2256,1
2017-08-09,5,9,25,34,51,59,44,11398810.0,0,Arthur,5,2257,1
2017-08-12,10,27,49,52,55,56,17,14402436.0,1,Merlin,6,2258,1
2017-08-16,7,17,28,43,44,45,54,1903798.0,1,Merlin,8,2259,1
2017-08-19,12,25,39,46,52,55,3,3380310.0,0,Merlin,8,2260,1
2017-08-23,8,16,21,41,44,56,45,5372825.0,0,Lancelot,7,2261,1
2017-08-26,20,25,34,41,42,52,58,8348251.0,0,Lancelot,6,2262,1
2017-08-30,34,42,46,57,58,59,38,9901377.0,0,Lancelot,8,2263,1
2017-09-02,30,33,35,40,41,59,8,12810334.0,0,Lancelot,7,2264,1
2017-09-06,16,30,34,50,52,53,46,14460089.0,0,Lancelot,5,2265,1
2017-09-09,4,7,13,49,56,58,6,16976182.0,1,Lancelot,6,2266,1
2017-09-13,4,11,14,21,29,56,27,1886160.0,0,Lancelot,7,2267,1
2017-09-16,1,6,31,37,49,50,38,5329846.0,0,Guinevere,8,2268,1
2017-09-20,8,20,25,50,51,58,45,6883840.0,0,Lancelot,5,2269,1
2017-09-23,17,18,26,39,54,56,57,9807442.0,0,Lancelot,5,2270,1
2017-09-27,30,35,45,47,52,55,40,11455122.0,0,Guinevere,8,2271,1
2017-09-30,13,18,21,30,50,54,20,14544740.0,0,Lancelot,7,2272,1
2017-10-04,12,20,32,38,48,54,5,15785809.0,0,Guinevere,6,2273,1
2017-10-07,15,20,30,37,47,51,21,18509759.0,0,Lancelot,8,2274,1
2017-10-11,17,38,49,54,55,56,13,19875058.0,0,Guinevere,7,2275,1
2017-10-14,6,22,40,43,47,58,42,22673298.0,0,Lancelot,5,2276,1
2017-10-18,11,12,15,22,27,44,7,24995407.0,0,Lancelot,8,2277,1
2017-10-21,3,31,37,41,44,59,32,3500729.0,1,Lancelot,7,2278,1
2017-10-25,1,3,11,37,49,58,21,1931824.0,0,Guinevere,6,2279,1
2017-10-28,8,15,33,42,55,58,53,5301408.0,0,Lancelot,5,2280,1
2017-11-01,13,14,18,19,21,36,53,6867823.0,0,Lancelot,8,2281,1
2017-11-04,6,20,23,29,35,53,57,9812847.0,0,Guinevere,6,2282,1
2017-11-08,2,17,25,32,42,49,4,11389307.0,0,Guinevere,5,2283,1
2017-11-11,4,16,27,30,41,49,54,14450835.0,0,Lancelot,7,2284,1
2017-11-15,2,11,22,36,51,59,7,15654281.0,0,Lancelot,1,2285,1
2017-11-18,1,20,24,36,54,58,11,18188218.0,1,Guinevere,2,2286,1
2017-11-22,2,16,17,27,36,37,42,1855244.0,0,Lancelot,3,2287,1
2017-11-25,4,7,29,45,54,56,8,5145663.0,0,Guinevere,1,2288,1
2017-11-29,20,32,42,43,53,58,8,6649202.0,0,Lancelot,4,2289,1
2017-12-02,4,9,13,32,46,50,52,9462662.0,0,Lancelot,2,2290,1
2017-12-06,3,19,24,31,50,52,16,10999536.0,0,Lancelot,6,2291,1
2017-12-09,2,32,37,39,46,54,19,13940220.0,0,Lancelot,4,2292,1
2017-12-13,6,14,23,24,43,58,40,14949598.0,0,Lancelot,3,2293,1
2017-12-16,22,25,35,45,46,57,14,17371932.0,0,Guinevere,3,2294,1
2017-12-20,10,20,28,38,41,46,16,18614720.0,0,Lancelot,1,2295,1
2017-12-23,20,32,36,44,47,56,41,22331857.0,0,Lancelot,2,2296,1
2017-12-27,18,36,48,57,58,59,50,24430520.0,0,Guinevere,4,2297,1
2017-12-30,33,37,42,47,55,58,34,3472243.0,0,Guinevere,3,2298,1
2018-01-03,11,19,20,30,35,49,44,5421027.0,0,Lancelot,1,2299,1
2018-01-06,18,28,31,32,44,51,50,8337171.0,0,Lancelot,4,2300,1
2018-01-10,6,11,27,29,40,55,45,9933511.0,0,Lancelot,2,2301,1
2018-01-13,6,7,9,18,35,46,5,12937095.0,0,Lancelot,1,2302,1
2018-01-17,30,33,37,43,55,56,46,14643856.0,0,Lancelot,4,2303,1
2018-01-20,2,10,19,28,29,31,47,8613200.0,2,Guinevere,3,2304,1
2018-01-24,1,22,39,44,48,59,5,1992347.0,0,Guinevere,1,2305,1
2018-01-27,29,33,43,45,49,56,16,5351174.0,0,Guinevere,4,2306,1
2018-01-31,5,19,21,42,44,57,18,6851294.0,0,Lancelot,3,2307,1
2018-02-03,8,26,27,29,49,58,38,9825247.0,0,Guinevere,2,2308,1
2018-02-07,5,19,29,34,40,45,57,11404833.0,0,Guinevere,2,2309,1
2018-02-10,3,12,15,29,51,58,13,14449368.0,0,Guinevere,1,2310,1
2018-02-14,2,8,33,46,48,50,5,15575114.0,0,Guinevere,3,2311,1
2018-02-17,5,8,9,10,38,53,56,18139352.0,1,Lancelot,4,2312,1
2018-02-21,14,25,29,30,35,53,38,1957996.0,0,Merlin,4,2313,1
2018-02-24,2,11,35,40,48,55,7,5283524.0,0,Merlin,1,2314,1
2018-02-28,9,10,27,30,33,45,29,6700919.0,1,Merlin,2,2315,1
2018-03-03,15,19,20,29,42,50,36,3183498.0,0,Arthur,3,2316,1
2018-03-07,8,10,22,37,55,57,29,5120878.0,0,Merlin,4,2317,1
2018-03-10,3,7,36,42,53,59,50,7988062.0,1,Arthur,2,2318,1
2018-03-14,7,19,38,45,47,53,15,1813255.0,0,Arthur,3,2319,1
2018-03-17,7,8,13,24,45,46,39,5060421.0,0,Arthur,2,2320,1
2018-03-21,2,35,44,51,54,55,45,6530267.0,0,Merlin,4,2321,1
2018-03-24,3,11,16,36,43,59,49,9339858.0,1,Arthur,1,2322,1
2018-03-28,2,6,7,15,52,54,45,1855785.0,0,Arthur,3,2323,1
2018-03-31,6,8,20,26,35,36,39,5199304.0,0,Merlin,2,2324,1
2018-04-04,1,9,15,26,38,43,14,6664434.0,0,Arthur,5,2325,1
2018-04-07,1,4,31,33,52,55,13,9561853.0,1,Merlin,1,2326,1
2018-04-11,21,25,32,52,56,59,28,1795273.0,0,Arthur,6,2327,1
2018-04-14,10,40,42,46,47,48,38,4933456.0,0,Arthur,8,2328,1
2018-04-18,4,11,21,39,41,59,58,6265709.0,0,Arthur,7,2329,1
2018-04-21,2,8,9,12,20,57,38,8949271.0,0,Arthur,5,2330,1
2018-04-25,5,14,18,40,41,50,12,10509160.0,0,Merlin,7,2331,1
2018-04-28,3,11,37,38,43,44,20,13477493.0,0,Arthur,8,2332,1
2018-05-02,4,8,10,26,38,48,41,14638953.0,0,Merlin,5,2333,1
2018-05-05,2,9,14,49,52,56,41,17250153.0,0,Merlin,6,2334,1
2018-05-09,18,21,25,30,56,59,5,18418082.0,0,Arthur,6,2335,1
2018-05-12,1,15,21,30,35,44,5,21044592.0,1,Arthur,8,2336,1
2018-05-16,4,22,26,32,48,54,57,1909658.0,0,Arthur,7,2337,1
2018-05-19,1,3,34,36,48,52,22,5057464.0,0,Arthur,6,2338,1
2018-05-23,1,15,17,32,36,45,5,6438596.0,0,Arthur,8,2339,1
2018-05-26,9,14,19,29,39,40,3,4603805.0,2,Arthur,7,2340,1
2018-05-30,4,5,8,26,32,39,16,1816584.0,0,Arthur,5,2341,1
2018-06-02,4,32,38,43,51,58,10,5085086.0,0,Arthur,6,2342,1
2018-06-06,12,22,31,35,42,58,55,6501413.0,0,Arthur,5,2343,1
2018-06-09,3,17,20,55,56,58,57,9267495.0,0,Arthur,8,2344,1
2018-06-13,5,15,22,33,38,45,11,10785901.0,0,Arthur,6,2345,1
2018-06-16,10,18,36,37,41,46,8,13641074.0,0,Merlin,5,2346,1
2018-06-20,15,22,26,35,41,43,1,14768674.0,0,Merlin,8,2347,1
2018-06-23,1,10,15,25,31,47,53,17196314.0,1,Merlin,6,2348,1
2018-06-27,4,41,45,54,57,58,26,1899524.0,0,Merlin,5,2349,1
2018-06-30,6,28,32,45,46,49,50,4986777.0,0,Merlin,7,2350,1
2018-07-04,8,13,22,46,52,58,7,6417197.0,0,Arthur,7,2351,1
2018-07-07,17,18,29,48,52,54,1,9056210.0,0,Merlin,8,2352,1
2018-07-11,8,11,17,25,33,46,13,10596472.0,1,Merlin,7,2353,1
2018-07-14,4,8,13,26,41,55,58,3115342.0,0,Merlin,5,2354,1
2018-07-18,22,34,44,49,51,53,33,5063895.0,0,Merlin,8,2355,1
2018-07-21,9,13,16,25,40,46,52,7748131.0,1,Arthur,6,2356,1
2018-07-25,5,19,20,23,30,43,6,1827083.0,0,Arthur,7,2357,1
2018-07-28,11,29,31,32,38,45,10,4997402.0,0,Arthur,5,2358,1
2018-08-01,15,17,18,34,46,54,4,6457803.0,0,Arthur,8,2359,1
2018-08-04,5,17,23,25,34,51,52,9309088.0,0,Arthur,7,2360,1
2018-08-08,8,19,20,27,31,34,7,10956094.0,0,Arthur,5,2361,1
2018-08-11,1,3,10,18,19,37,57,13922705.0,1,Arthur,6,2362,1
2018-08-15,3,28,34,41,48,58,54,1960095.0,0,Arthur,7,2363,1
2018-08-18,1,2,6,12,13,55,11,5188105.0,0,Merlin,8,2364,1
2018-08-22,15,20,21,25,34,47,36,6685121.0,1,Merlin,6,2365,1
2018-08-25,9,22,33,39,41,56,48,3187258.0,0,Arthur,3,2366,1
2018-08-29,19,23,30,50,51,54,55,5055854.0,0,Arthur,1,2367,1
2018-09-01,3,21,22,38,46,55,50,7852229.0,0,Arthur,2,2368,1
2018-09-05,12,18,22,23,48,59,47,9394412.0,0,Merlin,4,2369,1
2018-09-08,7,19,33,34,52,53,48,12308430.0,0,Merlin,1,2370,1
2018-09-12,11,12,13,14,54,56,36,13945461.0,0,Guinevere,3,2371,1
2018-09-15,25,42,48,50,55,58,44,16447318.0,0,Lancelot,2,2372,1
2018-09-19,7,20,25,26,34,40,59,17572057.0,0,Lancelot,1,2373,1
2018-09-22,5,16,18,20,25,55,36,20125455.0,0,Lancelot,4,2374,1
2018-09-26,3,8,37,39,47,59,42,21555697.0,0,Lancelot,3,2375,1
2018-09-29,17,36,40,44,54,58,27,24284997.0,0,Guinevere,4,2376,1
2018-10-03,3,5,11,25,27,45,18,26364533.0,0,Lancelot,2,2377,1
2018-10-06,23,26,30,32,37,39,5,3377130.0,0,Lancelot,3,2378,1
2018-10-10,10,49,50,53,54,56,4,5382585.0,0,Lancelot,4,2379,1
2018-10-13,19,26,40,52,56,58,38,8130368.0,0,Guinevere,1,2380,1
2018-10-17,1,5,6,20,51,54,56,9590134.0,0,Guinevere,3,2381,1
2018-10-20,12,18,40,42,46,59,49,12447858.0,0,Lancelot,4,2382,1
2018-10-24,9,22,32,40,51,59,17,14098451.0,0,Lancelot,2,2383,1
2018-10-27,1,6,25,26,31,39,56,16543093.0,1,Guinevere,1,2384,1
2018-10-31,5,14,20,24,28,45,21,1900729.0,0,Lancelot,3,2385,1
2018-11-03,16,31,41,45,47,52,53,5177188.0,0,Guinevere,2,2386,1
2018-11-07,4,5,9,40,46,59,58,6645866.0,0,Guinevere,1,2387,1
2018-11-10,7,12,17,38,42,44,53,2358426.0,4,Lancelot,2,2388,1
2018-11-14,4,11,20,45,48,53,16,1928401.0,0,Lancelot,4,2389,1
2018-11-17,4,5,9,12,17,42,32,2627216.0,2,Lancelot,3,2390,1
2018-11-21,24,31,35,42,46,53,9,2000000.0,0,Guinevere,1,2391,1
2018-11-24,15,27,30,32,42,43,10,4084955.0,1,Lancelot,4,2392,1
2018-11-28,36,39,45,46,48,52,38,2000000.0,0,Guinevere,3,2393,1
2018-12-01,5,8,9,12,31,49,57,4090254.0,0,Guinevere,1,2394,1
2018-12-05,1,6,13,23,45,56,41,5411352.0,0,Lancelot,2,2395,1
2018-12-08,6,23,36,38,43,48,17,3807614.0,2,Lancelot,2,2396,1
2018-12-12,3,22,31,46,51,59,53,2000000.0,0,Lancelot,3,2397,1
2018-12-15,5,26,34,35,43,49,19,4057861.0,0,Guinevere,4,2398,1
2018-12-19,12,24,33,34,39,56,38,5341733.0,0,Guinevere,1,2399,1
2018-12-22,4,15,17,24,32,56,31,7500000.0,2,Lancelot,4,2400,1
2018-12-26,7,14,35,45,54,58,1,2000000.0,0,Guinevere,2,2401,1
2018-12-29,26,31,38,40,45,57,28,4142191.0,0,Lancelot,3,2402,1
2019-01-02,8,9,10,35,40,53,21,5502058.0,0,Lancelot,1,2403,1
2019-01-05,18,25,27,28,32,47,6,7835827.0,0,Guinevere,4,2404,1
2019-01-09,3,17,36,42,51,57,18,9370844.0,1,Lancelot,5,2405,1
2019-01-12,13,29,32,43,49,55,26,3800000.0,0,Guinevere,2,2406,1
2019-01-16,1,12,44,48,54,55,8,5107726.0,0,Guinevere,7,2407,1
2019-01-19,11,15,17,22,31,52,45,7361168.0,0,Guinevere,8,2408,1
2019-01-23,5,27,30,41,45,58,38,8792887.0,0,Guinevere,5,2409,1
2019-01-26,29,40,42,47,51,56,45,11202778.0,0,Lancelot,7,2410,1
2019-01-30,7,22,31,43,47,58,2,12950857.0,0,Guinevere,8,2411,1
2019-02-02,1,6,41,53,55,59,20,3800000.0,0,Lancelot,6,2412,1
2019-02-06,3,16,24,41,44,53,15,5116445.0,0,Guinevere,6,2413,1
2019-02-09,25,27,31,36,38,47,12,7369767.0,0,Lancelot,7,2414,1
2019-02-13,4,8,26,31,42,45,55,14000000.0,0,Lancelot,6,2415,1
2019-02-16,11,15,18,43,46,51,12,16502197.0,0,Lancelot,5,2416,1
2019-02-20,3,11,17,33,41,51,48,18448180.0,0,Lancelot,6,2417,1
2019-02-23,6,9,38,40,42,48,57,3800000.0,0,Lancelot,8,2418,1
2019-02-27,19,20,22,31,51,54,16,5143862.0,0,Guinevere,5,2419,1
2019-03-02,4,8,16,19,33,45,54,7379371.0,0,Lancelot,7,2420,1
2019-03-06,2,12,15,43,46,53,17,8876514.0,0,Lancelot,6,2421,1
2019-03-09,22,27,35,40,46,52,2,11252974.0,0,Guinevere,7,2422,1
2019-03-13,1,11,29,40,46,48,17,12984966.0,0,Guinevere,5,2423,1
2019-03-16,6,26,32,37,42,59,38,3800000.0,1,Lancelot,8,2424,1
2019-03-20,2,19,35,53,56,58,12,2000000.0,0,Guinevere,7,2425,1
2019-03-23,6,26,30,50,52,59,27,4119911.0,0,Lancelot,5,2426,1
2019-03-27,13,18,25,35,39,50,21,5391107.0,0,Lancelot,8,2427,1
2019-03-30,3,27,35,45,54,55,24,7604094.0,0,Lancelot,7,2428,1
2019-04-03,5,9,17,26,35,52,44,9013509.0,0,Guinevere,6,2429,1
2019-04-06,5,8,22,33,36,43,21,11399990.0,1,Guinevere,8,2430,1
2019-04-10,20,22,36,42,48,49,30,2000000.0,0,Guinevere,6,2431,1
2019-04-13,4,10,15,24,37,38,30,4096661.0,0,Lancelot,6,2432,1
2019-04-17,8,23,28,42,43,51,52,5378892.0,0,Guinevere,7,2433,1
2019-04-20,7,8,11,17,34,54,4,7531166.0,0,Lancelot,8,2434,1
2019-04-24,22,29,35,41,43,51,42,8964024.0,0,Guinevere,6,2435,1
2019-04-27,1,7,26,34,52,53,10,11396192.0,0,Guinevere,7,2436,1
2019-05-01,10,12,23,29,35,57,9,2000000.0,0,Guinevere,5,2437,1
2019-05-04,16,17,35,39,40,55,41,4383861.0,0,Guinevere,5,2438,1
2019-05-08,16,19,31,35,45,56,59,5656449.0,0,Lancelot,8,2439,1
2019-05-11,13,14,19,45,49,55,24,7861134.0,0,Guinevere,6,2440,1
2019-05-15,8,11,18,39,44,50,23,9288519.0,0,Guinevere,5,2441,1
2019-05-18,7,22,23,26,31,54,3,11708252.0,0,Lancelot,7,2442,1
2019-05-22,7,27,31,36,37,50,18,2000000.0,0,Guinevere,8,2443,1
2019-05-25,5,9,26,35,43,54,24,4085154.0,1,Lancelot,6,2444,1
2019-05-29,3,15,27,32,46,53,57,2000000.0,1,Guinevere,1,2445,1
2019-06-01,8,26,36,39,40,47,42,3800000.0,1,Guinevere,5,2446,1
2019-06-05,11,20,23,32,33,56,25,2000000.0,1,Guinevere,1,2447,1
2019-06-08,12,13,22,37,42,55,43,3800000.0,0,Guinevere,1,2448,1
2019-06-12,6,16,34,36,37,53,50,5053365.0,0,Guinevere,2,2449,1
2019-06-15,7,40,42,47,52,54,29,7154203.0,0,Guinevere,2,2450,1
2019-06-19,22,26,31,39,47,55,35,8513030.0,0,Merlin,3,2451,1
2019-06-22,6,9,17,32,44,57,11,10756674.0,0,Merlin,3,2452,1
2019-06-26,5,7,9,24,32,44,38,12497210.0,0,Merlin,4,2453,1
2019-06-29,11,32,43,44,47,52,27,3800000.0,0,Merlin,4,2454,1
2019-07-03,10,20,27,29,38,52,57,5068385.0,0,Arthur,1,2455,1
2019-07-06,24,30,44,50,56,57,9,7161130.0,0,Arthur,1,2456,1
2019-07-10,4,10,11,17,53,54,6,8512227.0,0,Arthur,2,2457,1
2019-07-13,18,25,29,32,35,58,12,10751044.0,0,Arthur,2,2458,1
2019-07-17,5,8,40,41,43,45,23,12500333.0,0,Merlin,3,2459,1
2019-07-20,14,18,23,28,36,37,32,3800000.0,0,Merlin,3,2460,1
2019-07-24,2,4,17,28,37,45,22,5067046.0,1,Merlin,4,2461,1
2019-07-27,14,19,30,45,48,58,3,3800000.0,0,Merlin,4,2462,1
2019-07-31,9,18,20,42,43,46,30,5070482.0,0,Arthur,1,2463,1
2019-08-03,8,30,34,44,45,57,31,7207889.0,0,Arthur,1,2464,1
2019-08-07,7,11,36,44,52,58,31,8607863.0,0,Arthur,2,2465,1
2019-08-10,5,8,9,17,23,29,49,10861287.0,0,Arthur,2,2466,1
2019-08-14,14,16,24,28,30,53,23,12675909.0,0,Merlin,3,2467,1
2019-08-17,6,9,10,41,46,58,45,3800000.0,0,Merlin,3,2468,1
2019-08-21,11,14,26,51,53,58,30,5096106.0,0,Merlin,4,2469,1
2019-08-24,27,36,39,45,46,55,38,7360035.0,0,Merlin,4,2470,1
2019-08-28,1,40,41,49,52,57,43,8736316.0,0,Arthur,5,2471,1
2019-08-31,5,10,16,26,41,58,15,11058820.0,0,Arthur,5,2472,1
2019-09-04,11,13,32,40,45,49,39,12852503.0,0,Arthur,6,2473,1
2019-09-07,3,13,27,30,32,37,8,3800000.0,0,Arthur,6,2474,1
2019-09-11,4,9,26,35,38,53,30,5113347.0,0,Merlin,7,2475,1
2019-09-14,6,10,14,19,26,43,28,7274140.0,0,Merlin,7,2476,1
2019-09-18,1,25,28,34,39,57,50,8712337.0,0,Merlin,8,2477,1
2019-09-21,18,23,32,33,34,41,54,11043941.0,0,Merlin,8,2478,1
2019-09-25,3,4,16,39,43,52,47,12907599.0,0,Arthur,5,2479,1
2019-09-28,2,19,21,23,29,42,26,3800000.0,0,Arthur,5,2480,1
2019-10-02,13,15,20,37,42,47,49,5164870.0,0,Arthur,6,2481,1
2019-10-05,4,8,12,13,32,34,58,7371542.0,0,Arthur,6,2482,1
2019-10-09,14,22,40,44,55,58,12,8866885.0,0,Merlin,7,2483,1
2019-10-12,23,27,30,36,40,42,58,11204025.0,0,Merlin,7,2484,1
2019-10-16,4,5,18,29,40,47,57,13023710.0,0,Merlin,8,2485,1
2019-10-19,8,15,17,31,33,52,13,3800000.0,0,Merlin,8,2486,1
2019-10-23,5,29,30,39,53,58,19,5107363.0,0,Arthur,5,2487,1
2019-10-26,16,23,26,38,56,59,32,7212165.0,0,Arthur,5,2488,1
2019-10-30,2,8,19,41,51,56,23,8609036.0,0,Arthur,6,2489,1
2019-11-02,13,16,28,34,41,56,40,10884211.0,0,Arthur,6,2490,1
2019-11-06,17,22,25,27,32,35,5,6317431.0,2,Merlin,7,2491,1
2019-11-09,2,11,16,46,51,58,31,3800000.0,0,Merlin,7,2492,1
2019-11-13,1,2,7,9,44,55,39,5078822.0,0,Merlin,8,2493,1
2019-11-16,2,10,25,51,56,59,17,7237103.0,0,Merlin,8,2494,1
2019-11-20,8,17,31,47,49,52,12,8602997.0,0,Arthur,9,2495,1
2019-11-23,23,25,28,38,47,58,31,25000000.0,0,Arthur,9,2496,1
2019-11-27,7,16,22,39,48,55,50,2000000.0,0,Arthur,10,2497,1
2019-11-30,8,16,24,36,40,57,51,4133959.0,0,Arthur,10,2498,1
2019-12-04,9,13,21,25,28,31,1,5434036.0,0,Merlin,11,2499,1
2019-12-07,6,20,27,34,35,57,39,7661555.0,0,Merlin,11,2500,1
2019-12-11,7,14,16,33,35,47,25,9122574.0,0,Guinevere,9,2501,1
2019-12-14,2,21,23,32,44,49,56,11598525.0,0,Guinevere,9,2502,1
2019-12-18,13,15,36,44,50,56,45,2000000.0,1,Guinevere,10,2503,1
2019-12-21,12,27,33,36,42,45,26,3800000.0,0,Guinevere,10,2504,1
2019-12-25,5,10,11,45,54,58,40,15000000.0,0,Lancelot,11,2505,1
2019-12-28,1,2,12,23,41,55,9,3800000.0,0,Lancelot,11,2506,1
2020-01-01,13,20,30,38,50,55,5,5374793.0,1,Lancelot,9,2507,1
2020-01-04,3,13,14,34,50,51,11,3800000.0,0,Lancelot,9,2508,1
2020-01-08,2,23,42,47,50,59,32,5108359.0,0,Guinevere,10,2509,1
2020-01-11,27,28,46,51,55,57,14,7244823.0,1,Guinevere,10,2510,1
2020-01-15,15,25,50,52,54,55,28,2000000.0,0,Guinevere,11,2511,1
2020-01-18,14,29,35,41,42,55,11,4043416.0,0,Guinevere,11,2512,1
2020-01-22,19,23,25,29,30,36,14,5343030.0,0,Lancelot,1,2513,1
2020-01-25,18,30,33,39,54,55,21,7549456.0,0,Lancelot,1,2514,1
2020-01-29,7,23,40,42,47,59,58,9013157.0,0,Lancelot,2,2515,1
2020-02-01,7,42,44,47,58,59,52,11574206.0,0,Lancelot,2,2516,1
2020-02-05,20,31,39,42,43,48,1,2000000.0,1,Guinevere,3,2517,1
2020-02-08,8,35,42,43,54,59,21,3800000.0,0,Guinevere,3,2518,1
2020-02-12,2,3,5,27,51,54,6,5051768.0,1,Guinevere,4,2519,1
2020-02-15,10,11,33,41,45,54,18,3800000.0,1,Guinevere,4,2520,1
2020-02-19,7,18,21,27,28,48,10,2000000.0,0,Lancelot,1,2521,1
2020-02-22,21,23,25,27,36,47,17,4098400.0,0,Lancelot,1,2522,1
2020-02-26,19,20,27,49,52,57,4,5446003.0,0,Lancelot,2,2523,1
2020-02-29,25,32,34,52,55,58,9,7629623.0,0,Lancelot,2,2524,1
2020-03-04,4,7,14,19,50,56,8,9065390.0,0,Guinevere,3,2525,1
2020-03-07,5,29,35,36,40,44,42,11578001.0,0,Guinevere,3,2526,1
2020-03-11,10,39,45,46,52,54,12,2000000.0,0,Guinevere,4,2527,1
2020-03-14,7,22,30,38,42,47,14,4037783.0,1,Guinevere,4,2528,1
2020-03-18,3,7,11,19,27,52,5,1000000.0,2,Lancelot,1,2529,1
2020-03-21,12,26,29,34,56,58,41,3800000.0,0,Lancelot,1,2530,1
2020-03-25,11,24,25,39,53,57,9,4940167.0,0,Lancelot,2,2531,1
2020-03-28,8,14,27,33,46,49,11,6777904.0,0,Lancelot,2,2532,1
2020-04-01,4,16,17,22,27,52,30,8061599.0,0,Guinevere,3,2533,1
2020-04-04,4,22,28,39,45,49,25,10108907.0,0,Guinevere,3,2534,1
2020-04-08,1,4,19,20,41,45,7,11735036.0,0,Guinevere,4,2535,1
2020-04-11,20,28,30,31,44,55,50,3800000.0,0,Guinevere,4,2536,1
2020-04-15,25,37,38,43,54,57,17,5034166.0,0,Lancelot,5,2537,1
2020-04-18,3,6,31,43,46,53,26,7006533.0,0,Lancelot,5,2538,1
2020-04-22,3,8,18,47,50,59,12,8381216.0,0,Lancelot,6,2539,1
2020-04-25,3,9,21,25,28,59,36,10534194.0,0,Lancelot,6,2540,1
2020-04-29,16,17,32,36,40,47,4,12384648.0,0,Guinevere,7,2541,1
2020-05-02,14,18,23,39,44,52,47,3800000.0,0,Guinevere,7,2542,1
2020-05-06,23,29,32,48,49,51,13,5060015.0,0,Guinevere,8,2543,1
2020-05-09,7,18,21,26,42,50,59,7101234.0,0,Guinevere,8,2544,1
2020-05-13,14,16,19,31,38,47,20,8556588.0,0,Lancelot,5,2545,1
2020-05-16,4,20,21,44,48,52,34,10848734.0,1,Lancelot,5,2546,1
2020-05-20,7,24,26,37,40,57,44,2000000.0,0,Lancelot,6,2547,1
2020-05-23,15,37,38,42,45,59,54,4013092.0,0,Lancelot,6,2548,1
2020-05-27,4,7,19,23,34,38,46,5333552.0,0,Guinevere,7,2549,1
2020-05-30,2,6,8,32,33,35,45,7484179.0,1,Guinevere,7,2550,1
2020-06-03,1,2,5,11,14,33,48,2000000.0,1,Guinevere,8,2551,1
2020-06-06,3,6,12,17,35,40,33,3800000.0,0,Guinevere,8,2552,1
2020-06-10,20,26,50,51,55,57,40,5157518.0,0,Merlin,9,2553,1
2020-06-13,10,12,19,21,35,51,42,7255444.0,0,Merlin,9,2554,1
2020-06-17,2,9,33,39,48,54,43,8705423.0,0,Merlin,10,2555,1
2020-06-20,7,21,26,30,40,48,13,10962695.0,0,Merlin,10,2556,1
2020-06-24,1,8,33,50,52,57,41,12867635.0,0,Arthur,11,2557,1
2020-06-27,2,15,19,33,37,43,12,7500000.0,2,Arthur,11,2558,1
2020-07-01,1,8,24,27,29,55,4,2000000.0,0,Arthur,9,2559,1
2020-07-04,32,33,34,48,52,57,13,4076461.0,0,Arthur,9,2560,1
2020-07-08,5,18,22,31,50,59,30,5423577.0,0,Merlin,10,2561,1
2020-07-11,9,10,14,17,32,58,22,7548573.0,0,Merlin,10,2562,1
2020-07-15,9,27,29,37,44,53,49,9008155.0,0,Merlin,11,2563,1
2020-07-18,1,20,24,32,33,42,30,11499676.0,0,Merlin,11,2564,1
2020-07-22,2,7,11,23,37,45,19,2000000.0,1,Arthur,9,2565,1
2020-07-25,10,13,14,18,33,34,15,3800000.0,0,Arthur,9,2566,1
2020-07-29,1,24,39,46,49,52,51,5139353.0,1,Arthur,10,2567,1
2020-08-01,4,10,13,24,53,56,22,3800000.0,0,Arthur,10,2568,1
2020-08-05,1,28,42,43,51,58,36,5102936.0,0,Merlin,11,2569,1
2020-08-08,2,40,49,53,56,58,41,7178766.0,0,Merlin,11,2570,1
2020-08-12,6,8,27,31,37,51,20,8526920.0,0,Merlin,1,2571,1
2020-08-15,10,14,16,22,25,34,21,10770647.0,1,Merlin,1,2572,1
2020-08-19,21,22,32,36,45,50,5,2000000.0,0,Arthur,2,2573,1
2020-08-22,19,23,24,28,37,51,12,3988224.0,0,Arthur,2,2574,1
2020-08-26,4,8,24,27,31,39,45,5316218.0,0,Arthur,3,2575,1
2020-08-29,5,10,21,47,51,57,16,7543906.0,0,Arthur,3,2576,1
2020-09-02,11,15,45,54,55,58,12,9041705.0,0,Merlin,4,2577,1
2020-09-05,3,11,28,36,38,47,32,20000000.0,0,Merlin,4,2578,1
2020-09-09,11,13,33,48,50,56,55,2000000.0,0,Merlin,1,2579,1
2020-09-12,5,23,36,37,42,52,14,4051990.0,0,Merlin,1,2580,1
2020-09-16,16,20,29,33,47,49,45,5386435.0,0,Arthur,2,2581,1
2020-09-19,9,13,39,49,52,53,56,7566684.0,0,Arthur,2,2582,1
2020-09-23,8,17,28,35,47,51,52,8998696.0,0,Arthur,3,2583,1
2020-09-26,1,19,35,38,54,55,45,11496937.0,0,Arthur,3,2584,1
2020-09-30,10,25,34,41,46,55,36,2000000.0,0,Merlin,4,2585,1
2020-10-03,1,4,13,24,27,47,2,4032838.0,0,Merlin,4,2586,1
2020-10-07,12,18,37,52,56,58,53,5397910.0,0,Merlin,1,2587,1
2020-10-10,11,21,36,45,49,56,2,7555131.0,0,Merlin,1,2588,1
2020-10-14,9,12,28,31,46,50,10,8996243.0,1,Arthur,2,2589,1
2020-10-17,26,32,38,41,49,51,46,3800000.0,0,Arthur,2,2590,1
2020-10-21,9,12,27,28,29,44,8,5099582.0,0,Arthur,3,2591,1
2020-10-24,13,18,19,47,53,57,44,7254754.0,0,Arthur,3,2592,1
2020-10-28,11,18,27,38,47,59,14,8692170.0,0,Merlin,4,2593,1
2020-10-31,1,6,16,34,49,59,35,10998085.0,0,Merlin,4,2594,1
2020-11-04,10,20,28,32,35,50,24,12980180.0,0,Merlin,5,2595,1
2020-11-07,3,33,45,50,52,56,44,20000000.0,0,Merlin,5,2596,1
2020-11-11,6,36,46,49,50,59,38,2000000.0,0,Arthur,6,2597,1
2020-11-14,25,37,39,44,50,56,13,4128919.0,0,Arthur,6,2598,1
2020-11-18,18,26,27,28,41,54,45,5479080.0,0,Arthur,7,2599,1
2020-11-21,23,32,37,49,54,57,47,7743072.0,0,Arthur,7,2600,1
2020-11-25,11,18,30,33,44,55,48,9261078.0,0,Merlin,8,2601,1
2020-11-28,9,27,35,45,46,57,32,12032594.0,0,Merlin,8,2602,1
2020-12-02,16,22,26,38,39,47,48,2000000.0,0,Merlin,5,2603,1
2020-12-05,13,38,47,51,52,59,18,4109513.0,0,Arthur,5,2604,1
2020-12-09,7,8,10,14,28,33,26,2732892.0,2,Guinevere,6,2605,1
2020-12-12,13,38,39,49,53,56,59,3800000.0,1,Guinevere,6,2606,1
2020-12-16,2,28,30,36,38,43,33,2000000.0,0,Guinevere,7,2607,1
2020-12-19,4,10,14,21,27,28,23,4091879.0,0,Guinevere,7,2608,1
2020-12-23,20,42,48,51,52,54,21,15000000.0,0,Lancelot,8,2609,1
2020-12-26,26,43,44,46,52,55,6,3800000.0,0,Lancelot,8,2610,1
2020-12-30,11,17,21,24,37,49,45,5250464.0,0,Lancelot,5,2611,1
2021-01-02,6,8,9,36,39,57,37,7534975.0,0,Lancelot,5,2612,1
2021-01-06,2,8,36,51,52,54,10,9038072.0,0,Guinevere,6,2613,1
2021-01-09,9,21,23,30,35,38,53,20000000.0,1,Guinevere,6,2614,1
2021-01-13,1,8,12,16,18,42,4,2000000.0,1,Guinevere,7,2615,1
2021-01-16,3,15,38,45,48,53,27,3800000.0,0,Guinevere,7,2616,1
2021-01-20,3,5,7,13,25,57,37,5159502.0,0,Lancelot,8,2617,1
2021-01-23,1,6,25,45,49,52,56,7442457.0,0,Lancelot,8,2618,1
2021-01-27,22,30,34,35,45,50,51,8930580.0,0,Lancelot,9,2619,1
2021-01-30,4,28,31,36,51,55,42,11429710.0,0,Lancelot,9,2620,1
2021-02-03,4,9,17,21,26,46,12,13420584.0,0,Guinevere,10,2621,1
2021-02-06,27,28,32,39,46,52,6,3800000.0,0,Guinevere,10,2622,1
2021-02-10,1,15,29,33,42,49,54,5167620.0,0,Guinevere,11,2623,1
2021-02-13,15,16,37,42,44,50,48,7459411.0,0,Guinevere,11,2624,1
2021-02-17,5,6,8,20,26,39,1,8990812.0,0,Lancelot,9,2625,1
2021-02-20,3,16,18,24,36,56,10,11543517.0,0,Lancelot,9,2626,1
2021-02-24,1,9,16,17,18,34,13,13680714.0,0,Lancelot,10,2627,1
2021-02-27,4,33,36,39,45,49,20,3800000.0,0,Lancelot,10,2628,1
2021-03-03,2,3,8,23,40,54,52,5250564.0,0,Guinevere,11,2629,1
2021-03-06,16,17,29,47,52,56,15,20000000.0,0,Guinevere,11,2630,1
2021-03-10,1,5,9,21,26,42,17,2000000.0,0,Guinevere,9,2631,1
2021-03-13,6,8,11,17,29,44,20,4334826.0,1,Guinevere,9,2632,1
2021-03-17,7,16,26,28,36,58,9,2000000.0,0,Lancelot,10,2633,1
2021-03-20,12,15,24,34,36,51,21,4255018.0,0,Lancelot,10,2634,1
2021-03-24,2,3,23,27,40,50,30,5692601.0,0,Lancelot,11,2635,1
2021-03-27,3,5,18,22,26,49,29,8094876.0,0,Lancelot,11,2636,1
2021-03-31,4,6,13,49,56,58,12,9704965.0,0,Guinevere,1,2637,1
2021-04-03,2,8,28,32,40,45,5,12523601.0,1,Guinevere,1,2638,1
2021-04-07,12,38,40,51,57,58,29,2000000.0,0,Guinevere,2,2639,1
2021-04-10,20,25,26,48,49,50,30,4173869.0,0,Guinevere,2,2640,1
2021-04-14,6,12,20,48,52,57,34,5560498.0,0,Lancelot,3,2641,1
2021-04-17,7,8,18,21,23,57,4,7774079.0,0,Lancelot,3,2642,1
2021-04-21,4,6,14,32,34,39,46,9309773.0,0,Lancelot,4,2643,1
2021-04-24,16,24,29,30,32,38,1,12068332.0,0,Lancelot,4,2644,1
2021-04-28,1,4,27,48,57,59,5,2000000.0,0,Guinevere,1,2645,1
2021-05-01,7,10,31,32,34,40,14,4199425.0,0,Guinevere,1,2646,1
2021-05-05,8,27,34,40,55,56,43,5641372.0,0,Guinevere,2,2647,1
2021-05-08,10,12,23,31,37,46,15,7965400.0,0,Guinevere,2,2648,1
2021-05-12,10,17,23,40,51,52,20,9571521.0,0,Lancelot,3,2649,1
2021-05-15,6,19,27,32,39,57,50,12395599.0,0,Lancelot,3,2650,1
2021-05-19,18,36,50,53,57,58,22,2000000.0,0,Lancelot,4,2651,1
2021-05-22,9,20,41,43,46,48,7,20000000.0,0,Lancelot,4,2652,1
2021-05-26,28,33,36,45,49,51,48,2000000.0,0,Guinevere,1,2653,1
2021-05-29,1,10,16,36,46,55,44,4131870.0,0,Guinevere,1,2654,1
2021-06-02,1,15,17,33,53,59,41,5490597.0,0,Guinevere,2,2655,1
2021-06-05,3,6,33,39,46,57,17,7741908.0,0,Guinevere,2,2656,1
2021-06-09,9,15,24,34,43,49,32,9279194.0,0,Lancelot,3,2657,1
2021-06-12,9,11,16,27,36,52,50,11966646.0,0,Lancelot,3,2658,1
2021-06-16,6,22,28,36,48,53,13,2000000.0,1,Lancelot,4,2659,1
2021-06-19,12,18,21,38,44,54,14,3800000.0,0,Lancelot,4,2660,1
2021-06-23,4,14,15,33,50,53,16,5129416.0,0,Guinevere,5,2661,1
2021-06-26,14,24,37,39,41,53,19,7288945.0,0,Guinevere,5,2662,1
2021-06-30,12,27,34,38,40,41,32,8724593.0,0,Guinevere,6,2663,1
2021-07-03,1,12,27,29,31,47,23,11095000.0,0,Guinevere,6,2664,1
2021-07-07,2,3,7,20,40,52,14,13137760.0,1,Lancelot,7,2665,1
2021-07-10,9,19,22,33,47,54,1,3800000.0,0,Lancelot,7,2666,1
2021-07-14,12,27,29,35,36,41,51,5143792.0,0,Lancelot,8,2667,1
2021-07-17,3,25,33,35,48,56,1,20000000.0,0,Lancelot,8,2668,1
2021-07-21,5,17,20,37,45,51,29,2000000.0,1,Guinevere,5,2669,1
2021-07-24,6,7,17,28,34,37,59,3800000.0,0,Guinevere,5,2670,1
2021-07-28,23,26,34,36,44,59,43,5162779.0,1,Guinevere,6,2671,1
2021-07-31,11,12,13,19,43,58,48,3800000.0,0,Guinevere,6,2672,1
2021-08-04,3,16,27,34,36,46,6,5158495.0,0,Lancelot,7,2673,1
2021-08-07,10,15,22,41,51,57,58,7357979.0,0,Lancelot,7,2674,1
2021-08-11,13,32,36,37,39,46,40,8817804.0,0,Lancelot,8,2675,1
2021-08-14,1,2,15,19,39,43,58,11165532.0,1,Lancelot,8,2676,1
2021-08-18,4,10,27,30,48,50,54,2000000.0,0,Arthur,5,2677,1
2021-08-21,17,18,27,28,35,57,51,4061448.0,0,Arthur,5,2678,1
2021-08-25,7,15,30,39,52,59,38,5419064.0,0,Arthur,6,2679,1
2021-08-28,18,24,34,49,50,57,41,7596828.0,0,Arthur,6,2680,1
2021-09-01,3,19,28,33,41,43,57,9079487.0,0,Merlin,7,2681,1
2021-09-04,1,14,21,36,39,41,34,20000000.0,0,Merlin,7,2682,1
2021-09-08,3,4,13,14,38,56,52,2000000.0,0,Merlin,8,2683,1
2021-09-11,2,13,38,42,52,54,39,4079277.0,0,Merlin,8,2684,1
2021-09-15,20,24,25,27,34,37,50,5383627.0,0,Arthur,9,2685,1
2021-09-18,19,32,44,45,52,53,12,15000000.0,0,Arthur,9,2686,1
2021-09-22,13,21,33,40,44,52,9,2000000.0,0,Arthur,10,2687,1
2021-09-25,13,15,31,32,36,56,53,4048514.0,0,Arthur,10,2688,1
2021-09-29,15,17,27,40,45,52,28,5370436.0,0,Merlin,11,2689,1
2021-10-02,32,35,36,37,40,51,43,7569060.0,0,Merlin,11,2690,1
2021-10-06,1,9,16,27,30,51,34,9052462.0,0,Merlin,9,2691,1
2021-10-09,6,9,30,48,51,52,55,11836281.0,0,Merlin,9,2692,1
2021-10-13,4,8,12,15,38,56,30,2000000.0,1,Arthur,10,2693,1
2021-10-16,4,18,21,24,37,58,22,3800000.0,0,Arthur,10,2694,1
2021-10-20,23,27,29,37,43,47,11,5107865.0,0,Arthur,11,2695,1
2021-10-23,4,13,21,27,28,37,19,7265148.0,0,Arthur,11,2696,1
2021-10-27,8,20,22,39,47,48,16,8714754.0,0,Merlin,9,2697,1
2021-10-30,7,18,47,51,56,59,17,11042269.0,1,Merlin,9,2698,1
2021-11-03,6,31,39,47,48,58,8,2000000.0,0,Merlin,10,2699,1
2021-11-06,3,7,21,29,34,39,19,20000000.0,0,Merlin,10,2700,1
2021-11-10,10,11,18,20,37,49,5,2000000.0,0,Arthur,11,2701,1
2021-11-13,13,14,16,28,43,52,56,4101869.0,1,Arthur,11,2702,1
2021-11-17,13,24,34,35,49,55,53,2000000.0,0,Arthur,1,2703,1
2021-11-20,5,16,17,32,51,59,53,4026102.0,1,Arthur,1,2704,1
2021-11-24,4,11,17,19,39,42,59,2000000.0,0,Merlin,2,2705,1
2021-11-27,1,15,16,17,24,48,9,4015362.0,0,Merlin,2,2706,1
2021-12-01,4,7,8,37,42,50,36,5364290.0,0,Merlin,3,2707,1
2021-12-04,8,24,25,32,33,46,47,7547238.0,0,Merlin,3,2708,1
2021-12-08,12,30,31,34,52,58,56,9035615.0,0,Arthur,1,2709,1
2021-12-11,6,13,14,15,31,33,38,11704275.0,0,Arthur,5,2710,1
2021-12-15,2,15,17,28,30,45,54,2000000.0,0,Arthur,6,2711,1
2021-12-18,12,23,27,45,51,54,59,4082078.0,0,Arthur,6,2712,1
2021-12-22,6,13,14,20,45,52,54,5472566.0,0,Merlin,7,2713,1
2021-12-25,15,24,26,30,42,59,18,15000000.0,0,Merlin,7,2714,1
2021-12-29,3,17,28,42,52,57,58,2000000.0,0,Merlin,8,2715,1
2022-01-01,14,29,31,41,43,56,42,4201355.0,0,Merlin,8,2716,1
2022-01-05,3,5,21,28,56,57,14,5544411.0,0,Arthur,5,2717,1
2022-01-08,21,28,33,36,43,46,27,7776811.0,0,Arthur,5,2718,1
2022-01-12,8,21,37,39,56,59,32,9311761.0,0,Arthur,6,2719,1
2022-01-15,13,14,25,31,37,39,4,12070921.0,0,Arthur,6,2720,1
2022-01-19,3,13,41,50,56,57,58,2000000.0,0,Merlin,7,2721,1
2022-01-22,1,20,25,35,46,59,28,4086582.0,0,Merlin,7,2722,1
2022-01-26,5,26,36,53,57,58,2,5382068.0,0,Merlin,8,2723,1
2022-01-29,4,12,35,41,47,50,46,7592322.0,0,Merlin,8,2724,1
2022-02-02,6,22,29,48,50,59,3,9091892.0,0,Guinevere,5,2725,1
2022-02-05,8,24,36,39,46,56,48,11847859.0,0,Guinevere,5,2726,1
2022-02-09,12,16,17,43,53,57,29,2000000.0,0,Guinevere,6,2727,1
2022-02-12,9,16,26,28,47,58,49,4081142.0,0,Guinevere,6,2728,1
2022-02-16,21,27,31,50,53,59,24,5408920.0,0,Lancelot,7,2729,1
2022-02-19,33,34,44,50,56,57,26,7576468.0,0,Lancelot,7,2730,1
2022-02-23,4,22,26,27,33,37,20,9021342.0,0,Lancelot,9,2731,1
2022-02-26,5,8,33,37,47,52,20,11812605.0,0,Lancelot,9,2732,1
2022-03-02,43,48,49,52,55,58,32,2000000.0,0,Guinevere,10,2733,1
2022-03-05,10,21,29,33,42,51,48,20000000.0,0,Guinevere,10,2734,1
2022-03-09,3,10,26,38,41,47,45,2000000.0,0,Guinevere,11,2735,1
2022-03-12,7,13,21,23,39,44,16,2055575.0,2,Guinevere,11,2736,1
2022-03-16,14,20,23,28,33,54,12,2000000.0,0,Lancelot,9,2737,1
2022-03-19,20,24,33,34,50,51,7,4045045.0,0,Lancelot,9,2738,1
2022-03-23,3,14,15,46,52,53,50,5335985.0,0,Lancelot,10,2739,1
2022-03-26,13,18,27,35,46,53,40,7495306.0,0,Lancelot,10,2740,1
2022-03-30,11,12,14,17,44,58,29,8944842.0,0,Guinevere,11,2741,1
2022-04-02,22,24,27,30,52,57,20,11698558.0,0,Guinevere,11,2742,1
2022-04-06,3,17,23,24,30,49,59,2000000.0,0,Guinevere,9,2743,1
2022-04-09,10,11,18,29,44,59,17,4033737.0,0,Guinevere,9,2744,1
2022-04-13,1,7,10,30,40,53,2,5355727.0,1,Lancelot,10,2745,1
2022-04-16,2,4,6,35,55,58,44,3800000.0,0,Lancelot,10,2746,1
2022-04-20,5,8,24,47,50,53,31,5021487.0,0,Lancelot,11,2747,1
2022-04-23,7,10,24,31,48,56,15,7112555.0,0,Lancelot,11,2748,1
2022-04-27,10,22,35,38,56,57,46,8525949.0,1,Guinevere,1,2749,1
2022-04-30,15,19,26,41,51,57,52,3800000.0,0,Guinevere,1,2750,1
2022-05-04,6,10,29,50,55,57,5,5036668.0,0,Guinevere,2,2751,1
2022-05-07,3,5,6,15,41,45,39,7120907.0,0,Guinevere,2,2752,1
2022-05-11,21,34,37,39,44,51,26,8606092.0,1,Lancelot,3,2753,1
2022-05-14,12,15,21,24,39,50,35,3800000.0,0,Lancelot,3,2754,1
2022-05-18,18,20,38,40,42,51,45,5055480.0,0,Lancelot,4,2755,1
2022-05-21,12,25,37,48,51,57,8,7177782.0,0,Lancelot,4,2756,1
2022-05-25,30,31,37,45,49,56,51,8576335.0,1,Guinevere,1,2757,1
2022-05-28,5,16,24,34,44,57,20,3800000.0,1,Guinevere,1,2758,1
2022-06-01,1,4,6,30,32,38,18,2000000.0,0,Arthur,2,2759,1
2022-06-04,9,19,41,46,52,59,24,20000000.0,1,Arthur,2,2760,1
2022-06-08,11,23,25,38,53,58,52,2000000.0,0,Arthur,3,2761,1
2022-06-11,20,21,32,34,52,59,1,4026408.0,0,Arthur,3,2762,1
2022-06-15,3,26,37,38,41,53,36,5295297.0,0,Merlin,4,2763,1
2022-06-18,11,14,36,39,42,59,21,7440150.0,1,Merlin,4,2764,1
2022-06-22,21,36,40,46,48,54,38,2000000.0,0,Merlin,1,2765,1
2022-06-25,13,23,25,31,43,52,6,3965089.0,1,Merlin,1,2766,1
2022-06-29,3,17,21,26,46,59,39,2000000.0,0,Arthur,2,2767,1
2022-07-02,9,23,33,43,48,53,1,4007421.0,0,Arthur,2,2768,1
2022-07-06,9,25,36,41,44,54,48,5321793.0,0,Arthur,3,2769,1
2022-07-09,6,12,15,24,40,48,45,7441782.0,0,Arthur,3,2770,1
2022-07-13,12,13,19,39,42,59,10,8963325.0,0,Merlin,4,2771,1
2022-07-16,2,12,19,32,54,58,23,11702037.0,0,Merlin,4,2772,1
2022-07-20,12,14,17,32,33,36,9,2000000.0,0,Merlin,5,2773,1
2022-07-23,2,10,13,34,41,54,26,4058060.0,0,Merlin,5,2774,1
2022-07-27,1,11,14,37,38,39,54,5390878.0,0,Arthur,6,2775,1
2022-07-30,7,16,17,19,33,57,12,7592042.0,0,Arthur,6,2776,1
2022-08-03,5,25,28,29,53,58,15,9116513.0,0,Arthur,7,2777,1
2022-08-06,14,15,31,41,44,45,20,20000000.0,1,Arthur,7,2778,1
2022-08-10,6,21,24,40,47,52,30,2000000.0,1,Merlin,8,2779,1
2022-08-13,15,22,42,49,50,54,59,3800000.0,0,Merlin,8,2780,1
2022-08-17,20,26,30,37,45,48,33,5037577.0,0,Merlin,5,2781,1
2022-08-20,3,5,6,9,35,59,38,7119865.0,0,Merlin,5,2782,1
2022-08-24,10,14,25,32,35,39,42,8546531.0,0,Arthur,6,2783,1
2022-08-27,7,10,20,24,30,38,19,10839432.0,0,Arthur,6,2784,1
2022-08-31,13,16,21,30,49,54,8,12824799.0,0,Arthur,7,2785,1
2022-09-03,9,25,42,43,46,52,6,3800000.0,0,Arthur,7,2786,1
2022-09-07,3,20,27,34,42,58,48,5081613.0,0,Merlin,8,2787,1
2022-09-10,2,6,7,29,31,42,9,7103875.0,1,Merlin,8,2788,1
2022-09-14,25,38,45,46,55,57,16,2000000.0,0,Merlin,5,2789,1
2022-09-17,11,22,25,28,45,55,15,3939781.0,0,Merlin,5,2790,1
2022-09-21,6,13,28,34,37,45,24,5232697.0,1,Arthur,6,2791,1
2022-09-24,14,15,18,22,39,50,51,3800000.0,0,Arthur,7,2792,1
2022-09-28,3,15,20,48,57,58,9,5070357.0,1,Arthur,7,2793,1
2022-10-01,1,4,9,40,44,58,21,20000000.0,0,Arthur,7,2794,1
2022-10-05,23,31,36,48,51,54,38,2000000.0,0,Merlin,8,2795,1
2022-10-08,6,8,12,26,32,46,51,4033171.0,1,Merlin,8,2796,1
2022-10-12,20,21,24,26,39,47,37,2000000.0,1,Merlin,9,2797,1
2022-10-15,11,13,18,25,36,55,39,3800000.0,0,Merlin,9,2798,1
2022-10-19,2,13,18,45,50,59,14,5061332.0,0,Arthur,10,2799,1
2022-10-22,11,33,42,56,58,59,34,7151188.0,0,Arthur,10,2800,1
2022-10-26,7,13,20,21,46,53,49,8507032.0,0,Arthur,11,2801,1
2022-10-29,7,15,26,37,39,58,41,10812851.0,0,Arthur,11,2802,1
2022-11-02,4,18,40,41,44,46,54,12803486.0,1,Merlin,9,2803,1
2022-11-05,2,13,27,31,38,41,34,3800000.0,1,Merlin,9,2804,1
2022-11-09,1,5,29,31,44,58,8,2000000.0,0,Merlin,10,2805,1
2022-11-12,4,11,22,37,44,48,39,4006571.0,1,Merlin,10,2806,1
2022-11-16,1,18,27,30,39,53,58,2000000.0,0,Arthur,11,2807,1
2022-11-19,5,17,20,30,39,49,59,3991616.0,0,Arthur,11,2808,1
2022-11-23,5,16,29,42,43,58,37,5302460.0,0,Arthur,9,2809,1
2022-11-26,1,3,5,17,50,52,11,7444049.0,1,Arthur,9,2810,1
2022-11-30,13,17,20,47,49,50,11,2000000.0,0,Merlin,10,2811,1
2022-12-03,11,13,14,16,19,38,23,3987177.0,0,Merlin,10,2812,1
2022-12-07,9,21,33,37,45,51,55,5313728.0,0,Merlin,11,2813,1
2022-12-10,14,17,19,23,34,51,54,7438398.0,0,Merlin,11,2814,1
2022-12-14,16,39,41,44,49,50,6,8875077.0,0,Guinevere,1,2815,1
2022-12-17,15,22,38,39,49,56,32,11481636.0,0,Guinevere,1,2816,1
2022-12-21,5,19,34,38,53,54,31,2000000.0,0,Guinevere,2,2817,1
2022-12-24,1,8,14,46,49,59,19,15000000.0,0,Guinevere,2,2818,1
2022-12-28,5,19,27,31,48,57,30,2000000.0,0,Lancelot,3,2819,1
2022-12-31,27,34,47,56,57,58,19,15000000.0,0,Lancelot,3,2820,1
2023-01-04,1,4,9,32,42,58,26,2000000.0,0,Lancelot,4,2821,1
2023-01-07,6,7,11,33,45,57,18,4080682.0,1,Lancelot,4,2822,1
2023-01-11,4,19,22,46,54,56,21,2000000.0,0,Guinevere,1,2823,1
2023-01-14,9,33,37,39,47,54,24,4071418.0,0,Guinevere,1,2824,1
2023-01-18,11,23,26,36,37,44,53,5393437.0,0,Guinevere,2,2825,1
2023-01-21,7,9,14,21,30,57,18,7607105.0,0,Guinevere,2,2826,1
2023-01-25,4,7,19,23,50,58,8,9171779.0,0,Lancelot,3,2827,1
2023-01-28,5,8,20,23,30,50,25,6030699.0,2,Lancelot,3,2828,1
2023-02-01,16,28,29,31,53,59,34,2000000.0,0,Lancelot,4,2829,1
2023-02-04,2,5,23,27,31,58,56,4096733.0,0,Lancelot,4,2830,1
2023-02-08,13,26,28,33,42,53,55,5445896.0,0,Guinevere,1,2831,1
2023-02-11,3,5,37,46,47,57,50,7639134.0,1,Guinevere,1,2832,1
2023-02-15,10,20,34,42,50,56,14,2000000.0,0,Guinevere,2,2833,1
2023-02-18,9,35,49,52,53,58,29,4034109.0,0,Guinevere,2,2834,1
2023-02-22,11,13,15,23,34,39,9,5315349.0,1,Lancelot,3,2835,1
2023-02-25,22,31,32,45,50,53,35,3800000.0,1,Lancelot,3,2836,1
2023-03-01,5,28,36,39,48,49,35,2000000.0,0,Lancelot,4,2837,1
2023-03-04,6,16,24,30,33,44,7,4033045.0,0,Lancelot,4,2838,1
2023-03-08,5,29,41,49,57,59,22,5386138.0,0,Guinevere,5,2839,1
2023-03-11,1,19,27,28,41,50,49,7596452.0,0,Guinevere,5,2840,1
2023-03-15,2,12,24,37,39,43,36,9102449.0,0,Guinevere,6,2841,1
2023-03-18,13,22,39,46,54,59,58,11822031.0,0,Guinevere,6,2842,1
2023-03-22,5,27,33,37,42,58,10,2000000.0,0,Lancelot,7,2843,1
2023-03-25,11,13,30,40,43,44,28,4040564.0,0,Lancelot,7,2844,1
2023-03-29,10,24,27,32,42,52,37,5380683.0,0,Lancelot,8,2845,1
2023-04-01,3,7,13,40,43,47,49,7566571.0,0,Lancelot,8,2846,1
2023-04-05,4,18,29,30,39,52,46,9046577.0,0,Guinevere,5,2847,1
2023-04-08,4,12,19,20,24,42,17,20000000.0,0,Guinevere,5,2848,1
2023-04-12,12,16,29,39,45,51,5,2000000.0,0,Guinevere,6,2849,1
2023-04-15,3,13,17,21,35,58,29,4035997.0,0,Guinevere,6,2850,1
2023-04-19,7,22,25,47,54,58,37,5356322.0,0,Lancelot,7,2851,1
2023-04-22,8,22,29,31,35,51,46,7528121.0,0,Lancelot,7,2852,1
2023-04-26,19,26,27,29,53,57,17,9024240.0,0,Lancelot,8,2853,1
2023-04-29,12,31,35,41,44,56,59,11826941.0,0,Lancelot,8,2854,1
2023-05-03,12,28,33,37,42,49,25,2000000.0,0,Guinevere,5,2855,1
2023-05-06,3,23,33,36,54,55,7,20000000.0,0,Guinevere,5,2856,1
2023-05-10,9,15,22,45,52,57,12,2000000.0,0,Guinevere,6,2857,1
2023-05-13,2,13,32,42,54,58,28,4025899.0,0,Guinevere,6,2858,1
2023-05-17,1,2,4,9,50,51,17,5330510.0,0,Lancelot,7,2859,1
2023-05-20,7,24,34,36,44,51,20,7508042.0,0,Lancelot,7,2860,1
2023-05-24,3,4,10,13,14,36,18,4502217.0,2,Lancelot,8,2861,1
2023-05-27,5,14,22,37,42,49,54,3800000.0,0,Lancelot,8,2862,1
2023-05-31,19,24,28,33,41,54,48,5076717.0,1,Guinevere,5,2863,1
2023-06-03,4,13,15,20,22,59,17,3800000.0,0,Merlin,9,2864,1
2023-06-07,3,4,12,35,55,56,50,5079455.0,0,Merlin,10,2865,1
2023-06-10,13,29,36,39,44,56,3,7141851.0,0,Merlin,10,2866,1
2023-06-14,2,16,21,23,47,56,3,8476343.0,0,Arthur,11,2867,1
2023-06-17,11,13,28,32,46,47,21,10686174.0,0,Arthur,11,2868,1
2023-06-21,1,3,4,7,8,15,54,6310329.0,2,Arthur,9,2869,1
2023-06-24,17,18,22,36,39,53,31,3800000.0,0,Arthur,9,2870,1
2023-06-28,31,32,33,40,56,59,20,5102417.0,0,Merlin,10,2871,1
2023-07-01,1,12,20,22,24,35,34,20000000.0,1,Merlin,10,2872,1
2023-07-05,10,15,16,38,44,47,12,2000000.0,0,Merlin,11,2873,1
2023-07-08,6,15,18,23,24,59,14,4081735.0,0,Merlin,11,2874,1
2023-07-12,3,30,44,50,52,57,45,5411637.0,0,Arthur,9,2875,1
2023-07-15,10,11,37,45,46,58,30,7580789.0,0,Arthur,9,2876,1
2023-07-19,12,30,34,39,41,47,40,9005764.0,0,Arthur,10,2877,1
2023-07-22,11,14,20,35,41,46,2,11671861.0,1,Arthur,10,2878,1
2023-07-26,10,12,19,27,29,50,33,2000000.0,0,Merlin,11,2879,1
2023-07-29,8,20,21,33,37,56,25,4072923.0,0,Merlin,11,2880,1
2023-08-02,5,10,21,23,35,49,16,5396374.0,0,Merlin,2,2881,1
2023-08-05,5,22,28,38,50,58,2,7706455.0,0,Merlin,2,2882,1
2023-08-09,10,16,24,29,34,48,54,9178739.0,0,Arthur,3,2883,1
2023-08-12,14,17,21,24,25,39,44,11868266.0,0,Arthur,3,2884,1
2023-08-16,8,10,32,43,51,59,26,2000000.0,1,Arthur,4,2885,1
2023-08-19,2,7,17,28,31,37,8,3800000.0,0,Arthur,4,2886,1
2023-08-23,13,16,23,32,37,57,15,5106856.0,1,Merlin,1,2887,1
2023-08-26,12,13,41,42,45,50,43,3800000.0,0,Merlin,1,2888,1
2023-08-30,11,19,20,25,48,59,41,5048828.0,0,Merlin,2,2889,1
2023-09-02,9,11,46,49,53,55,16,20000000.0,0,Merlin,2,2890,1
2023-09-06,3,12,22,38,53,54,28,2000000.0,0,Arthur,3,2891,1
2023-09-09,15,20,39,43,49,59,56,4015491.0,0,Arthur,3,2892,1
2023-09-13,7,10,23,29,31,42,6,5269228.0,0,Arthur,4,2893,1
2023-09-16,7,17,22,24,31,59,50,7441399.0,1,Arthur,4,2894,1
2023-09-20,9,18,34,37,42,52,50,2000000.0,0,Merlin,1,2895,1
2023-09-23,12,34,37,41,55,58,13,4001306.0,0,Merlin,1,2896,1
2023-09-27,8,10,11,20,31,44,28,5238028.0,1,Merlin,2,2897,1
2023-09-30,1,8,14,20,24,40,52,3800000.0,1,Merlin,2,2898,1
2023-10-04,3,8,37,42,53,55,46,2000000.0,0,Arthur,3,2899,1
2023-10-07,10,16,20,22,47,52,26,3994329.0,1,Arthur,3,2900,1
2023-10-11,3,8,15,18,23,25,58,2000000.0,1,Arthur,4,2901,1
2023-10-14,4,27,28,31,51,57,48,3800000.0,0,Arthur,4,2902,1
2023-10-18,6,7,8,20,34,48,38,5022531.0,0,Merlin,5,2903,1
2023-10-21,14,15,26,37,43,54,6,7111041.0,0,Merlin,5,2904,1
2023-10-25,16,20,33,41,47,59,21,8448269.0,0,Merlin,6,2905,1
2023-10-28,25,28,37,38,42,50,6,10807968.0,0,Merlin,6,2906,1
2023-11-01,9,15,36,37,42,43,50,12805232.0,0,Arthur,7,2907,1
2023-11-04,20,37,39,52,54,57,43,3800000.0,0,Arthur,7,2908,1
2023-11-08,1,7,12,17,46,53,24,5026741.0,0,Arthur,8,2909,1
2023-11-11,12,26,28,34,41,42,32,7158445.0,0,Arthur,8,2910,1
2023-11-15,6,7,16,33,40,55,4,8539673.0,0,Arthur,5,2911,1
2023-11-18,3,11,22,23,32,47,56,10808389.0,0,Arthur,5,2912,1
2023-11-22,9,14,26,49,55,56,28,12849272.0,0,Arthur,6,2913,1
2023-11-25,5,9,31,34,46,48,49,3800000.0,0,Arthur,6,2914,1
2023-11-29,19,31,35,38,42,49,13,5068371.0,0,Arthur,7,2915,1
2023-12-02,2,4,11,23,26,33,40,7184056.0,0,Arthur,7,2916,1
2023-12-06,2,3,6,22,43,55,47,8621810.0,0,Arthur,8,2917,1
2023-12-09,15,27,33,44,46,59,30,10981323.0,0,Arthur,8,2918,1
2023-12-13,10,28,31,34,43,48,57,13035101.0,1,Lancelot,5,2919,1
2023-12-16,4,12,23,30,50,56,8,3800000.0,1,Lancelot,5,2920,1
2023-12-20,4,8,11,46,50,53,16,2000000.0,0,Lancelot,6,2921,1
2023-12-23,17,29,31,40,47,56,44,15000000.0,1,Lancelot,6,2922,1
2023-12-27,2,23,24,29,33,36,42,2000000.0,1,Guinevere,7,2923,1
2023-12-30,15,26,29,37,49,53,38,15000000.0,0,Guinevere,7,2924,1
2024-01-03,1,5,19,27,38,59,55,2000000.0,0,Guinevere,8,2925,1
2024-01-06,2,23,38,43,53,54,41,4103062.0,0,Guinevere,8,2926,1
2024-01-10,1,5,15,25,45,53,2,5405949.0,0,Lancelot,9,2927,1
2024-01-13,8,22,27,44,46,48,7,7638259.0,0,Lancelot,9,2928,1
2024-01-17,10,24,28,30,44,48,35,9152637.0,0,Lancelot,10,2929,1
2024-01-20,7,14,20,29,38,49,42,11972432.0,0,Lancelot,10,2930,1
2024-01-24,6,22,27,46,49,57,17,2000000.0,0,Guinevere,11,2931,1
2024-01-27,18,20,22,34,47,58,16,4090454.0,0,Guinevere,11,2932,1
2024-01-31,5,10,11,22,27,54,55,5411667.0,0,Guinevere,9,2933,1
2024-02-03,8,19,25,28,29,50,46,7630439.0,0,Guinevere,9,2934,1
2024-02-07,1,2,17,33,40,51,42,9127555.0,0,Lancelot,10,2935,1
2024-02-10,4,19,24,29,43,53,34,11888763.0,0,Lancelot,10,2936,1
2024-02-14,9,11,32,36,45,54,24,2000000.0,0,Lancelot,11,2937,1
2024-02-17,5,19,28,39,41,42,43,4091406.0,0,Lancelot,11,2938,1
2024-02-21,25,27,32,50,54,58,55,5434354.0,0,Guinevere,9,2939,1
2024-02-24,3,4,11,20,36,56,28,7626305.0,0,Guinevere,9,2940,1
2024-02-28,12,21,39,44,45,50,51,9124362.0,0,Guinevere,10,2941,1
2024-03-02,2,20,34,40,48,59,6,15000000.0,1,Guinevere,10,2942,1
2024-03-06,7,11,32,37,48,58,28,2000000.0,0,Lancelot,11,2943,1
2024-03-09,14,15,17,33,53,55,43,4085324.0,0,Lancelot,11,2944,1
2024-03-13,24,26,28,34,35,37,48,5377171.0,0,Lancelot,9,2945,1
2024-03-16,11,16,18,35,44,45,51,7539659.0,0,Lancelot,9,2946,1
2024-03-20,8,10,14,25,29,35,32,8953344.0,0,Guinevere,10,2947,1
2024-03-23,7,15,41,43,45,50,28,11669564.0,0,Guinevere,10,2948,1
2024-03-27,1,3,22,27,42,48,9,2000000.0,0,Guinevere,11,2949,1
2024-03-30,15,16,19,37,49,51,17,4108976.0,0,Lancelot,11,2950,1
2024-04-03,3,32,38,41,46,48,40,5395739.0,0,Lancelot,1,2951,1
2024-04-06,10,12,14,17,20,29,33,7530298.0,1,Lancelot,1,2952,1
2024-04-10,9,19,24,31,39,56,55,2000000.0,0,Lancelot,2,2953,1
2024-04-13,17,26,31,33,45,48,47,4006444.0,0,Lancelot,2,2954,1
2024-04-17,11,26,28,31,35,39,40,5281290.0,1,Guinevere,3,2955,1
2024-04-20,5,26,29,43,52,54,32,3800000.0,0,Guinevere,3,2956,1
2024-04-24,8,14,18,53,56,59,40,5043064.0,0,Guinevere,4,2957,1
2024-04-27,2,15,18,25,57,58,53,7141148.0,0,Guinevere,4,2958,1
2024-05-01,13,16,21,22,44,53,36,8528659.0,0,Lancelot,1,2959,1
2024-05-04,2,7,16,31,54,59,10,10767270.0,0,Lancelot,1,2960,1
2024-05-08,4,13,34,38,43,52,36,12644545.0,0,Lancelot,2,2961,1
2024-05-11,12,13,14,34,50,51,22,15000000.0,0,Lancelot,2,2962,1
2024-05-15,11,17,25,47,52,53,37,2000000.0,0,Guinevere,3,2963,1
2024-05-18,9,13,22,45,46,48,29,3967428.0,1,Guinevere,3,2964,1
2024-05-22,6,7,25,31,35,43,12,2000000.0,0,Guinevere,4,2965,1
2024-05-25,6,28,30,40,53,58,13,3989017.0,0,Guinevere,4,2966,1
2024-05-29,1,8,16,22,25,56,4,5257712.0,0,Lancelot,1,2967,1
2024-06-01,6,11,16,21,43,50,9,7373052.0,0,Lancelot,1,2968,1
2024-06-05,1,9,13,21,33,58,28,8765924.0,0,Arthur,2,2969,1
2024-06-08,3,7,10,23,24,41,59,11449068.0,1,Arthur,2,2970,1
2024-06-12,13,40,41,42,51,59,5,2000000.0,0,Arthur,3,2971,1
2024-06-15,1,9,25,29,34,39,22,3975857.0,0,Arthur,3,2972,1
2024-06-19,3,7,13,15,21,52,23,5260136.0,0,Merlin,4,2973,1
2024-06-22,5,9,18,32,44,58,34,7351116.0,0,Merlin,4,2974,1
2024-06-26,8,27,34,36,37,56,54,8792560.0,0,Merlin,5,2975,1
2024-06-29,7,11,19,25,29,31,6,11473912.0,0,Merlin,5,2976,1
2024-07-03,1,8,42,46,50,58,51,2000000.0,0,Arthur,6,2977,1
2024-07-06,11,18,24,37,47,59,13,15000000.0,1,Arthur,6,2978,1
2024-07-10,8,9,13,19,26,48,54,2000000.0,0,Arthur,7,2979,1
2024-07-13,22,27,37,38,49,51,59,4026647.0,0,Arthur,7,2980,1
2024-07-17,2,7,32,44,45,49,39,5269627.0,0,Merlin,5,2981,1
2024-07-20,9,19,22,41,55,58,44,7233404.0,1,Merlin,5,2982,1
2024-07-24,3,17,23,29,31,34,46,2000000.0,0,Merlin,6,2983,1
2024-07-27,3,25,27,33,40,45,58,4007501.0,0,Merlin,6,2984,1
2024-07-31,12,16,21,33,52,58,37,5300769.0,0,Arthur,7,2985,1
2024-08-03,6,19,20,26,28,45,7,15000000.0,0,Arthur,7,2986,1
2024-08-07,10,11,22,42,49,56,58,2000000.0,0,Arthur,8,2987,1
2024-08-10,2,25,40,42,48,59,12,4002090.0,0,Arthur,8,2988,1
2024-08-14,7,15,30,36,45,48,27,5262943.0,1,Merlin,5,2989,1
2024-08-17,3,6,10,18,52,59,49,3800000.0,0,Merlin,5,2990,1
2024-08-21,9,23,37,42,53,57,58,5051614.0,0,Merlin,6,2991,1
2024-08-24,4,17,30,34,39,43,45,7127514.0,0,Merlin,6,2992,1
2024-08-28,4,10,25,29,49,53,30,8460930.0,0,Arthur,7,2993,1
2024-08-31,2,3,29,45,48,52,54,10721591.0,0,Arthur,7,2994,1
2024-09-04,3,6,15,25,29,41,17,12626193.0,1,Arthur,8,2995,1
2024-09-07,13,32,33,37,38,50,2,15000000.0,0,Arthur,8,2996,1
2024-09-11,3,10,23,41,53,57,28,2000000.0,0,Merlin,8,2997,1
2024-09-14,21,27,38,47,49,55,54,3990111.0,0,Merlin,8,2998,1
2024-09-18,7,20,33,50,51,57,44,5252313.0,0,Merlin,9,2999,1
2024-09-21,5,17,26,48,49,57,56,7303317.0,0,Merlin,9,3000,1
2024-09-25,1,3,4,14,55,57,2,8665211.0,0,Arthur,10,3001,1
2024-09-28,18,23,36,38,39,54,12,11310063.0,0,Arthur,10,3002,1
2024-10-02,4,5,6,20,21,59,2,2000000.0,0,Arthur,11,3003,1
2024-10-05,8,12,13,20,44,49,19,4021501.0,0,Arthur,11,3004,1
2024-10-09,4,7,20,41,55,56,48,5330124.0,0,Merlin,9,3005,1
2024-10-12,2,11,13,17,39,41,37,7422407.0,1,Merlin,9,3006,1
2024-10-16,9,11,29,41,42,48,43,2000000.0,0,Merlin,10,3007,1
2024-10-19,22,43,44,47,48,54,25,3997249.0,0,Merlin,10,3008,1
2024-10-23,6,9,23,27,45,51,47,5243988.0,0,Arthur,11,3009,1
2024-10-26,9,16,30,41,44,47,13,7359568.0,1,Arthur,11,3010,1
2024-10-30,27,36,41,43,54,57,7,2000000.0,0,Arthur,9,3011,1
2024-11-02,11,12,16,19,35,50,34,3986658.0,0,Arthur,9,3012,1
2024-11-06,3,6,14,19,32,35,17,2637641.0,2,Merlin,10,3013,1
2024-11-09,33,36,43,44,50,56,18,15000000.0,0,Merlin,10,3014,1
2024-11-13,11,12,28,29,41,54,17,2000000.0,0,Merlin,11,3015,1
2024-11-16,12,16,31,38,58,59,41,4026427.0,0,Merlin,11,3016,1
2024-11-20,2,7,27,33,37,56,30,5297691.0,0,Arthur,11,3017,1
2024-11-23,3,8,13,33,39,44,56,7418062.0,1,Arthur,11,3018,1
2024-11-27,15,31,35,38,42,59,6,2000000.0,0,Arthur,9,3019,1
2024-11-30,14,19,21,22,24,38,17,3995882.0,0,Arthur,9,3020,1
2024-12-04,12,19,25,35,37,39,3,5296513.0,0,Merlin,10,3021,1
2024-12-07,9,12,14,26,35,42,18,7389095.0,1,Guinevere,10,3022,1
2024-12-11,2,32,35,36,49,52,19,2000000.0,0,Guinevere,1,3023,1
2024-12-14,1,11,12,17,19,54,3,3956775.0,0,Guinevere,1,3024,1
2024-12-18,18,20,28,39,52,58,38,5298353.0,0,Lancelot,2,3025,1
2024-12-21,3,4,10,16,40,54,8,7461142.0,0,Lancelot,2,3026,1
2024-12-25,9,15,17,35,47,51,31,15000000.0,0,Lancelot,3,3027,1
2024-12-28,16,28,34,40,53,54,55,3800000.0,0,Lancelot,3,3028,1
2025-01-01,18,31,35,38,42,54,41,5427783.0,0,Guinevere,4,3029,1
2025-01-04,16,19,22,24,27,35,28,7533329.0,1,Guinevere,4,3030,1
2025-01-08,7,17,20,24,27,46,21,2000000.0,0,Guinevere,1,3031,1
2025-01-11,2,6,10,12,28,29,57,4033571.0,1,Guinevere,1,3032,1
2025-01-15,11,33,34,38,55,57,20,2000000.0,0,Lancelot,2,3033,1
2025-01-18,2,13,24,29,32,39,46,4004523.0,1,Lancelot,2,3034,1
2025-01-22,2,5,12,20,47,57,43,2000000.0,0,Lancelot,3,3035,1
2025-01-25,14,23,24,32,38,54,50,4014574.0,0,Lancelot,3,3036,1
2025-01-29,7,14,29,31,38,39,56,5336678.0,0,Guinevere,4,3037,1
2025-02-01,1,13,25,30,32,35,2,15000000.0,0,Guinevere,4,3038,1
2025-02-05,26,27,34,41,51,54,52,2000000.0,0,Guinevere,1,3039,1
2025-02-08,6,28,36,45,47,52,51,4043469.0,0,Guinevere,1,3040,1
2025-02-12,8,33,34,50,56,59,17,5359596.0,0,Lancelot,2,3041,1
2025-02-15,17,31,39,46,52,57,1,7483933.0,1,Lancelot,2,3042,1
2025-02-19,5,7,37,39,40,43,8,2000000.0,0,Lancelot,3,3043,1
2025-02-22,3,7,9,29,33,51,5,3984470.0,0,Lancelot,3,3044,1
2025-02-26,1,4,10,26,31,40,24,1772335.0,3,Guinevere,4,3045,1
2025-03-01,6,11,14,19,41,43,53,1900000.0,2,Guinevere,4,3046,1
2025-03-05,8,18,19,30,43,44,58,2000000.0,0,Guinevere,5,3047,1
2025-03-08,1,19,29,33,42,44,21,4014596.0,0,Guinevere,5,3048,1
2025-03-12,4,38,42,52,56,58,44,5332422.0,0,Lancelot,6,3049,1
2025-03-15,4,5,6,20,31,33,28,7441273.0,0,Lancelot,6,3050,1
2025-03-19,6,15,27,35,41,43,28,8943271.0,0,Lancelot,7,3051,1
2025-03-22,10,11,34,38,54,55,26,11772176.0,1,Lancelot,7,3052,1
2025-03-26,17,18,22,34,53,58,14,2000000.0,0,Guinevere,8,3053,1
2025-03-29,1,7,17,35,43,57,19,4012978.0,0,Guinevere,8,3054,1
2025-04-02,5,30,36,40,41,43,53,5297193.0,0,Guinevere,5,3055,1
2025-04-05,10,26,33,53,57,59,18,7335269.0,1,Guinevere,5,3056,1
2025-04-09,12,14,28,31,33,46,43,2000000.0,0,Lancelot,6,3057,1
2025-04-12,4,10,12,22,53,55,31,3926411.0,0,Lancelot,6,3058,1
2025-04-16,27,36,39,48,57,59,45,5208504.0,1,Lancelot,7,3059,1
2025-04-19,1,2,11,13,30,37,33,15000000.0,0,Lancelot,7,3060,1
2025-04-23,1,24,26,28,37,42,44,2000000.0,0,Guinevere,8,3061,1
2025-04-26,7,8,11,32,36,59,21,3989857.0,1,Guinevere,8,3062,1
2025-04-30,16,23,28,40,42,55,44,2000000.0,0,Guinevere,5,3063,1
2025-05-03,17,18,23,38,41,47,9,3951589.0,0,Guinevere,5,3064,1
2025-05-07,3,12,21,24,41,45,20,5216859.0,0,Lancelot,6,3065,1
2025-05-10,13,14,15,27,33,36,18,7285879.0,0,Lancelot,6,3066,1
2025-05-14,2,14,34,37,48,52,29,8729961.0,0,Lancelot,7,3067,1
2025-05-17,18,24,34,35,47,51,26,11343776.0,0,Lancelot,7,3068,1
2025-05-21,5,6,16,20,30,36,2,1000000.0,2,Guinevere,8,3069,1
2025-05-24,9,12,13,26,38,40,4,3800000.0,1,Guinevere,8,3070,1
2025-05-28,8,28,31,33,49,55,13,2000000.0,0,Guinevere,5,3071,1
2025-05-31,8,11,12,16,20,33,52,3966543.0,1,Guinevere,9,3072,1
2025-06-04,2,9,19,32,45,57,31,2000000.0,0,Lancelot,10,3073,1
2025-06-07,11,17,27,30,39,46,56,4003513.0,1,Lancelot,10,3074,1
2025-06-11,8,13,35,42,47,53,39,2000000.0,0,Lancelot,9,3075,1
2025-06-14,8,20,36,42,48,59,46,3967860.0,0,Lancelot,9,3076,1
2025-06-18,8,15,31,38,44,49,59,5259007.0,1,Guinevere,10,3077,1
2025-06-21,6,10,12,13,31,58,15,3800000.0,0,Guinevere,10,3078,1
2025-06-25,14,16,21,42,49,54,41,5080097.0,0,Guinevere,9,3079,1
2025-06-28,16,17,22,38,40,47,4,7088541.0,0,Guinevere,9,3080,1
2025-07-02,4,11,34,51,54,55,57,8434748.0,1,Lancelot,10,3081,1
2025-07-05,9,12,18,37,43,45,15,15000000.0,0,Lancelot,10,3082,1
2025-07-09,6,12,15,25,51,58,57,2000000.0,0,Lotto 2,1,3083,1
2025-07-12,4,11,17,25,41,51,14,3925025.0,0,Lotto 2,1,3084,1
2025-07-16,6,9,12,15,47,55,56,5218941.0,0,Lotto 2,2,3085,1
2025-07-19,5,7,25,29,40,46,15,7298768.0,0,Lotto 2,2,3086,1
2025-07-23,3,9,11,16,21,48,22,8735166.0,0,Lotto 2,1,3087,1
2025-07-26,9,23,24,28,42,57,18,11438016.0,0,Lotto 2,1,3088,1
2025-07-30,3,5,7,18,21,37,38,2000000.0,0,Lotto 2,4,3089,1
2025-08-02,1,5,10,30,33,50,56,4007837.0,0,Lotto 2,4,3090,1
2025-08-06,5,9,17,31,47,58,35,5302085.0,0,Lotto 2,3,3091,1
2025-08-09,2,27,29,38,44,51,23,7394521.0,1,Lotto 2,3,3092,1
2025-08-13,1,16,27,41,50,55,54,2000000.0,0,Lotto 2,2,3093,1
2025-08-16,1,11,15,19,45,48,37,3899678.0,0,Lotto 2,2,3094,1
2025-08-20,1,9,10,32,44,55,49,5208913.0,0,Lotto 2,3,3095,1
2025-08-23,7,30,38,42,54,59,5,7265037.0,0,Lotto 2,3,3096,1
2025-08-27,5,25,43,45,47,55,58,8655122.0,1,Lotto 2,4,3097,1
2025-08-30,6,10,19,20,43,59,16,3800000.0,0,Lotto 2,4,3098,1
2025-09-03,7,15,18,22,31,54,28,5063522.0,0,Lotto 2,1,3099,1
2025-09-06,10,22,37,40,45,57,24,7082906.0,0,Lotto 2,1,3100,1
2025-09-10,1,9,18,27,38,42,13,8430747.0,0,Lotto 2,2,3101,1
2025-09-13,1,26,36,49,53,54,10,15000000.0,0,Lotto 2,2,3102,1
2025-09-17,7,9,18,24,30,36,42,1000000.0,4,Lotto 2,3,3103,1
2025-09-20,13,16,30,36,53,59,22,3800000.0,0,Lotto 2,3,3104,1
2025-09-24,3,16,23,30,38,47,25,5029330.0,0,Lotto 2,4,3105,1
2025-09-27,15,23,24,28,37,41,59,7075979.0,0,Lotto 2,4,3106,1
2025-10-01,13,28,31,39,51,59,27,8458823.0,0,Lotto 2,1,3107,1
2025-10-04,6,8,12,33,49,59,42,10633323.0,1,Lotto 2,1,3108,1
2025-10-08,2,21,42,48,56,57,51,2000000.0,1,Lotto 2,5,3109,1
2025-10-11,11,17,25,31,51,54,53,3800000.0,0,Lotto 2,5,3110,1
2025-10-15,29,33,36,38,48,58,52,5057815.0,0,Lotto 2,6,3111,1
2025-10-18,6,39,43,52,58,59,19,7053955.0,0,Lotto 2,6,3112,1
2025-10-22,3,24,26,34,35,36,9,8360535.0,0,Lotto 2,9,3113,1
2025-10-25,4,9,28,40,42,59,55,10513580.0,0,Lotto 2,9,3114,1
2025-10-29,9,24,30,33,35,54,32,12423596.0,0,Lotto 2,10,3115,1
2025-11-01,17,18,31,36,39,51,29,3800000.0,0,Lotto 2,10,3116,1
2025-11-05,2,15,20,42,43,59,16,5088088.0,0,Lotto 2,9,3117,1
2025-11-08,2,3,42,45,46,47,44,7154196.0,0,Lotto 2,9,3118,1
2025-11-12,9,17,31,34,54,57,7,8527555.0,0,Lotto 2,6,3119,1
2025-11-15,9,11,27,44,48,52,25,15000000.0,1,Lotto 2,6,3120,1
2025-11-19,15,18,36,50,51,57,10,2000000.0,0,Lotto 2,9,3121,1
2025-11-22,9,11,14,43,49,59,35,3925712.0,0,Lotto 2,9,3122,1
2025-11-26,10,21,49,54,55,56,40,5191223.0,0,Lotto 2,10,3123,1
2025-11-29,2,6,9,16,38,48,46,7253446.0,0,Lotto 2,10,3124,1
2025-12-03,6,13,19,48,57,58,1,8667563.0,1,Lotto 2,5,3125,1
2025-12-06,5,7,10,17,32,42,40,1900000.0,2,Lotto 2,5,3126,1
2025-12-10,4,9,26,35,42,46,38,2000000.0,0,Lotto 2,6,3127,1
2025-12-13,18,22,24,41,53,56,59,3926423.0,0,Lotto 2,6,3128,1
2025-12-17,15,20,43,50,51,58,36,5199766.0,0,Lotto 2,9,3129,1
2025-12-20,2,25,27,34,45,52,47,7291827.0,0,Lotto 2,9,3130,1
2025-12-24,12,15,16,35,38,48,49,5000000.0,0,Lotto 2,10,3131,1
2025-12-27,20,36,40,43,51,55,21,3800000.0,0,Lotto 2,10,3132,1
2025-12-31,3,20,27,29,38,46,14,5567982.0,0,Lotto 2,5,3133,1
2026-01-03,6,20,34,38,47,48,4,7655751.0,0,Lotto 2,5,3134,1
2026-01-07,3,9,20,33,45,50,12,9056239.0,0,Arthur,1,3135,1
2026-01-10,5,6,13,18,22,53,9,11258220.0,0,Arthur,1,3136,1
2026-01-14,2,5,22,35,44,54,23,13310618.0,1,Lotto 2,9,3137,1
2026-01-17,12,26,30,32,39,58,4,3800000.0,0,Lotto 2,9,3138,1
2026-01-21,5,24,28,46,49,56,19,5065547.0,1,Lotto 2,10,3139,1
2026-01-24,1,4,8,23,34,57,29,3800000.0,0,Lotto 2,10,3140,1
2026-01-28,33,45,50,52,58,59,15,5031368.0,0,Lotto 2,5,3141,1
2026-01-31,7,8,17,25,37,40,11,6971375.0,0,Lotto 2,5,3142,1
2026-02-04,1,2,19,29,51,57,5,8274349.0,0,Lotto 2,6,3143,1
2026-02-07,7,25,27,46,52,59,40,10276622.0,0,Lotto 2,6,3144,1
2026-02-11,5,11,28,30,47,53,52,12011099.0,0,Lotto 2,9,3145,1
2026-02-14,10,13,27,50,54,56,14,3800000.0,0,Lotto 2,9,3146,1
2026-02-18,1,11,12,13,18,49,33,4973755.0,0,Lotto 4,10,3147,1
2026-02-21,2,14,24,33,37,40,19,6951028.0,0,Lotto 4,10,3148,1
2026-02-25,31,34,36,41,54,57,27,8262434.0,0,Lotto 4,5,3149,1
2026-02-28,12,15,22,28,31,32,23,10336369.0,0,Lotto 4,5,3150,1
2026-03-04,20,33,43,46,50,56,45,12219097.0,0,Lotto 5,6,3151,1
2026-03-07,9,37,39,40,47,51,19,3800000.0,0,Lotto 5,6,3152,1
2026-03-11,2,3,18,25,40,54,14,5011494.0,0,Lotto 5,9,3153,1
2026-03-14,10,30,36,44,45,58,59,6970816.0,0,Lotto 5,9,3154,1
2026-03-18,14,16,18,22,47,56,54,8262101.0,0,Lotto 4,5,3155,1
2026-03-21,5,10,18,28,34,53,46,10295179.0,0,Lotto 4,5,3156,1
2026-03-25,19,22,31,32,34,40,43,12141356.0,0,Lotto 4,6,3157,1
2026-03-28,9,24,35,40,47,52,18,15000000.0,0,Lotto 4,6,3158,1
2026-04-01,7,16,23,27,35,40,48,2000000.0,0,Lotto 5,5,3159,1
2026-04-04,15,16,23,32,42,46,52,3943065.0,1,Lotto 5,5,3160,1
2026-04-08,27,29,34,36,43,59,37,2000000.0,0,Lotto 5,6,3161,1
2026-04-11,7,10,14,15,17,35,31,3848037.0,0,Lotto 5,6,3162,1
2026-04-15,22,45,49,53,54,56,25,5118132.0,0,Lotto 4,1,3163,1
2026-04-18,1,4,12,15,39,47,48,7064486.0,0,Lotto 4,1,3164,1
2026-04-22,6,12,18,29,49,56,7,8389047.0,0,Lotto 4,2,3165,1
2026-04-25,3,10,14,19,32,53,23,10852914.0,0,Lotto 4,2,3166,1
2026-04-29,4,14,22,32,38,52,27,2000000.0,0,Lotto 5,3,3167,1
2026-05-02,3,4,6,12,29,40,19,3892070.0,1,Lancelot,3,3168,1
2026-05-06,7,31,33,37,39,56,20,2000000.0,0,Lancelot,4,3169,1
2026-05-09,3,11,13,14,43,49,5,3850428.0,0,Lancelot,4,3170,1
2026-05-13,9,12,15,16,37,39,14,5089975.0,0,Lancelot,1,3171,1
2026-05-16,4,21,23,27,36,57,20,7036354.0,0,Lancelot,1,3172,1
2026-05-20,9,20,24,51,52,59,31,8340934.0,0,Lotto 4,2,3173,1
2026-05-23,4,5,6,7,11,33,35,10733012.0,1,Lotto 4,2,3174,1
2026-05-27,33,36,38,46,47,50,35,2000000.0,1,Lotto 4,3,3175,1
2026-05-30,4,17,18,20,23,56,33,3800000.0,0,Lotto 4,3,3176,1
2026-06-03,7,10,20,55,57,59,44,5027398.0,0,Lancelot,7,3177,1
2026-06-06,8,10,26,30,35,42,50,12000000.0,1,Lancelot,7,3178,1
2026-06-10,1,12,25,29,40,41,16,2000000.0,0,Lotto 4,5,3179,1
2026-06-10,2,5,12,42,47,54,51,2000000.0,0,Lotto 5,6,3179,2
2026-06-13,12,15,31,32,48,58,44,3681650.0,0,Lotto 4,5,3180,1
2026-06-13,15,17,37,54,55,56,6,3681650.0,0,Lotto 5,6,3180,2
2026-06-17,26,31,36,41,45,51,16,4706314.0,0,Lotto 5,5,3181,1
2026-06-17,2,14,18,40,48,55,56,4706314.0,0,Lotto 6,6,3181,2
2026-06-20,15,28,30,33,39,58,44,6348233.0,0,Lotto 5,5,3182,1
2026-06-20,17,21,52,53,54,57,6,6348233.0,0,Lotto 6,6,3182,2
2026-06-24,7,8,12,23,28,43,10,7357143.0,0,Lotto 5,1,3183,1
2026-06-24,3,32,34,38,48,53,16,7357143.0,0,Lotto 6,2,3183,2
2026-06-27,22,34,41,43,54,56,24,9269710.0,0,Lotto 5,1,3184,1
2026-06-27,12,18,40,43,44,45,29,9269710.0,1,Lotto 6,2,3184,2
2026-07-01,13,33,35,40,43,54,56,2000000.0,0,Lotto 6,3,3185,1
2026-07-01,5,8,26,33,39,42,54,2000000.0,0,Lotto 4,4,3185,2
2026-07-04,7,20,33,48,57,59,47,4061213.0,0,Lotto 6,3,3186,1
2026-07-04,14,20,22,38,39,41,49,4061213.0,0,Lotto 4,4,3186,2
2026-07-08,30,35,39,45,46,53,37,5043330.0,0,Lotto 6,1,3187,1
2026-07-08,23,25,31,32,34,54,45,5043330.0,0,Lotto 4,2,3187,2
2026-07-11,9,13,22,36,40,45,41,6643227.0,0,Lotto 6,1,3188,1
2026-07-11,2,13,22,40,42,58,54,6643227.0,0,Lotto 4,2,3188,2
2026-07-15,4,13,14,17,23,31,56,7663813.0,0,Lotto 4,3,3189,1
2026-07-15,4,40,43,51,55,57,34,7663813.0,0,Lotto 5,4,3189,2
2026-07-18,22,32,34,47,52,55,10,9559451.0,0,Lotto 4,3,3190,1
2026-07-18,20,29,30,42,46,55,38,9559451.0,0,Lotto 5,4,3190,2
2026-07-22,3,9,12,23,32,53,46,2000000.0,0,Lotto4,1,3191,1
2026-07-22,5,17,25,43,56,58,11,2000000.0,0,Lotto5,2,3191,2
2026-07-25,2,6,29,36,55,59,50,3625040.0,0,Lotto4,1,3192,1
2026-07-25,9,22,26,49,53,56,34,3625040.0,0,Lotto5,2,3192,2
2026-07-29,5,10,22,38,56,58,54,4442277.0,0,Lotto5,3,3193,1
2026-07-29,20,22,31,32,40,55,1,4442277.0,0,Lotto6,4,3193,2
2026-08-01,16,19,32,33,34,44,29,5958668.0,0,Lotto5,3,3194,1
2026-08-01,2,22,35,43,45,48,27,5958668.0,0,Lotto6,4,3194,2
2026-08-05,24,26,27,39,47,50,8,6861949.0,0,Lotto5,1,3195,1
2026-08-05,12,14,16,22,29,59,58,6861949.0,0,Lotto6,2,3195,2
2026-08-08,14,18,26,45,50,53,43,8535147.0,0,Lotto5,1,3196,1
2026-08-08,5,10,26,28,45,47,14,8535147.0,2,Lotto6,2,3196,2
2026-08-12,3,14,22,24,34,54,52,2000000.0,0,Lotto6,3,3197,1
2026-08-12,14,25,35,39,51,59,44,2000000.0,0,Lotto4,4,3197,2
2026-08-15,17,27,28,42,47,59,7,3452542.8,0,Lotto6,3,3198,1
2026-08-15,4,18,22,30,32,45,55,3452542.8,0,Lotto4,4,3198,2
