draw_number,draw_date,round,tier,category,winners,prize_per_winner
2066,2015-10-10,1,1,Match 6,0,5279697.0
2066,2015-10-10,1,2,Match 5 plus Bonus,1,120570.0
2066,2015-10-10,1,3,Match 5,61,2080.0
2066,2015-10-10,1,4,Match 4,5059,161.0
2066,2015-10-10,1,5,Match 3,136931,25.0
2066,2015-10-10,1,6,Match 2,1519930,0.0
2067,2015-10-14,1,1,Match 6,0,7875986.0
2067,2015-10-14,1,2,Match 5 plus Bonus,2,29645.0
2067,2015-10-14,1,3,Match 5,67,931.0
2067,2015-10-14,1,4,Match 4,4422,91.0
2067,2015-10-14,1,5,Match 3,102008,25.0
2067,2015-10-14,1,6,Match 2,918807,0.0
2068,2015-10-17,1,1,Match 6,0,12110605.0
2068,2015-10-17,1,2,Match 5 plus Bonus,2,54061.0
2068,2015-10-17,1,3,Match 5,56,2032.0
2068,2015-10-17,1,4,Match 4,4482,163.0
2068,2015-10-17,1,5,Match 3,123221,25.0
2068,2015-10-17,1,6,Match 2,1329225,0.0
2069,2015-10-21,1,1,Match 6,1,14612465.0
2069,2015-10-21,1,2,Match 5 plus Bonus,0,0.0
2069,2015-10-21,1,3,Match 5,43,1640.0
2069,2015-10-21,1,4,Match 4,2912,156.0
2069,2015-10-21,1,5,Match 3,80068,25.0
2069,2015-10-21,1,6,Match 2,882110,0.0
2070,2015-10-24,1,1,Match 6,1,4307602.0
2070,2015-10-24,1,2,Match 5 plus Bonus,1,98370.0
2070,2015-10-24,1,3,Match 5,46,2251.0
2070,2015-10-24,1,4,Match 4,3438,194.0
2070,2015-10-24,1,5,Match 3,84257,25.0
2070,2015-10-24,1,6,Match 2,929235,0.0
2071,2015-10-28,1,1,Match 6,0,2319221.0
2071,2015-10-28,1,2,Match 5 plus Bonus,0,0.0
2071,2015-10-28,1,3,Match 5,19,2868.0
2071,2015-10-28,1,4,Match 4,2136,164.0
2071,2015-10-28,1,5,Match 3,52804,25.0
2071,2015-10-28,1,6,Match 2,555688,0.0
2072,2015-10-31,1,1,Match 6,0,6677278.0
2072,2015-10-31,1,2,Match 5 plus Bonus,1,99522.0
2072,2015-10-31,1,3,Match 5,47,2228.0
2072,2015-10-31,1,4,Match 4,3582,188.0
2072,2015-10-31,1,5,Match 3,93588,25.0
2072,2015-10-31,1,6,Match 2,1019127,0.0
2073,2015-11-04,1,1,Match 6,0,8842605.0
2073,2015-11-04,1,2,Match 5 plus Bonus,0,0.0
2073,2015-11-04,1,3,Match 5,113,554.0
2073,2015-11-04,1,4,Match 4,6799,59.0
2073,2015-11-04,1,5,Match 3,135673,25.0
2073,2015-11-04,1,6,Match 2,1069928,0.0
2074,2015-11-07,1,1,Match 6,0,13156375.0
2074,2015-11-07,1,2,Match 5 plus Bonus,0,0.0
2074,2015-11-07,1,3,Match 5,70,1616.0
2074,2015-11-07,1,4,Match 4,4841,150.0
2074,2015-11-07,1,5,Match 3,133054,25.0
2074,2015-11-07,1,6,Match 2,1420142,0.0
2075,2015-11-11,1,1,Match 6,1,15791929.0
2075,2015-11-11,1,2,Match 5 plus Bonus,0,0.0
2075,2015-11-11,1,3,Match 5,49,1503.0
2075,2015-11-11,1,4,Match 4,3449,137.0
2075,2015-11-11,1,5,Match 3,92752,25.0
2075,2015-11-11,1,6,Match 2,971087,0.0
2076,2015-11-14,1,1,Match 6,1,4337627.0
2076,2015-11-14,1,2,Match 5 plus Bonus,0,0.0
2076,2015-11-14,1,3,Match 5,50,2038.0
2076,2015-11-14,1,4,Match 4,3554,185.0
2076,2015-11-14,1,5,Match 3,87803,25.0
2076,2015-11-14,1,6,Match 2,993670,0.0
2077,2015-11-18,1,1,Match 6,0,2291890.0
2077,2015-11-18,1,2,Match 5 plus Bonus,0,0.0
2077,2015-11-18,1,3,Match 5,36,1496.0
2077,2015-11-18,1,4,Match 4,2699,128.0
2077,2015-11-18,1,5,Match 3,71087,25.0
2077,2015-11-18,1,6,Match 2,724986,0.0
2078,2015-11-21,1,1,Match 6,0,6915695.0
2078,2015-11-21,1,2,Match 5 plus Bonus,7,15084.0
2078,2015-11-21,1,3,Match 5,202,550.0
2078,2015-11-21,1,4,Match 4,12314,58.0
2078,2015-11-21,1,5,Match 3,242564,25.0
2078,2015-11-21,1,6,Match 2,1895286,0.0
2079,2015-11-25,1,1,Match 6,0,9125517.0
2079,2015-11-25,1,2,Match 5 plus Bonus,0,0.0
2079,2015-11-25,1,3,Match 5,47,1355.0
2079,2015-11-25,1,4,Match 4,2905,141.0
2079,2015-11-25,1,5,Match 3,72784,25.0
2079,2015-11-25,1,6,Match 2,750153,0.0
2080,2015-11-28,1,1,Match 6,0,13323440.0
2080,2015-11-28,1,2,Match 5 plus Bonus,0,0.0
2080,2015-11-28,1,3,Match 5,101,1093.0
2080,2015-11-28,1,4,Match 4,7030,101.0
2080,2015-11-28,1,5,Match 3,174327,25.0
2080,2015-11-28,1,6,Match 2,1622017,0.0
2081,2015-12-02,1,1,Match 6,0,15798380.0
2081,2015-12-02,1,2,Match 5 plus Bonus,4,16984.0
2081,2015-12-02,1,3,Match 5,168,425.0
2081,2015-12-02,1,4,Match 4,7885,58.0
2081,2015-12-02,1,5,Match 3,151853,25.0
2081,2015-12-02,1,6,Match 2,1180819,0.0
2082,2015-12-05,1,1,Match 6,0,20192107.0
2082,2015-12-05,1,2,Match 5 plus Bonus,1,111755.0
2082,2015-12-05,1,3,Match 5,69,1704.0
2082,2015-12-05,1,4,Match 4,4493,168.0
2082,2015-12-05,1,5,Match 3,113400,25.0
2082,2015-12-05,1,6,Match 2,1299331,0.0
2083,2015-12-09,1,1,Match 6,0,22284273.0
2083,2015-12-09,1,2,Match 5 plus Bonus,1,70614.0
2083,2015-12-09,1,3,Match 5,59,1259.0
2083,2015-12-09,1,4,Match 4,5118,93.0
2083,2015-12-09,1,5,Match 3,120008,25.0
2083,2015-12-09,1,6,Match 2,1102167,0.0
2084,2015-12-12,1,1,Match 6,0,26267667.0
2084,2015-12-12,1,2,Match 5 plus Bonus,1,113803.0
2084,2015-12-12,1,3,Match 5,67,1787.0
2084,2015-12-12,1,4,Match 4,5067,152.0
2084,2015-12-12,1,5,Match 3,129664,25.0
2084,2015-12-12,1,6,Match 2,1397644,0.0
2085,2015-12-16,1,1,Match 6,0,28573124.0
2085,2015-12-16,1,2,Match 5 plus Bonus,0,0.0
2085,2015-12-16,1,3,Match 5,41,1894.0
2085,2015-12-16,1,4,Match 4,3964,126.0
2085,2015-12-16,1,5,Match 3,95643,25.0
2085,2015-12-16,1,6,Match 2,984041,0.0
2086,2015-12-19,1,1,Match 6,0,32690115.0
2086,2015-12-19,1,2,Match 5 plus Bonus,1,116854.0
2086,2015-12-19,1,3,Match 5,97,1268.0
2086,2015-12-19,1,4,Match 4,6054,131.0
2086,2015-12-19,1,5,Match 3,154082,25.0
2086,2015-12-19,1,6,Match 2,1584225,0.0
2087,2015-12-23,1,1,Match 6,0,35410343.0
2087,2015-12-23,1,2,Match 5 plus Bonus,1,84957.0
2087,2015-12-23,1,3,Match 5,131,682.0
2087,2015-12-23,1,4,Match 4,8784,65.0
2087,2015-12-23,1,5,Match 3,182131,25.0
2087,2015-12-23,1,6,Match 2,1452789,0.0
2088,2015-12-26,1,1,Match 6,0,39529852.0
2088,2015-12-26,1,2,Match 5 plus Bonus,0,0.0
2088,2015-12-26,1,3,Match 5,89,1351.0
2088,2015-12-26,1,4,Match 4,7124,108.0
2088,2015-12-26,1,5,Match 3,168384,25.0
2088,2015-12-26,1,6,Match 2,1613948,0.0
2089,2015-12-30,1,1,Match 6,0,42659372.0
2089,2015-12-30,1,2,Match 5 plus Bonus,0,0.0
2089,2015-12-30,1,3,Match 5,63,1540.0
2089,2015-12-30,1,4,Match 4,4354,143.0
2089,2015-12-30,1,5,Match 3,101062,25.0
2089,2015-12-30,1,6,Match 2,1035963,0.0
2090,2016-01-02,1,1,Match 6,0,47405023.0
2090,2016-01-02,1,2,Match 5 plus Bonus,4,32802.0
2090,2016-01-02,1,3,Match 5,94,1469.0
2090,2016-01-02,1,4,Match 4,6958,128.0
2090,2016-01-02,1,5,Match 3,178050,25.0
2090,2016-01-02,1,6,Match 2,1810415,0.0
2091,2016-01-06,1,1,Match 6,0,52964701.0
2091,2016-01-06,1,2,Match 5 plus Bonus,2,74900.0
2091,2016-01-06,1,3,Match 5,128,1231.0
2091,2016-01-06,1,4,Match 4,7583,134.0
2091,2016-01-06,1,5,Match 3,179547,25.0
2091,2016-01-06,1,6,Match 2,1822860,0.0
2092,2016-01-09,1,1,Match 6,2,33035323.0
2092,2016-01-09,1,2,Match 5 plus Bonus,5,64426.0
2092,2016-01-09,1,3,Match 5,259,1309.0
2092,2016-01-09,1,4,Match 4,17695,123.0
2092,2016-01-09,1,5,Match 3,418225,25.0
2092,2016-01-09,1,6,Match 2,4195770,0.0
2093,2016-01-13,1,1,Match 6,0,2773612.0
2093,2016-01-13,1,2,Match 5 plus Bonus,1,63339.0
2093,2016-01-13,1,3,Match 5,44,1515.0
2093,2016-01-13,1,4,Match 4,2892,148.0
2093,2016-01-13,1,5,Match 3,72242,25.0
2093,2016-01-13,1,6,Match 2,780604,0.0
2094,2016-01-16,1,1,Match 6,0,7820460.0
2094,2016-01-16,1,2,Match 5 plus Bonus,0,0.0
2094,2016-01-16,1,3,Match 5,84,1412.0
2094,2016-01-16,1,4,Match 4,8532,89.0
2094,2016-01-16,1,5,Match 3,193215,25.0
2094,2016-01-16,1,6,Match 2,1749028,0.0
2095,2016-01-20,1,1,Match 6,0,10019900.0
2095,2016-01-20,1,2,Match 5 plus Bonus,1,61645.0
2095,2016-01-20,1,3,Match 5,44,1474.0
2095,2016-01-20,1,4,Match 4,2725,153.0
2095,2016-01-20,1,5,Match 3,65206,25.0
2095,2016-01-20,1,6,Match 2,679883,0.0
2096,2016-01-23,1,1,Match 6,0,14230775.0
2096,2016-01-23,1,2,Match 5 plus Bonus,2,53790.0
2096,2016-01-23,1,3,Match 5,89,1272.0
2096,2016-01-23,1,4,Match 4,7058,103.0
2096,2016-01-23,1,5,Match 3,178511,25.0
2096,2016-01-23,1,6,Match 2,1734877,0.0
2097,2016-01-27,1,1,Match 6,0,16556227.0
2097,2016-01-27,1,2,Match 5 plus Bonus,1,64523.0
2097,2016-01-27,1,3,Match 5,40,1697.0
2097,2016-01-27,1,4,Match 4,2685,163.0
2097,2016-01-27,1,5,Match 3,68829,25.0
2097,2016-01-27,1,6,Match 2,730157,0.0
2098,2016-01-30,1,1,Match 6,0,20901550.0
2098,2016-01-30,1,2,Match 5 plus Bonus,3,36883.0
2098,2016-01-30,1,3,Match 5,239,487.0
2098,2016-01-30,1,4,Match 4,11091,67.0
2098,2016-01-30,1,5,Match 3,199925,25.0
2098,2016-01-30,1,6,Match 2,1762854,0.0
2099,2016-02-03,1,1,Match 6,0,22881101.0
2099,2016-02-03,1,2,Match 5 plus Bonus,2,34021.0
2099,2016-02-03,1,3,Match 5,54,1326.0
2099,2016-02-03,1,4,Match 4,3333,138.0
2099,2016-02-03,1,5,Match 3,82815,25.0
2099,2016-02-03,1,6,Match 2,870402,0.0
2100,2016-02-06,1,1,Match 6,0,26744925.0
2100,2016-02-06,1,2,Match 5 plus Bonus,1,111072.0
2100,2016-02-06,1,3,Match 5,85,1375.0
2100,2016-02-06,1,4,Match 4,5425,139.0
2100,2016-02-06,1,5,Match 3,138613,25.0
2100,2016-02-06,1,6,Match 2,1468538,0.0
2101,2016-02-10,1,1,Match 6,0,28677758.0
2101,2016-02-10,1,2,Match 5 plus Bonus,0,0.0
2101,2016-02-10,1,3,Match 5,78,883.0
2101,2016-02-10,1,4,Match 4,4766,93.0
2101,2016-02-10,1,5,Match 3,104777,25.0
2101,2016-02-10,1,6,Match 2,969476,0.0
2102,2016-02-13,1,1,Match 6,1,32534188.0
2102,2016-02-13,1,2,Match 5 plus Bonus,1,110904.0
2102,2016-02-13,1,3,Match 5,65,1796.0
2102,2016-02-13,1,4,Match 4,5808,129.0
2102,2016-02-13,1,5,Match 3,144759,25.0
2102,2016-02-13,1,6,Match 2,1476976,0.0
2103,2016-02-17,1,1,Match 6,0,2388928.0
2103,2016-02-17,1,2,Match 5 plus Bonus,0,0.0
2103,2016-02-17,1,3,Match 5,37,1517.0
2103,2016-02-17,1,4,Match 4,2374,152.0
2103,2016-02-17,1,5,Match 3,60627,25.0
2103,2016-02-17,1,6,Match 2,651651,0.0
2104,2016-02-20,1,1,Match 6,1,6726199.0
2104,2016-02-20,1,2,Match 5 plus Bonus,0,0.0
2104,2016-02-20,1,3,Match 5,60,1698.0
2104,2016-02-20,1,4,Match 4,4149,158.0
2104,2016-02-20,1,5,Match 3,105890,25.0
2104,2016-02-20,1,6,Match 2,1135093,0.0
2105,2016-02-24,1,1,Match 6,0,2275802.0
2105,2016-02-24,1,2,Match 5 plus Bonus,5,10394.0
2105,2016-02-24,1,3,Match 5,196,279.0
2105,2016-02-24,1,4,Match 4,7901,44.0
2105,2016-02-24,1,5,Match 3,136168,25.0
2105,2016-02-24,1,6,Match 2,989006,0.0
2106,2016-02-27,1,1,Match 6,0,6612256.0
2106,2016-02-27,1,2,Match 5 plus Bonus,3,33009.0
2106,2016-02-27,1,3,Match 5,53,1966.0
2106,2016-02-27,1,4,Match 4,4537,148.0
2106,2016-02-27,1,5,Match 3,119853,25.0
2106,2016-02-27,1,6,Match 2,1275006,0.0
2107,2016-03-02,1,1,Match 6,0,8534850.0
2107,2016-03-02,1,2,Match 5 plus Bonus,1,55323.0
2107,2016-03-02,1,3,Match 5,49,1188.0
2107,2016-03-02,1,4,Match 4,3237,116.0
2107,2016-03-02,1,5,Match 3,80607,25.0
2107,2016-03-02,1,6,Match 2,789991,0.0
2108,2016-03-05,1,1,Match 6,0,12335968.0
2108,2016-03-05,1,2,Match 5 plus Bonus,4,24555.0
2108,2016-03-05,1,3,Match 5,116,891.0
2108,2016-03-05,1,4,Match 4,7589,87.0
2108,2016-03-05,1,5,Match 3,163469,25.0
2108,2016-03-05,1,6,Match 2,1484703,0.0
2109,2016-03-09,1,1,Match 6,0,14440873.0
2109,2016-03-09,1,2,Match 5 plus Bonus,2,29743.0
2109,2016-03-09,1,3,Match 5,38,1647.0
2109,2016-03-09,1,4,Match 4,3174,127.0
2109,2016-03-09,1,5,Match 3,76095,25.0
2109,2016-03-09,1,6,Match 2,769048,0.0
2110,2016-03-12,1,1,Match 6,0,18326514.0
2110,2016-03-12,1,2,Match 5 plus Bonus,1,100152.0
2110,2016-03-12,1,3,Match 5,61,1728.0
2110,2016-03-12,1,4,Match 4,4240,160.0
2110,2016-03-12,1,5,Match 3,111868,25.0
2110,2016-03-12,1,6,Match 2,1206699,0.0
2111,2016-03-16,1,1,Match 6,0,19917119.0
2111,2016-03-16,1,2,Match 5 plus Bonus,1,59160.0
2111,2016-03-16,1,3,Match 5,36,1729.0
2111,2016-03-16,1,4,Match 4,3090,129.0
2111,2016-03-16,1,5,Match 3,81630,25.0
2111,2016-03-16,1,6,Match 2,830433,0.0
2112,2016-03-19,1,1,Match 6,0,23255533.0
2112,2016-03-19,1,2,Match 5 plus Bonus,1,99074.0
2112,2016-03-19,1,3,Match 5,55,1896.0
2112,2016-03-19,1,4,Match 4,4604,146.0
2112,2016-03-19,1,5,Match 3,119593,25.0
2112,2016-03-19,1,6,Match 2,1280939,0.0
2113,2016-03-23,1,1,Match 6,0,24887143.0
2113,2016-03-23,1,2,Match 5 plus Bonus,6,10016.0
2113,2016-03-23,1,3,Match 5,4082,15.0
2113,2016-03-23,1,4,Match 4,7879,51.0
2113,2016-03-23,1,5,Match 3,114232,25.0
2113,2016-03-23,1,6,Match 2,938938,0.0
2114,2016-03-26,1,1,Match 6,0,28269422.0
2114,2016-03-26,1,2,Match 5 plus Bonus,2,50038.0
2114,2016-03-26,1,3,Match 5,65,1620.0
2114,2016-03-26,1,4,Match 4,4208,161.0
2114,2016-03-26,1,5,Match 3,105647,25.0
2114,2016-03-26,1,6,Match 2,1158508,0.0
2115,2016-03-30,1,1,Match 6,0,29875556.0
2115,2016-03-30,1,2,Match 5 plus Bonus,2,29757.0
2115,2016-03-30,1,3,Match 5,92,680.0
2115,2016-03-30,1,4,Match 4,4980,81.0
2115,2016-03-30,1,5,Match 3,105294,25.0
2115,2016-03-30,1,6,Match 2,928497,0.0
2116,2016-04-02,1,1,Match 6,0,33282708.0
2116,2016-04-02,1,2,Match 5 plus Bonus,2,50322.0
2116,2016-04-02,1,3,Match 5,92,1151.0
2116,2016-04-02,1,4,Match 4,6933,98.0
2116,2016-04-02,1,5,Match 3,155539,25.0
2116,2016-04-02,1,6,Match 2,1476840,0.0
2117,2016-04-06,1,1,Match 6,1,35133888.0
2117,2016-04-06,1,2,Match 5 plus Bonus,0,0.0
2117,2016-04-06,1,3,Match 5,35,1914.0
2117,2016-04-06,1,4,Match 4,2769,156.0
2117,2016-04-06,1,5,Match 3,70801,25.0
2117,2016-04-06,1,6,Match 2,768770,0.0
2118,2016-04-09,1,1,Match 6,0,4426238.0
2118,2016-04-09,1,2,Match 5 plus Bonus,0,0.0
2118,2016-04-09,1,3,Match 5,61,1705.0
2118,2016-04-09,1,4,Match 4,4725,142.0
2118,2016-04-09,1,5,Match 3,120020,25.0
2118,2016-04-09,1,6,Match 2,1271334,0.0
2119,2016-04-13,1,1,Match 6,0,6737023.0
2119,2016-04-13,1,2,Match 5 plus Bonus,1,52770.0
2119,2016-04-13,1,3,Match 5,44,1262.0
2119,2016-04-13,1,4,Match 4,3127,114.0
2119,2016-04-13,1,5,Match 3,77193,25.0
2119,2016-04-13,1,6,Match 2,775515,0.0
2120,2016-04-16,1,1,Match 6,1,10317199.0
2120,2016-04-16,1,2,Match 5 plus Bonus,2,46588.0
2120,2016-04-16,1,3,Match 5,68,1442.0
2120,2016-04-16,1,4,Match 4,4339,145.0
2120,2016-04-16,1,5,Match 3,117561,25.0
2120,2016-04-16,1,6,Match 2,1267108,0.0
2121,2016-04-20,1,1,Match 6,3,729026.0
2121,2016-04-20,1,2,Match 5 plus Bonus,7,7135.0
2121,2016-04-20,1,3,Match 5,336,156.0
2121,2016-04-20,1,4,Match 4,12460,27.0
2121,2016-04-20,1,5,Match 3,167741,25.0
2121,2016-04-20,1,6,Match 2,1050554,0.0
2122,2016-04-23,1,1,Match 6,0,3969040.0
2122,2016-04-23,1,2,Match 5 plus Bonus,2,45319.0
2122,2016-04-23,1,3,Match 5,86,1109.0
2122,2016-04-23,1,4,Match 4,5864,104.0
2122,2016-04-23,1,5,Match 3,134549,25.0
2122,2016-04-23,1,6,Match 2,1285996,0.0
2123,2016-04-27,1,1,Match 6,0,6320566.0
2123,2016-04-27,1,2,Match 5 plus Bonus,0,0.0
2123,2016-04-27,1,3,Match 5,42,1315.0
2123,2016-04-27,1,4,Match 4,2590,137.0
2123,2016-04-27,1,5,Match 3,68182,25.0
2123,2016-04-27,1,6,Match 2,711545,0.0
2124,2016-04-30,1,1,Match 6,0,9889930.0
2124,2016-04-30,1,2,Match 5 plus Bonus,1,92930.0
2124,2016-04-30,1,3,Match 5,50,1956.0
2124,2016-04-30,1,4,Match 4,3828,164.0
2124,2016-04-30,1,5,Match 3,111233,25.0
2124,2016-04-30,1,6,Match 2,1224929,0.0
2125,2016-05-04,1,1,Match 6,1,11749355.0
2125,2016-05-04,1,2,Match 5 plus Bonus,14,3848.0
2125,2016-05-04,1,3,Match 5,187,303.0
2125,2016-05-04,1,4,Match 4,9657,37.0
2125,2016-05-04,1,5,Match 3,134881,25.0
2125,2016-05-04,1,6,Match 2,1014641,0.0
2126,2016-05-07,1,1,Match 6,0,3930932.0
2126,2016-05-07,1,2,Match 5 plus Bonus,1,89768.0
2126,2016-05-07,1,3,Match 5,162,583.0
2126,2016-05-07,1,4,Match 4,8981,67.0
2126,2016-05-07,1,5,Match 3,183722,25.0
2126,2016-05-07,1,6,Match 2,1494367,0.0
2127,2016-05-11,1,1,Match 6,1,6315123.0
2127,2016-05-11,1,2,Match 5 plus Bonus,0,0.0
2127,2016-05-11,1,3,Match 5,42,1334.0
2127,2016-05-11,1,4,Match 4,3643,99.0
2127,2016-05-11,1,5,Match 3,80589,25.0
2127,2016-05-11,1,6,Match 2,750509,0.0
2128,2016-05-14,1,1,Match 6,0,3873490.0
2128,2016-05-14,1,2,Match 5 plus Bonus,3,29485.0
2128,2016-05-14,1,3,Match 5,75,1241.0
2128,2016-05-14,1,4,Match 4,6426,93.0
2128,2016-05-14,1,5,Match 3,153064,25.0
2128,2016-05-14,1,6,Match 2,1407127,0.0
2129,2016-05-18,1,1,Match 6,1,6162138.0
2129,2016-05-18,1,2,Match 5 plus Bonus,2,26132.0
2129,2016-05-18,1,3,Match 5,52,1057.0
2129,2016-05-18,1,4,Match 4,3833,92.0
2129,2016-05-18,1,5,Match 3,81726,25.0
2129,2016-05-18,1,6,Match 2,787025,0.0
2130,2016-05-21,1,1,Match 6,0,3837901.0
2130,2016-05-21,1,2,Match 5 plus Bonus,1,87644.0
2130,2016-05-21,1,3,Match 5,134,688.0
2130,2016-05-21,1,4,Match 4,8422,70.0
2130,2016-05-21,1,5,Match 3,181024,25.0
2130,2016-05-21,1,6,Match 2,1519519,0.0
2131,2016-05-25,1,1,Match 6,0,6120716.0
2131,2016-05-25,1,2,Match 5 plus Bonus,1,52131.0
2131,2016-05-25,1,3,Match 5,36,1524.0
2131,2016-05-25,1,4,Match 4,2785,127.0
2131,2016-05-25,1,5,Match 3,69079,25.0
2131,2016-05-25,1,6,Match 2,698609,0.0
2132,2016-05-28,1,1,Match 6,0,9592318.0
2132,2016-05-28,1,2,Match 5 plus Bonus,2,45348.0
2132,2016-05-28,1,3,Match 5,56,1704.0
2132,2016-05-28,1,4,Match 4,4079,150.0
2132,2016-05-28,1,5,Match 3,102884,25.0
2132,2016-05-28,1,6,Match 2,1116899,0.0
2133,2016-06-01,1,1,Match 6,0,11376953.0
2133,2016-06-01,1,2,Match 5 plus Bonus,1,52173.0
2133,2016-06-01,1,3,Match 5,39,1408.0
2133,2016-06-01,1,4,Match 4,3274,108.0
2133,2016-06-01,1,5,Match 3,77039,25.0
2133,2016-06-01,1,6,Match 2,731345,0.0
2134,2016-06-04,1,1,Match 6,0,14857812.0
2134,2016-06-04,1,2,Match 5 plus Bonus,2,45454.0
2134,2016-06-04,1,3,Match 5,53,1805.0
2134,2016-06-04,1,4,Match 4,3923,157.0
2134,2016-06-04,1,5,Match 3,99514,25.0
2134,2016-06-04,1,6,Match 2,1065167,0.0
2135,2016-06-08,1,1,Match 6,0,16666695.0
2135,2016-06-08,1,2,Match 5 plus Bonus,1,52726.0
2135,2016-06-08,1,3,Match 5,28,1982.0
2135,2016-06-08,1,4,Match 4,2190,163.0
2135,2016-06-08,1,5,Match 3,54800,25.0
2135,2016-06-08,1,6,Match 2,585577,0.0
2136,2016-06-11,1,1,Match 6,0,19625229.0
2136,2016-06-11,1,2,Match 5 plus Bonus,1,90399.0
2136,2016-06-11,1,3,Match 5,65,1463.0
2136,2016-06-11,1,4,Match 4,5093,120.0
2136,2016-06-11,1,5,Match 3,128422,25.0
2136,2016-06-11,1,6,Match 2,1274912,0.0
2137,2016-06-15,1,1,Match 6,1,21054380.0
2137,2016-06-15,1,2,Match 5 plus Bonus,1,55473.0
2137,2016-06-15,1,3,Match 5,74,789.0
2137,2016-06-15,1,4,Match 4,5749,65.0
2137,2016-06-15,1,5,Match 3,111100,25.0
2137,2016-06-15,1,6,Match 2,920285,0.0
2138,2016-06-18,1,1,Match 6,0,3752365.0
2138,2016-06-18,1,2,Match 5 plus Bonus,1,85691.0
2138,2016-06-18,1,3,Match 5,84,1073.0
2138,2016-06-18,1,4,Match 4,6874,84.0
2138,2016-06-18,1,5,Match 3,154390,25.0
2138,2016-06-18,1,6,Match 2,1348651,0.0
2139,2016-06-22,1,1,Match 6,0,6026100.0
2139,2016-06-22,1,2,Match 5 plus Bonus,0,0.0
2139,2016-06-22,1,3,Match 5,30,1781.0
2139,2016-06-22,1,4,Match 4,2576,133.0
2139,2016-06-22,1,5,Match 3,64053,25.0
2139,2016-06-22,1,6,Match 2,660898,0.0
2140,2016-06-25,1,1,Match 6,0,9331785.0
2140,2016-06-25,1,2,Match 5 plus Bonus,1,86908.0
2140,2016-06-25,1,3,Match 5,73,1253.0
2140,2016-06-25,1,4,Match 4,5896,100.0
2140,2016-06-25,1,5,Match 3,140647,25.0
2140,2016-06-25,1,6,Match 2,1339808,0.0
2141,2016-06-29,1,1,Match 6,0,11197784.0
2141,2016-06-29,1,2,Match 5 plus Bonus,0,0.0
2141,2016-06-29,1,3,Match 5,38,1463.0
2141,2016-06-29,1,4,Match 4,2818,127.0
2141,2016-06-29,1,5,Match 3,71720,25.0
2141,2016-06-29,1,6,Match 2,729319,0.0
2142,2016-07-02,1,1,Match 6,1,14671343.0
2142,2016-07-02,1,2,Match 5 plus Bonus,7,12963.0
2142,2016-07-02,1,3,Match 5,225,424.0
2142,2016-07-02,1,4,Match 4,12861,47.0
2142,2016-07-02,1,5,Match 3,223601,25.0
2142,2016-07-02,1,6,Match 2,1666826,0.0
2143,2016-07-06,1,1,Match 6,0,2198488.0
2143,2016-07-06,1,2,Match 5 plus Bonus,1,50205.0
2143,2016-07-06,1,3,Match 5,38,1390.0
2143,2016-07-06,1,4,Match 4,3689,92.0
2143,2016-07-06,1,5,Match 3,86012,25.0
2143,2016-07-06,1,6,Match 2,795232,0.0
2144,2016-07-09,1,1,Match 6,0,6015662.0
2144,2016-07-09,1,2,Match 5 plus Bonus,3,29057.0
2144,2016-07-09,1,3,Match 5,126,728.0
2144,2016-07-09,1,4,Match 4,7935,74.0
2144,2016-07-09,1,5,Match 3,168973,25.0
2144,2016-07-09,1,6,Match 2,1454934,0.0
2145,2016-07-13,1,1,Match 6,0,7827959.0
2145,2016-07-13,1,2,Match 5 plus Bonus,0,0.0
2145,2016-07-13,1,3,Match 5,24,2264.0
2145,2016-07-13,1,4,Match 4,1955,179.0
2145,2016-07-13,1,5,Match 3,54418,25.0
2145,2016-07-13,1,6,Match 2,610795,0.0
2146,2016-07-16,1,1,Match 6,1,11216708.0
2146,2016-07-16,1,2,Match 5 plus Bonus,0,0.0
2146,2016-07-16,1,3,Match 5,67,1364.0
2146,2016-07-16,1,4,Match 4,4645,126.0
2146,2016-07-16,1,5,Match 3,120165,25.0
2146,2016-07-16,1,6,Match 2,1216971,0.0
2147,2016-07-20,1,1,Match 6,0,2093346.0
2147,2016-07-20,1,2,Match 5 plus Bonus,0,0.0
2147,2016-07-20,1,3,Match 5,22,2236.0
2147,2016-07-20,1,4,Match 4,1972,160.0
2147,2016-07-20,1,5,Match 3,53467,25.0
2147,2016-07-20,1,6,Match 2,585577,0.0
2148,2016-07-23,1,1,Match 6,1,5750115.0
2148,2016-07-23,1,2,Match 5 plus Bonus,1,83507.0
2148,2016-07-23,1,3,Match 5,45,1953.0
2148,2016-07-23,1,4,Match 4,3206,176.0
2148,2016-07-23,1,5,Match 3,85631,25.0
2148,2016-07-23,1,6,Match 2,969559,0.0
2149,2016-07-27,1,1,Match 6,0,2055847.0
2149,2016-07-27,1,2,Match 5 plus Bonus,0,0.0
2149,2016-07-27,1,3,Match 5,51,947.0
2149,2016-07-27,1,4,Match 4,3085,101.0
2149,2016-07-27,1,5,Match 3,72752,25.0
2149,2016-07-27,1,6,Match 2,682658,0.0
2150,2016-07-30,1,1,Match 6,0,5771863.0
2150,2016-07-30,1,2,Match 5 plus Bonus,1,84860.0
2150,2016-07-30,1,3,Match 5,42,2126.0
2150,2016-07-30,1,4,Match 4,3606,159.0
2150,2016-07-30,1,5,Match 3,93171,25.0
2150,2016-07-30,1,6,Match 2,1020189,0.0
2151,2016-08-03,1,1,Match 6,0,7485160.0
2151,2016-08-03,1,2,Match 5 plus Bonus,1,50544.0
2151,2016-08-03,1,3,Match 5,33,1612.0
2151,2016-08-03,1,4,Match 4,2537,135.0
2151,2016-08-03,1,5,Match 3,65070,25.0
2151,2016-08-03,1,6,Match 2,665886,0.0
2152,2016-08-06,1,1,Match 6,0,10842259.0
2152,2016-08-06,1,2,Match 5 plus Bonus,2,44041.0
2152,2016-08-06,1,3,Match 5,50,1854.0
2152,2016-08-06,1,4,Match 4,3564,167.0
2152,2016-08-06,1,5,Match 3,87619,25.0
2152,2016-08-06,1,6,Match 2,928744,0.0
2153,2016-08-10,1,1,Match 6,0,12694073.0
2153,2016-08-10,1,2,Match 5 plus Bonus,0,0.0
2153,2016-08-10,1,3,Match 5,39,1417.0
2153,2016-08-10,1,4,Match 4,2575,138.0
2153,2016-08-10,1,5,Match 3,67494,25.0
2153,2016-08-10,1,6,Match 2,696423,0.0
2154,2016-08-13,1,1,Match 6,1,16109419.0
2154,2016-08-13,1,2,Match 5 plus Bonus,1,89412.0
2154,2016-08-13,1,3,Match 5,67,1404.0
2154,2016-08-13,1,4,Match 4,5655,107.0
2154,2016-08-13,1,5,Match 3,129818,25.0
2154,2016-08-13,1,6,Match 2,1249748,0.0
2155,2016-08-17,1,1,Match 6,0,2079852.0
2155,2016-08-17,1,2,Match 5 plus Bonus,1,47496.0
2155,2016-08-17,1,3,Match 5,36,1388.0
2155,2016-08-17,1,4,Match 4,2529,127.0
2155,2016-08-17,1,5,Match 3,63733,25.0
2155,2016-08-17,1,6,Match 2,662296,0.0
2156,2016-08-20,1,1,Match 6,0,5898564.0
2156,2016-08-20,1,2,Match 5 plus Bonus,0,0.0
2156,2016-08-20,1,3,Match 5,99,906.0
2156,2016-08-20,1,4,Match 4,4975,116.0
2156,2016-08-20,1,5,Match 3,118274,25.0
2156,2016-08-20,1,6,Match 2,1159630,0.0
2157,2016-08-24,1,1,Match 6,0,7622407.0
2157,2016-08-24,1,2,Match 5 plus Bonus,0,0.0
2157,2016-08-24,1,3,Match 5,35,1493.0
2157,2016-08-24,1,4,Match 4,2701,124.0
2157,2016-08-24,1,5,Match 3,68242,25.0
2157,2016-08-24,1,6,Match 2,700468,0.0
2158,2016-08-27,1,1,Match 6,0,12177452.0
2158,2016-08-27,1,2,Match 5 plus Bonus,0,0.0
2158,2016-08-27,1,3,Match 5,100,1188.0
2158,2016-08-27,1,4,Match 4,7436,103.0
2158,2016-08-27,1,5,Match 3,185955,25.0
2158,2016-08-27,1,6,Match 2,1746372,0.0
2159,2016-08-31,1,1,Match 6,0,14168137.0
2159,2016-08-31,1,2,Match 5 plus Bonus,0,0.0
2159,2016-08-31,1,3,Match 5,52,1125.0
2159,2016-08-31,1,4,Match 4,3423,110.0
2159,2016-08-31,1,5,Match 3,83432,25.0
2159,2016-08-31,1,6,Match 2,799795,0.0
2160,2016-09-03,1,1,Match 6,0,17766697.0
2160,2016-09-03,1,2,Match 5 plus Bonus,2,46798.0
2160,2016-09-03,1,3,Match 5,88,1119.0
2160,2016-09-03,1,4,Match 4,6898,92.0
2160,2016-09-03,1,5,Match 3,161556,25.0
2160,2016-09-03,1,6,Match 2,1461972,0.0
2161,2016-09-07,1,1,Match 6,0,19322908.0
2161,2016-09-07,1,2,Match 5 plus Bonus,3,19458.0
2161,2016-09-07,1,3,Match 5,197,311.0
2161,2016-09-07,1,4,Match 4,9185,43.0
2161,2016-09-07,1,5,Match 3,149967,25.0
2161,2016-09-07,1,6,Match 2,1080480,0.0
2162,2016-09-10,1,1,Match 6,0,22576245.0
2162,2016-09-10,1,2,Match 5 plus Bonus,4,24282.0
2162,2016-09-10,1,3,Match 5,65,1572.0
2162,2016-09-10,1,4,Match 4,4969,132.0
2162,2016-09-10,1,5,Match 3,128014,25.0
2162,2016-09-10,1,6,Match 2,1275709,0.0
2163,2016-09-14,1,1,Match 6,0,24440625.0
2163,2016-09-14,1,2,Match 5 plus Bonus,3,8168679.0
2163,2016-09-14,1,3,Match 5,51,1350.0
2163,2016-09-14,1,4,Match 4,3930,113.0
2163,2016-09-14,1,5,Match 3,92377,25.0
2163,2016-09-14,1,6,Match 2,888637,0.0
2164,2016-09-17,1,1,Match 6,0,3777516.0
2164,2016-09-17,1,2,Match 5 plus Bonus,1,86265.0
2164,2016-09-17,1,3,Match 5,56,1621.0
2164,2016-09-17,1,4,Match 4,4213,139.0
2164,2016-09-17,1,5,Match 3,111253,25.0
2164,2016-09-17,1,6,Match 2,1161447,0.0
2165,2016-09-21,1,1,Match 6,0,5968842.0
2165,2016-09-21,1,2,Match 5 plus Bonus,1,50042.0
2165,2016-09-21,1,3,Match 5,30,1755.0
2165,2016-09-21,1,4,Match 4,2389,142.0
2165,2016-09-21,1,5,Match 3,62435,25.0
2165,2016-09-21,1,6,Match 2,664479,0.0
2166,2016-09-24,1,1,Match 6,0,9286909.0
2166,2016-09-24,1,2,Match 5 plus Bonus,1,87191.0
2166,2016-09-24,1,3,Match 5,77,1191.0
2166,2016-09-24,1,4,Match 4,6555,90.0
2166,2016-09-24,1,5,Match 3,146617,25.0
2166,2016-09-24,1,6,Match 2,1310613,0.0
2167,2016-09-28,1,1,Match 6,0,11106204.0
2167,2016-09-28,1,2,Match 5 plus Bonus,0,0.0
2167,2016-09-28,1,3,Match 5,34,1603.0
2167,2016-09-28,1,4,Match 4,2249,156.0
2167,2016-09-28,1,5,Match 3,54171,25.0
2167,2016-09-28,1,6,Match 2,587648,0.0
2168,2016-10-01,1,1,Match 6,0,14494590.0
2168,2016-10-01,1,2,Match 5 plus Bonus,3,29599.0
2168,2016-10-01,1,3,Match 5,71,1316.0
2168,2016-10-01,1,4,Match 4,5742,104.0
2168,2016-10-01,1,5,Match 3,147532,25.0
2168,2016-10-01,1,6,Match 2,1389784,0.0
2169,2016-10-05,1,1,Match 6,0,16333383.0
2169,2016-10-05,1,2,Match 5 plus Bonus,2,26704.0
2169,2016-10-05,1,3,Match 5,69,814.0
2169,2016-10-05,1,4,Match 4,4732,76.0
2169,2016-10-05,1,5,Match 3,99105,25.0
2169,2016-10-05,1,6,Match 2,849207,0.0
2170,2016-10-08,1,1,Match 6,0,19422626.0
2170,2016-10-08,1,2,Match 5 plus Bonus,1,93384.0
2170,2016-10-08,1,3,Match 5,101,973.0
2170,2016-10-08,1,4,Match 4,7166,88.0
2170,2016-10-08,1,5,Match 3,159098,25.0
2170,2016-10-08,1,6,Match 2,1429961,0.0
2171,2016-10-12,1,1,Match 6,0,21056054.0
2171,2016-10-12,1,2,Match 5 plus Bonus,0,0.0
2171,2016-10-12,1,3,Match 5,52,1190.0
2171,2016-10-12,1,4,Match 4,3270,122.0
2171,2016-10-12,1,5,Match 3,85439,25.0
2171,2016-10-12,1,6,Match 2,841404,0.0
2172,2016-10-15,1,1,Match 6,0,24226822.0
2172,2016-10-15,1,2,Match 5 plus Bonus,3,31748.0
2172,2016-10-15,1,3,Match 5,59,1699.0
2172,2016-10-15,1,4,Match 4,4666,138.0
2172,2016-10-15,1,5,Match 3,124297,25.0
2172,2016-10-15,1,6,Match 2,1287517,0.0
2173,2016-10-19,1,1,Match 6,1,26196380.0
2173,2016-10-19,1,2,Match 5 plus Bonus,1,67814.0
2173,2016-10-19,1,3,Match 5,45,1586.0
2173,2016-10-19,1,4,Match 4,3144,146.0
2173,2016-10-19,1,5,Match 3,83384,25.0
2173,2016-10-19,1,6,Match 2,895326,0.0
2174,2016-10-22,1,1,Match 6,0,3644720.0
2174,2016-10-22,1,2,Match 5 plus Bonus,2,41616.0
2174,2016-10-22,1,3,Match 5,74,1183.0
2174,2016-10-22,1,4,Match 4,5842,96.0
2174,2016-10-22,1,5,Match 3,143763,25.0
2174,2016-10-22,1,6,Match 2,1293124,0.0
2175,2016-10-26,1,1,Match 6,0,5845840.0
2175,2016-10-26,1,2,Match 5 plus Bonus,0,0.0
2175,2016-10-26,1,3,Match 5,40,1293.0
2175,2016-10-26,1,4,Match 4,2891,115.0
2175,2016-10-26,1,5,Match 3,75506,25.0
2175,2016-10-26,1,6,Match 2,734926,0.0
2176,2016-10-29,1,1,Match 6,0,9075232.0
2176,2016-10-29,1,2,Match 5 plus Bonus,4,21291.0
2176,2016-10-29,1,3,Match 5,101,887.0
2176,2016-10-29,1,4,Match 4,7362,78.0
2176,2016-10-29,1,5,Match 3,165314,25.0
2176,2016-10-29,1,6,Match 2,1429374,0.0
2177,2016-11-02,1,1,Match 6,1,10816275.0
2177,2016-11-02,1,2,Match 5 plus Bonus,1,51177.0
2177,2016-11-02,1,3,Match 5,126,427.0
2177,2016-11-02,1,4,Match 4,5938,58.0
2177,2016-11-02,1,5,Match 3,111475,25.0
2177,2016-11-02,1,6,Match 2,890869,0.0
2178,2016-11-05,1,1,Match 6,2,1807674.0
2178,2016-11-05,1,2,Match 5 plus Bonus,4,20640.0
2178,2016-11-05,1,3,Match 5,138,629.0
2178,2016-11-05,1,4,Match 4,7981,70.0
2178,2016-11-05,1,5,Match 3,165631,25.0
2178,2016-11-05,1,6,Match 2,1381082,0.0
2179,2016-11-09,1,1,Match 6,0,2075555.0
2179,2016-11-09,1,2,Match 5 plus Bonus,0,0.0
2179,2016-11-09,1,3,Match 5,27,1806.0
2179,2016-11-09,1,4,Match 4,2027,155.0
2179,2016-11-09,1,5,Match 3,55481,25.0
2179,2016-11-09,1,6,Match 2,615376,0.0
2180,2016-11-12,1,1,Match 6,1,5672414.0
2180,2016-11-12,1,2,Match 5 plus Bonus,2,41069.0
2180,2016-11-12,1,3,Match 5,96,900.0
2180,2016-11-12,1,4,Match 4,6852,81.0
2180,2016-11-12,1,5,Match 3,152318,25.0
2180,2016-11-12,1,6,Match 2,1337325,0.0
2181,2016-11-16,1,1,Match 6,0,2006766.0
2181,2016-11-16,1,2,Match 5 plus Bonus,1,45827.0
2181,2016-11-16,1,3,Match 5,29,1663.0
2181,2016-11-16,1,4,Match 4,2133,145.0
2181,2016-11-16,1,5,Match 3,56039,25.0
2181,2016-11-16,1,6,Match 2,604347,0.0
2182,2016-11-19,1,1,Match 6,0,5563528.0
2182,2016-11-19,1,2,Match 5 plus Bonus,5,16244.0
2182,2016-11-19,1,3,Match 5,193,443.0
2182,2016-11-19,1,4,Match 4,11203,49.0
2182,2016-11-19,1,5,Match 3,211377,25.0
2182,2016-11-19,1,6,Match 2,1595234,0.0
2183,2016-11-23,1,1,Match 6,0,7211954.0
2183,2016-11-23,1,2,Match 5 plus Bonus,2,24531.0
2183,2016-11-23,1,3,Match 5,61,846.0
2183,2016-11-23,1,4,Match 4,4629,71.0
2183,2016-11-23,1,5,Match 3,101894,25.0
2183,2016-11-23,1,6,Match 2,846226,0.0
2184,2016-11-26,1,1,Match 6,1,10394608.0
2184,2016-11-26,1,2,Match 5 plus Bonus,4,21024.0
2184,2016-11-26,1,3,Match 5,100,885.0
2184,2016-11-26,1,4,Match 4,6714,85.0
2184,2016-11-26,1,5,Match 3,134970,25.0
2184,2016-11-26,1,6,Match 2,1273339,0.0
2185,2016-11-30,1,1,Match 6,0,2046590.0
2185,2016-11-30,1,2,Match 5 plus Bonus,0,0.0
2185,2016-11-30,1,3,Match 5,34,1414.0
2185,2016-11-30,1,4,Match 4,2274,136.0
2185,2016-11-30,1,5,Match 3,60962,25.0
2185,2016-11-30,1,6,Match 2,605464,0.0
2186,2016-12-03,1,1,Match 6,0,5572309.0
2186,2016-12-03,1,2,Match 5 plus Bonus,4,20128.0
2186,2016-12-03,1,3,Match 5,127,667.0
2186,2016-12-03,1,4,Match 4,9027,60.0
2186,2016-12-03,1,5,Match 3,182791,25.0
2186,2016-12-03,1,6,Match 2,1451435,0.0
2187,2016-12-07,1,1,Match 6,0,7215444.0
2187,2016-12-07,1,2,Match 5 plus Bonus,1,48941.0
2187,2016-12-07,1,3,Match 5,30,1717.0
2187,2016-12-07,1,4,Match 4,2728,121.0
2187,2016-12-07,1,5,Match 3,67517,25.0
2187,2016-12-07,1,6,Match 2,669938,0.0
2188,2016-12-10,1,1,Match 6,0,10343595.0
2188,2016-12-10,1,2,Match 5 plus Bonus,2,41427.0
2188,2016-12-10,1,3,Match 5,73,1194.0
2188,2016-12-10,1,4,Match 4,5351,105.0
2188,2016-12-10,1,5,Match 3,129073,25.0
2188,2016-12-10,1,6,Match 2,1235128,0.0
2189,2016-12-14,1,1,Match 6,0,12040376.0
2189,2016-12-14,1,2,Match 5 plus Bonus,1,50166.0
2189,2016-12-14,1,3,Match 5,51,1035.0
2189,2016-12-14,1,4,Match 4,4157,81.0
2189,2016-12-14,1,5,Match 3,98640,25.0
2189,2016-12-14,1,6,Match 2,877657,0.0
2190,2016-12-17,1,1,Match 6,0,15287600.0
2190,2016-12-17,1,2,Match 5 plus Bonus,3,28524.0
2190,2016-12-17,1,3,Match 5,65,1385.0
2190,2016-12-17,1,4,Match 4,5156,112.0
2190,2016-12-17,1,5,Match 3,126616,25.0
2190,2016-12-17,1,6,Match 2,1237919,0.0
2191,2016-12-21,1,1,Match 6,0,16574503.0
2191,2016-12-21,1,2,Match 5 plus Bonus,1,52224.0
2191,2016-12-21,1,3,Match 5,52,1057.0
2191,2016-12-21,1,4,Match 4,3187,111.0
2191,2016-12-21,1,5,Match 3,74721,25.0
2191,2016-12-21,1,6,Match 2,739470,0.0
2192,2016-12-24,1,1,Match 6,0,20765992.0
2192,2016-12-24,1,2,Match 5 plus Bonus,0,0.0
2192,2016-12-24,1,3,Match 5,54,2259.0
2192,2016-12-24,1,4,Match 4,5593,140.0
2192,2016-12-24,1,5,Match 3,140795,25.0
2192,2016-12-24,1,6,Match 2,1467443,0.0
2193,2016-12-28,1,1,Match 6,0,22170849.0
2193,2016-12-28,1,2,Match 5 plus Bonus,0,0.0
2193,2016-12-28,1,3,Match 5,20,2825.0
2193,2016-12-28,1,4,Match 4,2144,170.0
2193,2016-12-28,1,5,Match 3,53817,25.0
2193,2016-12-28,1,6,Match 2,601345,0.0
2194,2016-12-31,1,1,Match 6,0,26293902.0
2194,2016-12-31,1,2,Match 5 plus Bonus,1,26410895.0
2194,2016-12-31,1,3,Match 5,89,1383.0
2194,2016-12-31,1,4,Match 4,5757,137.0
2194,2016-12-31,1,5,Match 3,140568,25.0
2194,2016-12-31,1,6,Match 2,1460568,0.0
2195,2017-01-04,1,1,Match 6,0,2024754.0
2195,2017-01-04,1,2,Match 5 plus Bonus,1,46238.0
2195,2017-01-04,1,3,Match 5,36,1351.0
2195,2017-01-04,1,4,Match 4,2849,110.0
2195,2017-01-04,1,5,Match 3,69032,25.0
2195,2017-01-04,1,6,Match 2,663842,0.0
2196,2017-01-07,1,1,Match 6,0,5689783.0
2196,2017-01-07,1,2,Match 5 plus Bonus,0,0.0
2196,2017-01-07,1,3,Match 5,76,1133.0
2196,2017-01-07,1,4,Match 4,4690,118.0
2196,2017-01-07,1,5,Match 3,109793,25.0
2196,2017-01-07,1,6,Match 2,1093498,0.0
2197,2017-01-11,1,1,Match 6,0,7291956.0
2197,2017-01-11,1,2,Match 5 plus Bonus,1,48006.0
2197,2017-01-11,1,3,Match 5,28,1804.0
2197,2017-01-11,1,4,Match 4,2067,157.0
2197,2017-01-11,1,5,Match 3,55628,25.0
2197,2017-01-11,1,6,Match 2,606644,0.0
2198,2017-01-14,1,1,Match 6,0,10526484.0
2198,2017-01-14,1,2,Match 5 plus Bonus,0,0.0
2198,2017-01-14,1,3,Match 5,64,1371.0
2198,2017-01-14,1,4,Match 4,3804,148.0
2198,2017-01-14,1,5,Match 3,97078,25.0
2198,2017-01-14,1,6,Match 2,1051767,0.0
2199,2017-01-18,1,1,Match 6,2,6103436.0
2199,2017-01-18,1,2,Match 5 plus Bonus,1,49792.0
2199,2017-01-18,1,3,Match 5,64,818.0
2199,2017-01-18,1,4,Match 4,4001,84.0
2199,2017-01-18,1,5,Match 3,88893,25.0
2199,2017-01-18,1,6,Match 2,790203,0.0
2200,2017-01-21,1,1,Match 6,0,3495493.0
2200,2017-01-21,1,2,Match 5 plus Bonus,2,39912.0
2200,2017-01-21,1,3,Match 5,40,2100.0
2200,2017-01-21,1,4,Match 4,3401,159.0
2200,2017-01-21,1,5,Match 3,85858,25.0
2200,2017-01-21,1,6,Match 2,927218,0.0
2201,2017-01-25,1,1,Match 6,0,5552469.0
2201,2017-01-25,1,2,Match 5 plus Bonus,0,0.0
2201,2017-01-25,1,3,Match 5,37,1306.0
2201,2017-01-25,1,4,Match 4,3013,103.0
2201,2017-01-25,1,5,Match 3,74103,25.0
2201,2017-01-25,1,6,Match 2,709383,0.0
2202,2017-01-28,1,1,Match 6,2,4369877.0
2202,2017-01-28,1,2,Match 5 plus Bonus,0,0.0
2202,2017-01-28,1,3,Match 5,90,962.0
2202,2017-01-28,1,4,Match 4,6385,87.0
2202,2017-01-28,1,5,Match 3,141210,25.0
2202,2017-01-28,1,6,Match 2,1276040,0.0
2203,2017-02-01,1,1,Match 6,0,2039290.0
2203,2017-02-01,1,2,Match 5 plus Bonus,0,0.0
2203,2017-02-01,1,3,Match 5,48,998.0
2203,2017-02-01,1,4,Match 4,2963,104.0
2203,2017-02-01,1,5,Match 3,70644,25.0
2203,2017-02-01,1,6,Match 2,682727,0.0
2204,2017-02-04,1,1,Match 6,0,5610040.0
2204,2017-02-04,1,2,Match 5 plus Bonus,1,81543.0
2204,2017-02-04,1,3,Match 5,107,802.0
2204,2017-02-04,1,4,Match 4,6015,92.0
2204,2017-02-04,1,5,Match 3,140113,25.0
2204,2017-02-04,1,6,Match 2,1265603,0.0
2205,2017-02-08,1,1,Match 6,0,7267133.0
2205,2017-02-08,1,2,Match 5 plus Bonus,0,0.0
2205,2017-02-08,1,3,Match 5,40,1267.0
2205,2017-02-08,1,4,Match 4,2780,117.0
2205,2017-02-08,1,5,Match 3,70049,25.0
2205,2017-02-08,1,6,Match 2,696250,0.0
2206,2017-02-11,1,1,Match 6,0,10376181.0
2206,2017-02-11,1,2,Match 5 plus Bonus,3,27472.0
2206,2017-02-11,1,3,Match 5,58,1495.0
2206,2017-02-11,1,4,Match 4,4351,128.0
2206,2017-02-11,1,5,Match 3,114509,25.0
2206,2017-02-11,1,6,Match 2,1150848,0.0
2207,2017-02-15,1,1,Match 6,0,12118230.0
2207,2017-02-15,1,2,Match 5 plus Bonus,0,0.0
2207,2017-02-15,1,3,Match 5,45,1170.0
2207,2017-02-15,1,4,Match 4,3175,107.0
2207,2017-02-15,1,5,Match 3,73083,25.0
2207,2017-02-15,1,6,Match 2,715756,0.0
2208,2017-02-18,1,1,Match 6,1,15342900.0
2208,2017-02-18,1,2,Match 5 plus Bonus,3,28352.0
2208,2017-02-18,1,3,Match 5,65,1377.0
2208,2017-02-18,1,4,Match 4,4963,116.0
2208,2017-02-18,1,5,Match 3,123368,25.0
2208,2017-02-18,1,6,Match 2,1217285,0.0
2209,2017-02-22,1,1,Match 6,0,2014488.0
2209,2017-02-22,1,2,Match 5 plus Bonus,0,0.0
2209,2017-02-22,1,3,Match 5,20,2367.0
2209,2017-02-22,1,4,Match 4,2415,126.0
2209,2017-02-22,1,5,Match 3,63226,25.0
2209,2017-02-22,1,6,Match 2,636114,0.0
2210,2017-02-25,1,1,Match 6,0,5590553.0
2210,2017-02-25,1,2,Match 5 plus Bonus,2,40832.0
2210,2017-02-25,1,3,Match 5,74,1161.0
2210,2017-02-25,1,4,Match 4,5264,105.0
2210,2017-02-25,1,5,Match 3,115258,25.0
2210,2017-02-25,1,6,Match 2,1108388,0.0
2211,2017-03-01,1,1,Match 6,0,7199492.0
2211,2017-03-01,1,2,Match 5 plus Bonus,1,48160.0
2211,2017-03-01,1,3,Match 5,50,1013.0
2211,2017-03-01,1,4,Match 4,3688,88.0
2211,2017-03-01,1,5,Match 3,86952,25.0
2211,2017-03-01,1,6,Match 2,788377,0.0
2212,2017-03-04,1,1,Match 6,0,10369492.0
2212,2017-03-04,1,2,Match 5 plus Bonus,1,83810.0
2212,2017-03-04,1,3,Match 5,55,1604.0
2212,2017-03-04,1,4,Match 4,3669,155.0
2212,2017-03-04,1,5,Match 3,92547,25.0
2212,2017-03-04,1,6,Match 2,973992,0.0
2213,2017-03-08,1,1,Match 6,0,12020527.0
2213,2017-03-08,1,2,Match 5 plus Bonus,1,49122.0
2213,2017-03-08,1,3,Match 5,49,1055.0
2213,2017-03-08,1,4,Match 4,3900,85.0
2213,2017-03-08,1,5,Match 3,89568,25.0
2213,2017-03-08,1,6,Match 2,801385,0.0
2214,2017-03-11,1,1,Match 6,0,15207601.0
2214,2017-03-11,1,2,Match 5 plus Bonus,1,84199.0
2214,2017-03-11,1,3,Match 5,57,1554.0
2214,2017-03-11,1,4,Match 4,4638,123.0
2214,2017-03-11,1,5,Match 3,115854,25.0
2214,2017-03-11,1,6,Match 2,1156143,0.0
2215,2017-03-15,1,1,Match 6,0,16422135.0
2215,2017-03-15,1,2,Match 5 plus Bonus,1,50572.0
2215,2017-03-15,1,3,Match 5,30,1774.0
2215,2017-03-15,1,4,Match 4,2730,125.0
2215,2017-03-15,1,5,Match 3,68633,25.0
2215,2017-03-15,1,6,Match 2,701797,0.0
2216,2017-03-18,1,1,Match 6,1,19132964.0
2216,2017-03-18,1,2,Match 5 plus Bonus,6,14123.0
2216,2017-03-18,1,3,Match 5,178,501.0
2216,2017-03-18,1,4,Match 4,8785,65.0
2216,2017-03-18,1,5,Match 3,172630,25.0
2216,2017-03-18,1,6,Match 2,1427843,0.0
2217,2017-03-22,1,1,Match 6,3,663276.0
2217,2017-03-22,1,2,Match 5 plus Bonus,6,7573.0
2217,2017-03-22,1,3,Match 5,244,196.0
2217,2017-03-22,1,4,Match 4,9314,33.0
2217,2017-03-22,1,5,Match 3,139989,25.0
2217,2017-03-22,1,6,Match 2,919503,0.0
2218,2017-03-25,1,1,Match 6,0,3566205.0
2218,2017-03-25,1,2,Match 5 plus Bonus,0,0.0
2218,2017-03-25,1,3,Match 5,36,2328.0
2218,2017-03-25,1,4,Match 4,3025,178.0
2218,2017-03-25,1,5,Match 3,69007,25.0
2218,2017-03-25,1,6,Match 2,697346,0.0
2219,2017-03-29,1,1,Match 6,0,5597315.0
2219,2017-03-29,1,2,Match 5 plus Bonus,0,0.0
2219,2017-03-29,1,3,Match 5,26,1835.0
2219,2017-03-29,1,4,Match 4,2747,112.0
2219,2017-03-29,1,5,Match 3,66452,25.0
2219,2017-03-29,1,6,Match 2,669115,0.0
2220,2017-04-01,1,1,Match 6,0,8647634.0
2220,2017-04-01,1,2,Match 5 plus Bonus,3,27025.0
2220,2017-04-01,1,3,Match 5,97,879.0
2220,2017-04-01,1,4,Match 4,7032,78.0
2220,2017-04-01,1,5,Match 3,158882,25.0
2220,2017-04-01,1,6,Match 2,1381581,0.0
2221,2017-04-05,1,1,Match 6,0,10353081.0
2221,2017-04-05,1,2,Match 5 plus Bonus,0,0.0
2221,2017-04-05,1,3,Match 5,46,1126.0
2221,2017-04-05,1,4,Match 4,3624,92.0
2221,2017-04-05,1,5,Match 3,82381,25.0
2221,2017-04-05,1,6,Match 2,755471,0.0
2222,2017-04-08,1,1,Match 6,0,13409218.0
2222,2017-04-08,1,2,Match 5 plus Bonus,3,27069.0
2222,2017-04-08,1,3,Match 5,57,1499.0
2222,2017-04-08,1,4,Match 4,4214,130.0
2222,2017-04-08,1,5,Match 3,103309,25.0
2222,2017-04-08,1,6,Match 2,1046186,0.0
2223,2017-04-12,1,1,Match 6,1,15107556.0
2223,2017-04-12,1,2,Match 5 plus Bonus,0,0.0
2223,2017-04-12,1,3,Match 5,31,1666.0
2223,2017-04-12,1,4,Match 4,2633,126.0
2223,2017-04-12,1,5,Match 3,64041,25.0
2223,2017-04-12,1,6,Match 2,653347,0.0
2224,2017-04-15,1,1,Match 6,1,3421655.0
2224,2017-04-15,1,2,Match 5 plus Bonus,6,13023.0
2224,2017-04-15,1,3,Match 5,326,252.0
2224,2017-04-15,1,4,Match 4,13590,39.0
2224,2017-04-15,1,5,Match 3,212809,25.0
2224,2017-04-15,1,6,Match 2,1480247,0.0
2225,2017-04-19,1,1,Match 6,0,1951446.0
2225,2017-04-19,1,2,Match 5 plus Bonus,1,44564.0
2225,2017-04-19,1,3,Match 5,19,2468.0
2225,2017-04-19,1,4,Match 4,1725,175.0
2225,2017-04-19,1,5,Match 3,43917,25.0
2225,2017-04-19,1,6,Match 2,489801,0.0
2226,2017-04-22,1,1,Match 6,0,5430100.0
2226,2017-04-22,1,2,Match 5 plus Bonus,0,0.0
2226,2017-04-22,1,3,Match 5,52,1572.0
2226,2017-04-22,1,4,Match 4,3913,134.0
2226,2017-04-22,1,5,Match 3,101492,25.0
2226,2017-04-22,1,6,Match 2,1053894,0.0
2227,2017-04-26,1,1,Match 6,0,6947106.0
2227,2017-04-26,1,2,Match 5 plus Bonus,1,46061.0
2227,2017-04-26,1,3,Match 5,37,1310.0
2227,2017-04-26,1,4,Match 4,2258,138.0
2227,2017-04-26,1,5,Match 3,59033,25.0
2227,2017-04-26,1,6,Match 2,620432,0.0
2228,2017-04-29,1,1,Match 6,0,9994885.0
2228,2017-04-29,1,2,Match 5 plus Bonus,1,81018.0
2228,2017-04-29,1,3,Match 5,67,1272.0
2228,2017-04-29,1,4,Match 4,4703,116.0
2228,2017-04-29,1,5,Match 3,116360,25.0
2228,2017-04-29,1,6,Match 2,1133613,0.0
2229,2017-05-03,1,1,Match 6,0,11684226.0
2229,2017-05-03,1,2,Match 5 plus Bonus,0,0.0
2229,2017-05-03,1,3,Match 5,34,1513.0
2229,2017-05-03,1,4,Match 4,2398,138.0
2229,2017-05-03,1,5,Match 3,61311,25.0
2229,2017-05-03,1,6,Match 2,636162,0.0
2230,2017-05-06,1,1,Match 6,0,14794798.0
2230,2017-05-06,1,2,Match 5 plus Bonus,1,82452.0
2230,2017-05-06,1,3,Match 5,63,1377.0
2230,2017-05-06,1,4,Match 4,4665,120.0
2230,2017-05-06,1,5,Match 3,111197,25.0
2230,2017-05-06,1,6,Match 2,1100546,0.0
2231,2017-05-10,1,1,Match 6,0,16042516.0
2231,2017-05-10,1,2,Match 5 plus Bonus,0,0.0
2231,2017-05-10,1,3,Match 5,40,1320.0
2231,2017-05-10,1,4,Match 4,3178,107.0
2231,2017-05-10,1,5,Match 3,83077,25.0
2231,2017-05-10,1,6,Match 2,770865,0.0
2232,2017-05-13,1,1,Match 6,0,18754003.0
2232,2017-05-13,1,2,Match 5 plus Bonus,1,84757.0
2232,2017-05-13,1,3,Match 5,100,892.0
2232,2017-05-13,1,4,Match 4,7410,77.0
2232,2017-05-13,1,5,Match 3,175247,25.0
2232,2017-05-13,1,6,Match 2,1418252,0.0
2233,2017-05-17,1,1,Match 6,0,20114637.0
2233,2017-05-17,1,2,Match 5 plus Bonus,2,26954.0
2233,2017-05-17,1,3,Match 5,87,652.0
2233,2017-05-17,1,4,Match 4,5473,66.0
2233,2017-05-17,1,5,Match 3,110403,25.0
2233,2017-05-17,1,6,Match 2,907858,0.0
2234,2017-05-20,1,1,Match 6,0,23036730.0
2234,2017-05-20,1,2,Match 5 plus Bonus,1,89567.0
2234,2017-05-20,1,3,Match 5,88,1071.0
2234,2017-05-20,1,4,Match 4,6391,95.0
2234,2017-05-20,1,5,Match 3,155489,25.0
2234,2017-05-20,1,6,Match 2,1433034,0.0
2235,2017-05-24,1,1,Match 6,0,0.0
2235,2017-05-24,1,2,Match 5 plus Bonus,2,100000012759916.0
2235,2017-05-24,1,3,Match 5,45,17501819.0
2235,2017-05-24,1,4,Match 4,3973,140132.0
2235,2017-05-24,1,5,Match 3,99299,3025.0
2235,2017-05-24,1,6,Match 2,1024259,0.0
2236,2017-05-27,1,1,Match 6,0,3494644.0
2236,2017-05-27,1,2,Match 5 plus Bonus,0,0.0
2236,2017-05-27,1,3,Match 5,54,1520.0
2236,2017-05-27,1,4,Match 4,3381,156.0
2236,2017-05-27,1,5,Match 3,87371,25.0
2236,2017-05-27,1,6,Match 2,946093,0.0
2237,2017-05-31,1,1,Match 6,0,5558072.0
2237,2017-05-31,1,2,Match 5 plus Bonus,0,0.0
2237,2017-05-31,1,3,Match 5,21,2309.0
2237,2017-05-31,1,4,Match 4,1843,169.0
2237,2017-05-31,1,5,Match 3,47260,25.0
2237,2017-05-31,1,6,Match 2,520248,0.0
2238,2017-06-03,1,1,Match 6,0,8496269.0
2238,2017-06-03,1,2,Match 5 plus Bonus,2,39258.0
2238,2017-06-03,1,3,Match 5,56,1475.0
2238,2017-06-03,1,4,Match 4,4729,112.0
2238,2017-06-03,1,5,Match 3,114255,25.0
2238,2017-06-03,1,6,Match 2,1123644,0.0
2239,2017-06-07,1,1,Match 6,0,10140252.0
2239,2017-06-07,1,2,Match 5 plus Bonus,0,0.0
2239,2017-06-07,1,3,Match 5,47,1072.0
2239,2017-06-07,1,4,Match 4,3931,82.0
2239,2017-06-07,1,5,Match 3,87820,25.0
2239,2017-06-07,1,6,Match 2,772746,0.0
2240,2017-06-10,1,1,Match 6,0,13178747.0
2240,2017-06-10,1,2,Match 5 plus Bonus,2,40403.0
2240,2017-06-10,1,3,Match 5,65,1308.0
2240,2017-06-10,1,4,Match 4,4415,124.0
2240,2017-06-10,1,5,Match 3,112815,25.0
2240,2017-06-10,1,6,Match 2,1140607,0.0
2241,2017-06-14,1,1,Match 6,0,14877043.0
2241,2017-06-14,1,2,Match 5 plus Bonus,0,0.0
2241,2017-06-14,1,3,Match 5,78,662.0
2241,2017-06-14,1,4,Match 4,4552,73.0
2241,2017-06-14,1,5,Match 3,95504,25.0
2241,2017-06-14,1,6,Match 2,808638,0.0
2242,2017-06-17,1,1,Match 6,0,17407211.0
2242,2017-06-17,1,2,Match 5 plus Bonus,5,16123.0
2242,2017-06-17,1,3,Match 5,170,499.0
2242,2017-06-17,1,4,Match 4,9321,58.0
2242,2017-06-17,1,5,Match 3,181045,25.0
2242,2017-06-17,1,6,Match 2,1416080,0.0
2243,2017-06-21,1,1,Match 6,0,18700435.0
2243,2017-06-21,1,2,Match 5 plus Bonus,0,0.0
2243,2017-06-21,1,3,Match 5,197,273.0
2243,2017-06-21,1,4,Match 4,8988,38.0
2243,2017-06-21,1,5,Match 3,140113,25.0
2243,2017-06-21,1,6,Match 2,981745,0.0
2244,2017-06-24,1,1,Match 6,1,21387231.0
2244,2017-06-24,1,2,Match 5 plus Bonus,3,28064.0
2244,2017-06-24,1,3,Match 5,83,1067.0
2244,2017-06-24,1,4,Match 4,5206,109.0
2244,2017-06-24,1,5,Match 3,122110,25.0
2244,2017-06-24,1,6,Match 2,1174070,0.0
2245,2017-06-28,1,1,Match 6,0,1986370.0
2245,2017-06-28,1,2,Match 5 plus Bonus,0,0.0
2245,2017-06-28,1,3,Match 5,25,1867.0
2245,2017-06-28,1,4,Match 4,2372,126.0
2245,2017-06-28,1,5,Match 3,61987,25.0
2245,2017-06-28,1,6,Match 2,629249,0.0
2246,2017-07-01,1,1,Match 6,0,5481888.0
2246,2017-07-01,1,2,Match 5 plus Bonus,0,0.0
2246,2017-07-01,1,3,Match 5,63,1303.0
2246,2017-07-01,1,4,Match 4,3178,166.0
2246,2017-07-01,1,5,Match 3,77096,25.0
2246,2017-07-01,1,6,Match 2,855229,0.0
2247,2017-07-05,1,1,Match 6,1,6981548.0
2247,2017-07-05,1,2,Match 5 plus Bonus,3,15221.0
2247,2017-07-05,1,3,Match 5,39,1232.0
2247,2017-07-05,1,4,Match 4,3251,95.0
2247,2017-07-05,1,5,Match 3,74565,25.0
2247,2017-07-05,1,6,Match 2,708506,0.0
2248,2017-07-08,1,1,Match 6,0,3352302.0
2248,2017-07-08,1,2,Match 5 plus Bonus,0,0.0
2248,2017-07-08,1,3,Match 5,67,1175.0
2248,2017-07-08,1,4,Match 4,5159,98.0
2248,2017-07-08,1,5,Match 3,125612,25.0
2248,2017-07-08,1,6,Match 2,1168769,0.0
2249,2017-07-12,1,1,Match 6,0,5348763.0
2249,2017-07-12,1,2,Match 5 plus Bonus,2,22796.0
2249,2017-07-12,1,3,Match 5,78,615.0
2249,2017-07-12,1,4,Match 4,4005,77.0
2249,2017-07-12,1,5,Match 3,84817,25.0
2249,2017-07-12,1,6,Match 2,742442,0.0
2250,2017-07-15,1,1,Match 6,0,8270807.0
2250,2017-07-15,1,2,Match 5 plus Bonus,1,78147.0
2250,2017-07-15,1,3,Match 5,36,2285.0
2250,2017-07-15,1,4,Match 4,3538,149.0
2250,2017-07-15,1,5,Match 3,99712,25.0
2250,2017-07-15,1,6,Match 2,1087960,0.0
2251,2017-07-19,1,1,Match 6,0,9855934.0
2251,2017-07-19,1,2,Match 5 plus Bonus,0,0.0
2251,2017-07-19,1,3,Match 5,103,475.0
2251,2017-07-19,1,4,Match 4,5605,56.0
2251,2017-07-19,1,5,Match 3,106490,25.0
2251,2017-07-19,1,6,Match 2,820535,0.0
2252,2017-07-22,1,1,Match 6,1,12791049.0
2252,2017-07-22,1,2,Match 5 plus Bonus,4,19611.0
2252,2017-07-22,1,3,Match 5,135,611.0
2252,2017-07-22,1,4,Match 4,6890,77.0
2252,2017-07-22,1,5,Match 3,137239,25.0
2252,2017-07-22,1,6,Match 2,1206772,0.0
2253,2017-07-26,1,1,Match 6,0,1967928.0
2253,2017-07-26,1,2,Match 5 plus Bonus,0,0.0
2253,2017-07-26,1,3,Match 5,22,2102.0
2253,2017-07-26,1,4,Match 4,1970,151.0
2253,2017-07-26,1,5,Match 3,54535,25.0
2253,2017-07-26,1,6,Match 2,581263,0.0
2254,2017-07-29,1,1,Match 6,0,5411439.0
2254,2017-07-29,1,2,Match 5 plus Bonus,0,0.0
2254,2017-07-29,1,3,Match 5,54,1498.0
2254,2017-07-29,1,4,Match 4,2820,185.0
2254,2017-07-29,1,5,Match 3,70396,25.0
2254,2017-07-29,1,6,Match 2,772221,0.0
2255,2017-08-02,1,1,Match 6,0,6863927.0
2255,2017-08-02,1,2,Match 5 plus Bonus,1,44588.0
2255,2017-08-02,1,3,Match 5,24,1955.0
2255,2017-08-02,1,4,Match 4,2307,131.0
2255,2017-08-02,1,5,Match 3,61479,25.0
2255,2017-08-02,1,6,Match 2,635813,0.0
2256,2017-08-05,1,1,Match 6,0,9799014.0
2256,2017-08-05,1,2,Match 5 plus Bonus,1,78445.0
2256,2017-08-05,1,3,Match 5,52,1587.0
2256,2017-08-05,1,4,Match 4,3692,144.0
2256,2017-08-05,1,5,Match 3,99361,25.0
2256,2017-08-05,1,6,Match 2,1034596,0.0
2257,2017-08-09,1,1,Match 6,0,11398810.0
2257,2017-08-09,1,2,Match 5 plus Bonus,0,0.0
2257,2017-08-09,1,3,Match 5,22,2243.0
2257,2017-08-09,1,4,Match 4,2238,142.0
2257,2017-08-09,1,5,Match 3,60108,25.0
2257,2017-08-09,1,6,Match 2,645298,0.0
2258,2017-08-12,1,1,Match 6,1,14402436.0
2258,2017-08-12,1,2,Match 5 plus Bonus,3,26670.0
2258,2017-08-12,1,3,Match 5,45,1871.0
2258,2017-08-12,1,4,Match 4,3219,168.0
2258,2017-08-12,1,5,Match 3,81477,25.0
2258,2017-08-12,1,6,Match 2,889273,0.0
2259,2017-08-16,1,1,Match 6,1,1903798.0
2259,2017-08-16,1,2,Match 5 plus Bonus,0,0.0
2259,2017-08-16,1,3,Match 5,73,612.0
2259,2017-08-16,1,4,Match 4,4195,68.0
2259,2017-08-16,1,5,Match 3,87078,25.0
2259,2017-08-16,1,6,Match 2,734192,0.0
2260,2017-08-19,1,1,Match 6,0,3380310.0
2260,2017-08-19,1,2,Match 5 plus Bonus,0,0.0
2260,2017-08-19,1,3,Match 5,49,1621.0
2260,2017-08-19,1,4,Match 4,3426,149.0
2260,2017-08-19,1,5,Match 3,82410,25.0
2260,2017-08-19,1,6,Match 2,877011,0.0
2261,2017-08-23,1,1,Match 6,0,5372825.0
2261,2017-08-23,1,2,Match 5 plus Bonus,0,0.0
2261,2017-08-23,1,3,Match 5,44,1064.0
2261,2017-08-23,1,4,Match 4,2687,112.0
2261,2017-08-23,1,5,Match 3,64828,25.0
2261,2017-08-23,1,6,Match 2,637420,0.0
2262,2017-08-26,1,1,Match 6,0,8348251.0
2262,2017-08-26,1,2,Match 5 plus Bonus,0,0.0
2262,2017-08-26,1,3,Match 5,44,1856.0
2262,2017-08-26,1,4,Match 4,3222,163.0
2262,2017-08-26,1,5,Match 3,84763,25.0
2262,2017-08-26,1,6,Match 2,923407,0.0
2263,2017-08-30,1,1,Match 6,0,9901377.0
2263,2017-08-30,1,2,Match 5 plus Bonus,0,0.0
2263,2017-08-30,1,3,Match 5,23,2097.0
2263,2017-08-30,1,4,Match 4,1705,182.0
2263,2017-08-30,1,5,Match 3,41579,25.0
2263,2017-08-30,1,6,Match 2,425163,0.0
2264,2017-09-02,1,1,Match 6,0,12810334.0
2264,2017-09-02,1,2,Match 5 plus Bonus,1,77848.0
2264,2017-09-02,1,3,Match 5,43,1905.0
2264,2017-09-02,1,4,Match 4,3303,160.0
2264,2017-09-02,1,5,Match 3,82973,25.0
2264,2017-09-02,1,6,Match 2,872431,0.0
2265,2017-09-06,1,1,Match 6,0,14460089.0
2265,2017-09-06,1,2,Match 5 plus Bonus,1,49092.0
2265,2017-09-06,1,3,Match 5,24,2153.0
2265,2017-09-06,1,4,Match 4,1858,179.0
2265,2017-09-06,1,5,Match 3,45467,25.0
2265,2017-09-06,1,6,Match 2,492447,0.0
2266,2017-09-09,1,1,Match 6,1,16976182.0
2266,2017-09-09,1,2,Match 5 plus Bonus,1,80295.0
2266,2017-09-09,1,3,Match 5,41,2061.0
2266,2017-09-09,1,4,Match 4,4056,134.0
2266,2017-09-09,1,5,Match 3,111637,25.0
2266,2017-09-09,1,6,Match 2,1147511,0.0
2267,2017-09-13,1,1,Match 6,0,1886160.0
2267,2017-09-13,1,2,Match 5 plus Bonus,3,14357.0
2267,2017-09-13,1,3,Match 5,76,596.0
2267,2017-09-13,1,4,Match 4,4612,63.0
2267,2017-09-13,1,5,Match 3,90660,25.0
2267,2017-09-13,1,6,Match 2,733700,0.0
2268,2017-09-16,1,1,Match 6,0,5329846.0
2268,2017-09-16,1,2,Match 5 plus Bonus,0,0.0
2268,2017-09-16,1,3,Match 5,52,1556.0
2268,2017-09-16,1,4,Match 4,3891,134.0
2268,2017-09-16,1,5,Match 3,102947,25.0
2268,2017-09-16,1,6,Match 2,1051160,0.0
2269,2017-09-20,1,1,Match 6,0,6883840.0
2269,2017-09-20,1,2,Match 5 plus Bonus,0,0.0
2269,2017-09-20,1,3,Match 5,23,2098.0
2269,2017-09-20,1,4,Match 4,1765,176.0
2269,2017-09-20,1,5,Match 3,45284,25.0
2269,2017-09-20,1,6,Match 2,514167,0.0
2270,2017-09-23,1,1,Match 6,0,9807442.0
2270,2017-09-23,1,2,Match 5 plus Bonus,4,19545.0
2270,2017-09-23,1,3,Match 5,41,2007.0
2270,2017-09-23,1,4,Match 4,3233,164.0
2270,2017-09-23,1,5,Match 3,86726,25.0
2270,2017-09-23,1,6,Match 2,956778,0.0
2271,2017-09-27,1,1,Match 6,0,11455122.0
2271,2017-09-27,1,2,Match 5 plus Bonus,0,0.0
2271,2017-09-27,1,3,Match 5,20,2523.0
2271,2017-09-27,1,4,Match 4,2044,159.0
2271,2017-09-27,1,5,Match 3,48013,25.0
2271,2017-09-27,1,6,Match 2,505157,0.0
2272,2017-09-30,1,1,Match 6,0,14544740.0
2272,2017-09-30,1,2,Match 5 plus Bonus,0,0.0
2272,2017-09-30,1,3,Match 5,61,1382.0
2272,2017-09-30,1,4,Match 4,4142,131.0
2272,2017-09-30,1,5,Match 3,102498,25.0
2272,2017-09-30,1,6,Match 2,1050047,0.0
2273,2017-10-04,1,1,Match 6,0,15785809.0
2273,2017-10-04,1,2,Match 5 plus Bonus,1,51178.0
2273,2017-10-04,1,3,Match 5,35,1539.0
2273,2017-10-04,1,4,Match 4,2586,134.0
2273,2017-10-04,1,5,Match 3,63689,25.0
2273,2017-10-04,1,6,Match 2,655293,0.0
2274,2017-10-07,1,1,Match 6,0,18509759.0
2274,2017-10-07,1,2,Match 5 plus Bonus,2,42521.0
2274,2017-10-07,1,3,Match 5,53,1689.0
2274,2017-10-07,1,4,Match 4,4023,143.0
2274,2017-10-07,1,5,Match 3,104238,25.0
2274,2017-10-07,1,6,Match 2,1077913,0.0
2275,2017-10-11,1,1,Match 6,0,19875058.0
2275,2017-10-11,1,2,Match 5 plus Bonus,1,54015.0
2275,2017-10-11,1,3,Match 5,30,1895.0
2275,2017-10-11,1,4,Match 4,2295,159.0
2275,2017-10-11,1,5,Match 3,55568,25.0
2275,2017-10-11,1,6,Match 2,571208,0.0
2276,2017-10-14,1,1,Match 6,0,22673298.0
2276,2017-10-14,1,2,Match 5 plus Bonus,1,86738.0
2276,2017-10-14,1,3,Match 5,52,1755.0
2276,2017-10-14,1,4,Match 4,4290,137.0
2276,2017-10-14,1,5,Match 3,108268,25.0
2276,2017-10-14,1,6,Match 2,1119353,0.0
2277,2017-10-18,1,1,Match 6,0,0.0
2277,2017-10-18,1,2,Match 5 plus Bonus,5,10000005014254.0
2277,2017-10-18,1,3,Match 5,134,1750595.0
2277,2017-10-18,1,4,Match 4,7773,14066.0
2277,2017-10-18,1,5,Match 3,150162,3025.0
2277,2017-10-18,1,6,Match 2,1200739,0.0
2278,2017-10-21,1,1,Match 6,1,3500729.0
2278,2017-10-21,1,2,Match 5 plus Bonus,0,0.0
2278,2017-10-21,1,3,Match 5,41,2006.0
2278,2017-10-21,1,4,Match 4,3837,138.0
2278,2017-10-21,1,5,Match 3,99047,25.0
2278,2017-10-21,1,6,Match 2,1031590,0.0
2279,2017-10-25,1,1,Match 6,0,1931824.0
2279,2017-10-25,1,2,Match 5 plus Bonus,1,44116.0
2279,2017-10-25,1,3,Match 5,32,1451.0
2279,2017-10-25,1,4,Match 4,2777,107.0
2279,2017-10-25,1,5,Match 3,73350,25.0
2279,2017-10-25,1,6,Match 2,679761,0.0
2280,2017-10-28,1,1,Match 6,0,5301408.0
2280,2017-10-28,1,2,Match 5 plus Bonus,2,38474.0
2280,2017-10-28,1,3,Match 5,46,1760.0
2280,2017-10-28,1,4,Match 4,3778,138.0
2280,2017-10-28,1,5,Match 3,94132,25.0
2280,2017-10-28,1,6,Match 2,954736,0.0
2281,2017-11-01,1,1,Match 6,0,6867823.0
2281,2017-11-01,1,2,Match 5 plus Bonus,0,0.0
2281,2017-11-01,1,3,Match 5,54,899.0
2281,2017-11-01,1,4,Match 4,4276,73.0
2281,2017-11-01,1,5,Match 3,92125,25.0
2281,2017-11-01,1,6,Match 2,795509,0.0
2282,2017-11-04,1,1,Match 6,0,9812847.0
2282,2017-11-04,1,2,Match 5 plus Bonus,3,26224.0
2282,2017-11-04,1,3,Match 5,72,1150.0
2282,2017-11-04,1,4,Match 4,4724,113.0
2282,2017-11-04,1,5,Match 3,112980,25.0
2282,2017-11-04,1,6,Match 2,1119938,0.0
2283,2017-11-08,1,1,Match 6,0,11389307.0
2283,2017-11-08,1,2,Match 5 plus Bonus,2,23709.0
2283,2017-11-08,1,3,Match 5,101,494.0
2283,2017-11-08,1,4,Match 4,4449,72.0
2283,2017-11-08,1,5,Match 3,86106,25.0
2283,2017-11-08,1,6,Match 2,743535,0.0
2284,2017-11-11,1,1,Match 6,0,14450835.0
2284,2017-11-11,1,2,Match 5 plus Bonus,0,0.0
2284,2017-11-11,1,3,Match 5,458,182.0
2284,2017-11-11,1,4,Match 4,6767,79.0
2284,2017-11-11,1,5,Match 3,145507,25.0
2284,2017-11-11,1,6,Match 2,1261429,0.0
2285,2017-11-15,1,1,Match 6,0,15654281.0
2285,2017-11-15,1,2,Match 5 plus Bonus,0,0.0
2285,2017-11-15,1,3,Match 5,36,1438.0
2285,2017-11-15,1,4,Match 4,2519,132.0
2285,2017-11-15,1,5,Match 3,64106,25.0
2285,2017-11-15,1,6,Match 2,662572,0.0
2286,2017-11-18,1,1,Match 6,1,18188218.0
2286,2017-11-18,1,2,Match 5 plus Bonus,2,40351.0
2286,2017-11-18,1,3,Match 5,54,1573.0
2286,2017-11-18,1,4,Match 4,3552,154.0
2286,2017-11-18,1,5,Match 3,89183,25.0
2286,2017-11-18,1,6,Match 2,971249,0.0
2287,2017-11-22,1,1,Match 6,0,1855244.0
2287,2017-11-22,1,2,Match 5 plus Bonus,1,42367.0
2287,2017-11-22,1,3,Match 5,52,857.0
2287,2017-11-22,1,4,Match 4,3645,78.0
2287,2017-11-22,1,5,Match 3,81625,25.0
2287,2017-11-22,1,6,Match 2,700314,0.0
2288,2017-11-25,1,1,Match 6,0,5145663.0
2288,2017-11-25,1,2,Match 5 plus Bonus,1,75141.0
2288,2017-11-25,1,3,Match 5,51,1550.0
2288,2017-11-25,1,4,Match 4,3535,144.0
2288,2017-11-25,1,5,Match 3,97251,25.0
2288,2017-11-25,1,6,Match 2,1036352,0.0
2289,2017-11-29,1,1,Match 6,0,6649202.0
2289,2017-11-29,1,2,Match 5 plus Bonus,0,0.0
2289,2017-11-29,1,3,Match 5,28,1681.0
2289,2017-11-29,1,4,Match 4,1619,187.0
2289,2017-11-29,1,5,Match 3,41221,25.0
2289,2017-11-29,1,6,Match 2,457700,0.0
2290,2017-12-02,1,1,Match 6,0,9462662.0
2290,2017-12-02,1,2,Match 5 plus Bonus,3,25222.0
2290,2017-12-02,1,3,Match 5,65,1225.0
2290,2017-12-02,1,4,Match 4,4420,116.0
2290,2017-12-02,1,5,Match 3,110029,25.0
2290,2017-12-02,1,6,Match 2,1095430,0.0
2291,2017-12-06,1,1,Match 6,0,10999536.0
2291,2017-12-06,1,2,Match 5 plus Bonus,1,46515.0
2291,2017-12-06,1,3,Match 5,34,1440.0
2291,2017-12-06,1,4,Match 4,2544,124.0
2291,2017-12-06,1,5,Match 3,63581,25.0
2291,2017-12-06,1,6,Match 2,639196,0.0
2292,2017-12-09,1,1,Match 6,0,13940220.0
2292,2017-12-09,1,2,Match 5 plus Bonus,0,0.0
2292,2017-12-09,1,3,Match 5,43,1880.0
2292,2017-12-09,1,4,Match 4,3420,152.0
2292,2017-12-09,1,5,Match 3,86648,25.0
2292,2017-12-09,1,6,Match 2,902896,0.0
2293,2017-12-13,1,1,Match 6,0,14949598.0
2293,2017-12-13,1,2,Match 5 plus Bonus,2,22943.0
2293,2017-12-13,1,3,Match 5,49,985.0
2293,2017-12-13,1,4,Match 4,2780,112.0
2293,2017-12-13,1,5,Match 3,70609,25.0
2293,2017-12-13,1,6,Match 2,689012,0.0
2294,2017-12-16,1,1,Match 6,0,17371932.0
2294,2017-12-16,1,2,Match 5 plus Bonus,1,78154.0
2294,2017-12-16,1,3,Match 5,40,2056.0
2294,2017-12-16,1,4,Match 4,3837,138.0
2294,2017-12-16,1,5,Match 3,95413,25.0
2294,2017-12-16,1,6,Match 2,958345,0.0
2295,2017-12-20,1,1,Match 6,0,18614720.0
2295,2017-12-20,1,2,Match 5 plus Bonus,0,0.0
2295,2017-12-20,1,3,Match 5,42,1254.0
2295,2017-12-20,1,4,Match 4,3231,105.0
2295,2017-12-20,1,5,Match 3,75224,25.0
2295,2017-12-20,1,6,Match 2,718721,0.0
2296,2017-12-23,1,1,Match 6,0,22331857.0
2296,2017-12-23,1,2,Match 5 plus Bonus,2,53861.0
2296,2017-12-23,1,3,Match 5,81,1399.0
2296,2017-12-23,1,4,Match 4,5577,131.0
2296,2017-12-23,1,5,Match 3,134929,25.0
2296,2017-12-23,1,6,Match 2,1361762,0.0
2297,2017-12-27,1,1,Match 6,0,0.0
2297,2017-12-27,1,2,Match 5 plus Bonus,1,100000024501283.0
2297,2017-12-27,1,3,Match 5,66,17501128.0
2297,2017-12-27,1,4,Match 4,4807,14099.0
2297,2017-12-27,1,5,Match 3,102060,3025.0
2297,2017-12-27,1,6,Match 2,912973,0.0
2298,2017-12-30,1,1,Match 6,0,3472243.0
2298,2017-12-30,1,2,Match 5 plus Bonus,2,39647.0
2298,2017-12-30,1,3,Match 5,64,1304.0
2298,2017-12-30,1,4,Match 4,3664,146.0
2298,2017-12-30,1,5,Match 3,86388,25.0
2298,2017-12-30,1,6,Match 2,886602,0.0
2299,2018-01-03,1,1,Match 6,0,5421027.0
2299,2018-01-03,1,2,Match 5 plus Bonus,1,44503.0
2299,2018-01-03,1,3,Match 5,46,1018.0
2299,2018-01-03,1,4,Match 4,3568,84.0
2299,2018-01-03,1,5,Match 3,82425,25.0
2299,2018-01-03,1,6,Match 2,723105,0.0
2300,2018-01-06,1,1,Match 6,0,8337171.0
2300,2018-01-06,1,2,Match 5 plus Bonus,2,39006.0
2300,2018-01-06,1,3,Match 5,59,1391.0
2300,2018-01-06,1,4,Match 4,4316,122.0
2300,2018-01-06,1,5,Match 3,108858,25.0
2300,2018-01-06,1,6,Match 2,1082862,0.0
2301,2018-01-10,1,1,Match 6,0,9933511.0
2301,2018-01-10,1,2,Match 5 plus Bonus,0,0.0
2301,2018-01-10,1,3,Match 5,38,1296.0
2301,2018-01-10,1,4,Match 4,3351,94.0
2301,2018-01-10,1,5,Match 3,79985,25.0
2301,2018-01-10,1,6,Match 2,735000,0.0
2302,2018-01-13,1,1,Match 6,0,12937095.0
2302,2018-01-13,1,2,Match 5 plus Bonus,2,40004.0
2302,2018-01-13,1,3,Match 5,115,732.0
2302,2018-01-13,1,4,Match 4,7520,72.0
2302,2018-01-13,1,5,Match 3,168128,25.0
2302,2018-01-13,1,6,Match 2,1426344,0.0
2303,2018-01-17,1,1,Match 6,0,14643856.0
2303,2018-01-17,1,2,Match 5 plus Bonus,1,50394.0
2303,2018-01-17,1,3,Match 5,27,1964.0
2303,2018-01-17,1,4,Match 4,2090,163.0
2303,2018-01-17,1,5,Match 3,52028,25.0
2303,2018-01-17,1,6,Match 2,547963,0.0
2304,2018-01-20,1,1,Match 6,2,8613200.0
2304,2018-01-20,1,2,Match 5 plus Bonus,3,27270.0
2304,2018-01-20,1,3,Match 5,290,296.0
2304,2018-01-20,1,4,Match 4,12736,43.0
2304,2018-01-20,1,5,Match 3,205897,25.0
2304,2018-01-20,1,6,Match 2,1472356,0.0
2305,2018-01-24,1,1,Match 6,0,1992347.0
2305,2018-01-24,1,2,Match 5 plus Bonus,0,0.0
2305,2018-01-24,1,3,Match 5,45,1040.0
2305,2018-01-24,1,4,Match 4,2149,140.0
2305,2018-01-24,1,5,Match 3,55079,25.0
2305,2018-01-24,1,6,Match 2,576791,0.0
2306,2018-01-27,1,1,Match 6,0,5351174.0
2306,2018-01-27,1,2,Match 5 plus Bonus,1,76703.0
2306,2018-01-27,1,3,Match 5,51,1583.0
2306,2018-01-27,1,4,Match 4,3601,144.0
2306,2018-01-27,1,5,Match 3,90167,25.0
2306,2018-01-27,1,6,Match 2,930454,0.0
2307,2018-01-31,1,1,Match 6,0,6851294.0
2307,2018-01-31,1,2,Match 5 plus Bonus,0,0.0
2307,2018-01-31,1,3,Match 5,43,1093.0
2307,2018-01-31,1,4,Match 4,3031,100.0
2307,2018-01-31,1,5,Match 3,74173,25.0
2307,2018-01-31,1,6,Match 2,694124,0.0
2308,2018-02-03,1,1,Match 6,0,9825247.0
2308,2018-02-03,1,2,Match 5 plus Bonus,0,0.0
2308,2018-02-03,1,3,Match 5,56,1457.0
2308,2018-02-03,1,4,Match 4,4259,123.0
2308,2018-02-03,1,5,Match 3,115727,25.0
2308,2018-02-03,1,6,Match 2,1152863,0.0
2309,2018-02-07,1,1,Match 6,0,11404833.0
2309,2018-02-07,1,2,Match 5 plus Bonus,1,47490.0
2309,2018-02-07,1,3,Match 5,55,908.0
2309,2018-02-07,1,4,Match 4,3500,92.0
2309,2018-02-07,1,5,Match 3,78776,25.0
2309,2018-02-07,1,6,Match 2,728995,0.0
2310,2018-02-10,1,1,Match 6,0,14449368.0
2310,2018-02-10,1,2,Match 5 plus Bonus,0,0.0
2310,2018-02-10,1,3,Match 5,45,1851.0
2310,2018-02-10,1,4,Match 4,4271,125.0
2310,2018-02-10,1,5,Match 3,112113,25.0
2310,2018-02-10,1,6,Match 2,1117611,0.0
2311,2018-02-14,1,1,Match 6,0,15575114.0
2311,2018-02-14,1,2,Match 5 plus Bonus,1,48544.0
2311,2018-02-14,1,3,Match 5,41,1246.0
2311,2018-02-14,1,4,Match 4,2589,127.0
2311,2018-02-14,1,5,Match 3,65390,25.0
2311,2018-02-14,1,6,Match 2,660263,0.0
2312,2018-02-17,1,1,Match 6,1,18139352.0
2312,2018-02-17,1,2,Match 5 plus Bonus,1,81394.0
2312,2018-02-17,1,3,Match 5,66,1298.0
2312,2018-02-17,1,4,Match 4,5990,92.0
2312,2018-02-17,1,5,Match 3,150677,25.0
2312,2018-02-17,1,6,Match 2,1368756,0.0
2313,2018-02-21,1,1,Match 6,0,1957996.0
2313,2018-02-21,1,2,Match 5 plus Bonus,0,0.0
2313,2018-02-21,1,3,Match 5,25,1840.0
2313,2018-02-21,1,4,Match 4,2151,137.0
2313,2018-02-21,1,5,Match 3,59830,25.0
2313,2018-02-21,1,6,Match 2,607203,0.0
2314,2018-02-24,1,1,Match 6,0,5283524.0
2314,2018-02-24,1,2,Match 5 plus Bonus,1,75943.0
2314,2018-02-24,1,3,Match 5,57,1402.0
2314,2018-02-24,1,4,Match 4,3900,132.0
2314,2018-02-24,1,5,Match 3,98619,25.0
2314,2018-02-24,1,6,Match 2,1022122,0.0
2315,2018-02-28,1,1,Match 6,1,6700919.0
2315,2018-02-28,1,2,Match 5 plus Bonus,2,21893.0
2315,2018-02-28,1,3,Match 5,67,687.0
2315,2018-02-28,1,4,Match 4,4547,65.0
2315,2018-02-28,1,5,Match 3,93986,25.0
2315,2018-02-28,1,6,Match 2,756190,0.0
2316,2018-03-03,1,1,Match 6,0,3183498.0
2316,2018-03-03,1,2,Match 5 plus Bonus,2,36350.0
2316,2018-03-03,1,3,Match 5,45,1700.0
2316,2018-03-03,1,4,Match 4,3756,131.0
2316,2018-03-03,1,5,Match 3,100737,25.0
2316,2018-03-03,1,6,Match 2,1028862,0.0
2317,2018-03-07,1,1,Match 6,0,5120878.0
2317,2018-03-07,1,2,Match 5 plus Bonus,3,14747.0
2317,2018-03-07,1,3,Match 5,35,1330.0
2317,2018-03-07,1,4,Match 4,2115,142.0
2317,2018-03-07,1,5,Match 3,55465,25.0
2317,2018-03-07,1,6,Match 2,586647,0.0
2318,2018-03-10,1,1,Match 6,1,7988062.0
2318,2018-03-10,1,2,Match 5 plus Bonus,0,0.0
2318,2018-03-10,1,3,Match 5,54,1465.0
2318,2018-03-10,1,4,Match 4,3791,134.0
2318,2018-03-10,1,5,Match 3,97443,25.0
2318,2018-03-10,1,6,Match 2,1024109,0.0
2319,2018-03-14,1,1,Match 6,0,1813255.0
2319,2018-03-14,1,2,Match 5 plus Bonus,1,41408.0
2319,2018-03-14,1,3,Match 5,31,1406.0
2319,2018-03-14,1,4,Match 4,2452,114.0
2319,2018-03-14,1,5,Match 3,59363,25.0
2319,2018-03-14,1,6,Match 2,586101,0.0
2320,2018-03-17,1,1,Match 6,0,5060421.0
2320,2018-03-17,1,2,Match 5 plus Bonus,3,24718.0
2320,2018-03-17,1,3,Match 5,100,780.0
2320,2018-03-17,1,4,Match 4,6748,74.0
2320,2018-03-17,1,5,Match 3,149824,25.0
2320,2018-03-17,1,6,Match 2,1287439,0.0
2321,2018-03-21,1,1,Match 6,0,6530267.0
2321,2018-03-21,1,2,Match 5 plus Bonus,1,44984.0
2321,2018-03-21,1,3,Match 5,31,1527.0
2321,2018-03-21,1,4,Match 4,1735,176.0
2321,2018-03-21,1,5,Match 3,43038,25.0
2321,2018-03-21,1,6,Match 2,467549,0.0
2322,2018-03-24,1,1,Match 6,1,9339858.0
2322,2018-03-24,1,2,Match 5 plus Bonus,3,25193.0
2322,2018-03-24,1,3,Match 5,78,1019.0
2322,2018-03-24,1,4,Match 4,4731,108.0
2322,2018-03-24,1,5,Match 3,115560,25.0
2322,2018-03-24,1,6,Match 2,1131085,0.0
2323,2018-03-28,1,1,Match 6,0,1855785.0
2323,2018-03-28,1,2,Match 5 plus Bonus,0,0.0
2323,2018-03-28,1,3,Match 5,30,1453.0
2323,2018-03-28,1,4,Match 4,2138,131.0
2323,2018-03-28,1,5,Match 3,60087,25.0
2323,2018-03-28,1,6,Match 2,623105,0.0
2324,2018-03-31,1,1,Match 6,0,5199304.0
2324,2018-03-31,1,2,Match 5 plus Bonus,2,38177.0
2324,2018-03-31,1,3,Match 5,104,772.0
2324,2018-03-31,1,4,Match 4,6114,84.0
2324,2018-03-31,1,5,Match 3,137455,25.0
2324,2018-03-31,1,6,Match 2,1211901,0.0
2325,2018-04-04,1,1,Match 6,0,6664434.0
2325,2018-04-04,1,2,Match 5 plus Bonus,0,0.0
2325,2018-04-04,1,3,Match 5,74,624.0
2325,2018-04-04,1,4,Match 4,3934,75.0
2325,2018-04-04,1,5,Match 3,82365,25.0
2325,2018-04-04,1,6,Match 2,711187,0.0
2326,2018-04-07,1,1,Match 6,1,9561853.0
2326,2018-04-07,1,2,Match 5 plus Bonus,0,0.0
2326,2018-04-07,1,3,Match 5,54,1478.0
2326,2018-04-07,1,4,Match 4,3188,161.0
2326,2018-04-07,1,5,Match 3,86964,25.0
2326,2018-04-07,1,6,Match 2,967506,0.0
2327,2018-04-11,1,1,Match 6,0,1795273.0
2327,2018-04-11,1,2,Match 5 plus Bonus,1,40997.0
2327,2018-04-11,1,3,Match 5,15,2877.0
2327,2018-04-11,1,4,Match 4,1513,183.0
2327,2018-04-11,1,5,Match 3,36859,25.0
2327,2018-04-11,1,6,Match 2,411379,0.0
2328,2018-04-14,1,1,Match 6,0,4933456.0
2328,2018-04-14,1,2,Match 5 plus Bonus,2,35832.0
2328,2018-04-14,1,3,Match 5,94,802.0
2328,2018-04-14,1,4,Match 4,4195,115.0
2328,2018-04-14,1,5,Match 3,91590,25.0
2328,2018-04-14,1,6,Match 2,932560,0.0
2329,2018-04-18,1,1,Match 6,0,6265709.0
2329,2018-04-18,1,2,Match 5 plus Bonus,1,41842.0
2329,2018-04-18,1,3,Match 5,35,1258.0
2329,2018-04-18,1,4,Match 4,2589,109.0
2329,2018-04-18,1,5,Match 3,62739,25.0
2329,2018-04-18,1,6,Match 2,602274,0.0
2330,2018-04-21,1,1,Match 6,0,8949271.0
2330,2018-04-21,1,2,Match 5 plus Bonus,1,72701.0
2330,2018-04-21,1,3,Match 5,134,571.0
2330,2018-04-21,1,4,Match 4,7960,62.0
2330,2018-04-21,1,5,Match 3,156417,25.0
2330,2018-04-21,1,6,Match 2,1257006,0.0
2331,2018-04-25,1,1,Match 6,0,10509160.0
2331,2018-04-25,1,2,Match 5 plus Bonus,1,47040.0
2331,2018-04-25,1,3,Match 5,35,1414.0
2331,2018-04-25,1,4,Match 4,2576,123.0
2331,2018-04-25,1,5,Match 3,63694,25.0
2331,2018-04-25,1,6,Match 2,644673,0.0
2332,2018-04-28,1,1,Match 6,0,13477493.0
2332,2018-04-28,1,2,Match 5 plus Bonus,1,79204.0
2332,2018-04-28,1,3,Match 5,77,1082.0
2332,2018-04-28,1,4,Match 4,7042,76.0
2332,2018-04-28,1,5,Match 3,143703,25.0
2332,2018-04-28,1,6,Match 2,1267781,0.0
2333,2018-05-02,1,1,Match 6,0,14638953.0
2333,2018-05-02,1,2,Match 5 plus Bonus,1,49360.0
2333,2018-05-02,1,3,Match 5,88,590.0
2333,2018-05-02,1,4,Match 4,5623,59.0
2333,2018-05-02,1,5,Match 3,106977,25.0
2333,2018-05-02,1,6,Match 2,841218,0.0
2334,2018-05-05,1,1,Match 6,0,17250153.0
2334,2018-05-05,1,2,Match 5 plus Bonus,0,0.0
2334,2018-05-05,1,3,Match 5,60,1414.0
2334,2018-05-05,1,4,Match 4,3997,136.0
2334,2018-05-05,1,5,Match 3,104548,25.0
2334,2018-05-05,1,6,Match 2,1091152,0.0
2335,2018-05-09,1,1,Match 6,0,18418082.0
2335,2018-05-09,1,2,Match 5 plus Bonus,1,49508.0
2335,2018-05-09,1,3,Match 5,32,1628.0
2335,2018-05-09,1,4,Match 4,2397,140.0
2335,2018-05-09,1,5,Match 3,62542,25.0
2335,2018-05-09,1,6,Match 2,646620,0.0
2336,2018-05-12,1,1,Match 6,1,21044592.0
2336,2018-05-12,1,2,Match 5 plus Bonus,3,27605.0
2336,2018-05-12,1,3,Match 5,119,732.0
2336,2018-05-12,1,4,Match 4,6905,81.0
2336,2018-05-12,1,5,Match 3,145565,25.0
2336,2018-05-12,1,6,Match 2,1303747,0.0
2337,2018-05-16,1,1,Match 6,0,1909658.0
2337,2018-05-16,1,2,Match 5 plus Bonus,0,0.0
2337,2018-05-16,1,3,Match 5,36,1246.0
2337,2018-05-16,1,4,Match 4,2392,121.0
2337,2018-05-16,1,5,Match 3,58056,25.0
2337,2018-05-16,1,6,Match 2,583734,0.0
2338,2018-05-19,1,1,Match 6,0,5057464.0
2338,2018-05-19,1,2,Match 5 plus Bonus,2,35942.0
2338,2018-05-19,1,3,Match 5,52,1455.0
2338,2018-05-19,1,4,Match 4,3482,140.0
2338,2018-05-19,1,5,Match 3,90265,25.0
2338,2018-05-19,1,6,Match 2,946623,0.0
2339,2018-05-23,1,1,Match 6,0,6438596.0
2339,2018-05-23,1,2,Match 5 plus Bonus,2,21479.0
2339,2018-05-23,1,3,Match 5,40,1130.0
2339,2018-05-23,1,4,Match 4,2902,100.0
2339,2018-05-23,1,5,Match 3,65750,25.0
2339,2018-05-23,1,6,Match 2,637076,0.0
2340,2018-05-26,1,1,Match 6,2,4603805.0
2340,2018-05-26,1,2,Match 5 plus Bonus,7,10664.0
2340,2018-05-26,1,3,Match 5,163,482.0
2340,2018-05-26,1,4,Match 4,8815,57.0
2340,2018-05-26,1,5,Match 3,138621,25.0
2340,2018-05-26,1,6,Match 2,1199647,0.0
2341,2018-05-30,1,1,Match 6,0,1816584.0
2341,2018-05-30,1,2,Match 5 plus Bonus,2,20742.0
2341,2018-05-30,1,3,Match 5,55,793.0
2341,2018-05-30,1,4,Match 4,3848,73.0
2341,2018-05-30,1,5,Match 3,85559,25.0
2341,2018-05-30,1,6,Match 2,724522,0.0
2342,2018-06-02,1,1,Match 6,0,5085086.0
2342,2018-06-02,1,2,Match 5 plus Bonus,0,0.0
2342,2018-06-02,1,3,Match 5,48,1600.0
2342,2018-06-02,1,4,Match 4,3000,165.0
2342,2018-06-02,1,5,Match 3,74091,25.0
2342,2018-06-02,1,6,Match 2,806216,0.0
2343,2018-06-06,1,1,Match 6,0,6501413.0
2343,2018-06-06,1,2,Match 5 plus Bonus,0,0.0
2343,2018-06-06,1,3,Match 5,32,1407.0
2343,2018-06-06,1,4,Match 4,2293,126.0
2343,2018-06-06,1,5,Match 3,59055,25.0
2343,2018-06-06,1,6,Match 2,585676,0.0
2344,2018-06-09,1,1,Match 6,0,9267495.0
2344,2018-06-09,1,2,Match 5 plus Bonus,0,0.0
2344,2018-06-09,1,3,Match 5,36,2132.0
2344,2018-06-09,1,4,Match 4,2901,170.0
2344,2018-06-09,1,5,Match 3,76462,25.0
2344,2018-06-09,1,6,Match 2,849928,0.0
2345,2018-06-13,1,1,Match 6,0,10785901.0
2345,2018-06-13,1,2,Match 5 plus Bonus,3,15364.0
2345,2018-06-13,1,3,Match 5,98,495.0
2345,2018-06-13,1,4,Match 4,4196,74.0
2345,2018-06-13,1,5,Match 3,85771,25.0
2345,2018-06-13,1,6,Match 2,720793,0.0
2346,2018-06-16,1,1,Match 6,0,13641074.0
2346,2018-06-16,1,2,Match 5 plus Bonus,2,38310.0
2346,2018-06-16,1,3,Match 5,55,1466.0
2346,2018-06-16,1,4,Match 4,4496,115.0
2346,2018-06-16,1,5,Match 3,108892,25.0
2346,2018-06-16,1,6,Match 2,1056125,0.0
2347,2018-06-20,1,1,Match 6,0,14768674.0
2347,2018-06-20,1,2,Match 5 plus Bonus,2,24293.0
2347,2018-06-20,1,3,Match 5,49,1043.0
2347,2018-06-20,1,4,Match 4,3194,103.0
2347,2018-06-20,1,5,Match 3,71922,25.0
2347,2018-06-20,1,6,Match 2,675105,0.0
2348,2018-06-23,1,1,Match 6,1,17196314.0
2348,2018-06-23,1,2,Match 5 plus Bonus,1,78275.0
2348,2018-06-23,1,3,Match 5,191,431.0
2348,2018-06-23,1,4,Match 4,9048,58.0
2348,2018-06-23,1,5,Match 3,166949,25.0
2348,2018-06-23,1,6,Match 2,1305097,0.0
2349,2018-06-27,1,1,Match 6,0,1899524.0
2349,2018-06-27,1,2,Match 5 plus Bonus,1,43378.0
2349,2018-06-27,1,3,Match 5,29,1574.0
2349,2018-06-27,1,4,Match 4,1631,180.0
2349,2018-06-27,1,5,Match 3,40598,25.0
2349,2018-06-27,1,6,Match 2,431079,0.0
2350,2018-06-30,1,1,Match 6,0,4986777.0
2350,2018-06-30,1,2,Match 5 plus Bonus,2,35251.0
2350,2018-06-30,1,3,Match 5,75,989.0
2350,2018-06-30,1,4,Match 4,4621,103.0
2350,2018-06-30,1,5,Match 3,105938,25.0
2350,2018-06-30,1,6,Match 2,997594,0.0
2351,2018-07-04,1,1,Match 6,0,6417197.0
2351,2018-07-04,1,2,Match 5 plus Bonus,0,0.0
2351,2018-07-04,1,3,Match 5,38,1193.0
2351,2018-07-04,1,4,Match 4,1997,146.0
2351,2018-07-04,1,5,Match 3,51517,25.0
2351,2018-07-04,1,6,Match 2,547266,0.0
2352,2018-07-07,1,1,Match 6,0,9056210.0
2352,2018-07-07,1,2,Match 5 plus Bonus,1,71684.0
2352,2018-07-07,1,3,Match 5,34,2219.0
2352,2018-07-07,1,4,Match 4,2947,165.0
2352,2018-07-07,1,5,Match 3,81149,25.0
2352,2018-07-07,1,6,Match 2,893821,0.0
2353,2018-07-11,1,1,Match 6,1,10596472.0
2353,2018-07-11,1,2,Match 5 plus Bonus,4,11648.0
2353,2018-07-11,1,3,Match 5,119,412.0
2353,2018-07-11,1,4,Match 4,5598,56.0
2353,2018-07-11,1,5,Match 3,103923,25.0
2353,2018-07-11,1,6,Match 2,815270,0.0
2354,2018-07-14,1,1,Match 6,0,3115342.0
2354,2018-07-14,1,2,Match 5 plus Bonus,2,35571.0
2354,2018-07-14,1,3,Match 5,82,913.0
2354,2018-07-14,1,4,Match 4,5422,89.0
2354,2018-07-14,1,5,Match 3,119574,25.0
2354,2018-07-14,1,6,Match 2,1091509,0.0
2355,2018-07-18,1,1,Match 6,0,5063895.0
2355,2018-07-18,1,2,Match 5 plus Bonus,0,0.0
2355,2018-07-18,1,3,Match 5,20,2289.0
2355,2018-07-18,1,4,Match 4,1816,162.0
2355,2018-07-18,1,5,Match 3,45676,25.0
2355,2018-07-18,1,6,Match 2,487753,0.0
2356,2018-07-21,1,1,Match 6,1,7748131.0
2356,2018-07-21,1,2,Match 5 plus Bonus,1,72716.0
2356,2018-07-21,1,3,Match 5,85,900.0
2356,2018-07-21,1,4,Match 4,6009,82.0
2356,2018-07-21,1,5,Match 3,132766,25.0
2356,2018-07-21,1,6,Match 2,1171112,0.0
2357,2018-07-25,1,1,Match 6,0,1827083.0
2357,2018-07-25,1,2,Match 5 plus Bonus,3,13908.0
2357,2018-07-25,1,3,Match 5,80,549.0
2357,2018-07-25,1,4,Match 4,4725,59.0
2357,2018-07-25,1,5,Match 3,94908,25.0
2357,2018-07-25,1,6,Match 2,730843,0.0
2358,2018-07-28,1,1,Match 6,0,4997402.0
2358,2018-07-28,1,2,Match 5 plus Bonus,2,36199.0
2358,2018-07-28,1,3,Match 5,96,793.0
2358,2018-07-28,1,4,Match 4,4678,105.0
2358,2018-07-28,1,5,Match 3,115994,25.0
2358,2018-07-28,1,6,Match 2,1075702,0.0
2359,2018-08-01,1,1,Match 6,0,6457803.0
2359,2018-08-01,1,2,Match 5 plus Bonus,1,44768.0
2359,2018-08-01,1,3,Match 5,31,1520.0
2359,2018-08-01,1,4,Match 4,2081,146.0
2359,2018-08-01,1,5,Match 3,54955,25.0
2359,2018-08-01,1,6,Match 2,582994,0.0
2360,2018-08-04,1,1,Match 6,0,9309088.0
2360,2018-08-04,1,2,Match 5 plus Bonus,1,76531.0
2360,2018-08-04,1,3,Match 5,69,1167.0
2360,2018-08-04,1,4,Match 4,5371,96.0
2360,2018-08-04,1,5,Match 3,130092,25.0
2360,2018-08-04,1,6,Match 2,1190652,0.0
2361,2018-08-08,1,1,Match 6,0,10956094.0
2361,2018-08-08,1,2,Match 5 plus Bonus,1,49030.0
2361,2018-08-08,1,3,Match 5,73,706.0
2361,2018-08-08,1,4,Match 4,4789,69.0
2361,2018-08-08,1,5,Match 3,97146,25.0
2361,2018-08-08,1,6,Match 2,815529,0.0
2362,2018-08-11,1,1,Match 6,1,13922705.0
2362,2018-08-11,1,2,Match 5 plus Bonus,2,39582.0
2362,2018-08-11,1,3,Match 5,173,481.0
2362,2018-08-11,1,4,Match 4,10451,51.0
2362,2018-08-11,1,5,Match 3,188440,25.0
2362,2018-08-11,1,6,Match 2,1441334,0.0
2363,2018-08-15,1,1,Match 6,0,1960095.0
2363,2018-08-15,1,2,Match 5 plus Bonus,0,0.0
2363,2018-08-15,1,3,Match 5,24,1919.0
2363,2018-08-15,1,4,Match 4,2109,140.0
2363,2018-08-15,1,5,Match 3,53732,25.0
2363,2018-08-15,1,6,Match 2,558416,0.0
2364,2018-08-18,1,1,Match 6,0,5188105.0
2364,2018-08-18,1,2,Match 5 plus Bonus,4,18429.0
2364,2018-08-18,1,3,Match 5,120,646.0
2364,2018-08-18,1,4,Match 4,6948,72.0
2364,2018-08-18,1,5,Match 3,149747,25.0
2364,2018-08-18,1,6,Match 2,1263862,0.0
2365,2018-08-22,1,1,Match 6,1,6685121.0
2365,2018-08-22,1,2,Match 5 plus Bonus,1,45604.0
2365,2018-08-22,1,3,Match 5,40,1200.0
2365,2018-08-22,1,4,Match 4,2951,104.0
2365,2018-08-22,1,5,Match 3,72297,25.0
2365,2018-08-22,1,6,Match 2,674147,0.0
2366,2018-08-25,1,1,Match 6,0,3187258.0
2366,2018-08-25,1,2,Match 5 plus Bonus,2,36392.0
2366,2018-08-25,1,3,Match 5,55,1393.0
2366,2018-08-25,1,4,Match 4,4096,120.0
2366,2018-08-25,1,5,Match 3,96498,25.0
2366,2018-08-25,1,6,Match 2,958379,0.0
2367,2018-08-29,1,1,Match 6,0,5055854.0
2367,2018-08-29,1,2,Match 5 plus Bonus,2,21336.0
2367,2018-08-29,1,3,Match 5,22,2041.0
2367,2018-08-29,1,4,Match 4,1706,169.0
2367,2018-08-29,1,5,Match 3,43088,25.0
2367,2018-08-29,1,6,Match 2,482054,0.0
2368,2018-09-01,1,1,Match 6,0,7852229.0
2368,2018-09-01,1,2,Match 5 plus Bonus,0,0.0
2368,2018-09-01,1,3,Match 5,47,1648.0
2368,2018-09-01,1,4,Match 4,3851,129.0
2368,2018-09-01,1,5,Match 3,99636,25.0
2368,2018-09-01,1,6,Match 2,1024066,0.0
2369,2018-09-05,1,1,Match 6,0,9394412.0
2369,2018-09-05,1,2,Match 5 plus Bonus,1,46636.0
2369,2018-09-05,1,3,Match 5,31,1583.0
2369,2018-09-05,1,4,Match 4,2770,114.0
2369,2018-09-05,1,5,Match 3,72784,25.0
2369,2018-09-05,1,6,Match 2,705133,0.0
2370,2018-09-08,1,1,Match 6,0,12308430.0
2370,2018-09-08,1,2,Match 5 plus Bonus,1,77964.0
2370,2018-09-08,1,3,Match 5,53,1548.0
2370,2018-09-08,1,4,Match 4,3528,150.0
2370,2018-09-08,1,5,Match 3,96641,25.0
2370,2018-09-08,1,6,Match 2,1022384,0.0
2371,2018-09-12,1,1,Match 6,0,13945461.0
2371,2018-09-12,1,2,Match 5 plus Bonus,0,0.0
2371,2018-09-12,1,3,Match 5,30,1674.0
2371,2018-09-12,1,4,Match 4,2402,134.0
2371,2018-09-12,1,5,Match 3,58304,25.0
2371,2018-09-12,1,6,Match 2,661038,0.0
2372,2018-09-15,1,1,Match 6,0,16447318.0
2372,2018-09-15,1,2,Match 5 plus Bonus,0,0.0
2372,2018-09-15,1,3,Match 5,37,2224.0
2372,2018-09-15,1,4,Match 4,3235,164.0
2372,2018-09-15,1,5,Match 3,76686,25.0
2372,2018-09-15,1,6,Match 2,809928,0.0
2373,2018-09-19,1,1,Match 6,0,17572057.0
2373,2018-09-19,1,2,Match 5 plus Bonus,1,48521.0
2373,2018-09-19,1,3,Match 5,47,1086.0
2373,2018-09-19,1,4,Match 4,3465,95.0
2373,2018-09-19,1,5,Match 3,83003,25.0
2373,2018-09-19,1,6,Match 2,759949,0.0
2374,2018-09-22,1,1,Match 6,0,20125455.0
2374,2018-09-22,1,2,Match 5 plus Bonus,2,40573.0
2374,2018-09-22,1,3,Match 5,89,959.0
2374,2018-09-22,1,4,Match 4,6773,81.0
2374,2018-09-22,1,5,Match 3,148592,25.0
2374,2018-09-22,1,6,Match 2,1275612,0.0
2375,2018-09-26,1,1,Match 6,0,21555697.0
2375,2018-09-26,1,2,Match 5 plus Bonus,0,0.0
2375,2018-09-26,1,3,Match 5,40,1427.0
2375,2018-09-26,1,4,Match 4,2907,126.0
2375,2018-09-26,1,5,Match 3,72116,25.0
2375,2018-09-26,1,6,Match 2,745043,0.0
2376,2018-09-29,1,1,Match 6,0,24284997.0
2376,2018-09-29,1,2,Match 5 plus Bonus,2,42582.0
2376,2018-09-29,1,3,Match 5,52,1723.0
2376,2018-09-29,1,4,Match 4,3862,149.0
2376,2018-09-29,1,5,Match 3,97713,25.0
2376,2018-09-29,1,6,Match 2,1011947,0.0
2377,2018-10-03,1,1,Match 6,0,0.0
2377,2018-10-03,1,2,Match 5 plus Bonus,3,10000008811619.0
2377,2018-10-03,1,3,Match 5,195,1750379.0
2377,2018-10-03,1,4,Match 4,9946,14048.0
2377,2018-10-03,1,5,Match 3,168591,3025.0
2377,2018-10-03,1,6,Match 2,1220360,0.0
2378,2018-10-06,1,1,Match 6,0,3377130.0
2378,2018-10-06,1,2,Match 5 plus Bonus,0,0.0
2378,2018-10-06,1,3,Match 5,85,933.0
2378,2018-10-06,1,4,Match 4,4256,120.0
2378,2018-10-06,1,5,Match 3,104008,25.0
2378,2018-10-06,1,6,Match 2,1062303,0.0
2379,2018-10-10,1,1,Match 6,0,5382585.0
2379,2018-10-10,1,2,Match 5 plus Bonus,0,0.0
2379,2018-10-10,1,3,Match 5,20,2356.0
2379,2018-10-10,1,4,Match 4,1715,177.0
2379,2018-10-10,1,5,Match 3,40475,25.0
2379,2018-10-10,1,6,Match 2,418387,0.0
2380,2018-10-13,1,1,Match 6,0,8130368.0
2380,2018-10-13,1,2,Match 5 plus Bonus,1,74168.0
2380,2018-10-13,1,3,Match 5,43,1815.0
2380,2018-10-13,1,4,Match 4,2847,176.0
2380,2018-10-13,1,5,Match 3,72245,25.0
2380,2018-10-13,1,6,Match 2,780275,0.0
2381,2018-10-17,1,1,Match 6,0,9590134.0
2381,2018-10-17,1,2,Match 5 plus Bonus,1,44754.0
2381,2018-10-17,1,3,Match 5,26,1811.0
2381,2018-10-17,1,4,Match 4,2450,124.0
2381,2018-10-17,1,5,Match 3,64514,25.0
2381,2018-10-17,1,6,Match 2,633279,0.0
2382,2018-10-20,1,1,Match 6,0,12447858.0
2382,2018-10-20,1,2,Match 5 plus Bonus,2,38339.0
2382,2018-10-20,1,3,Match 5,55,1467.0
2382,2018-10-20,1,4,Match 4,3667,141.0
2382,2018-10-20,1,5,Match 3,95861,25.0
2382,2018-10-20,1,6,Match 2,1001080,0.0
2383,2018-10-24,1,1,Match 6,0,14098451.0
2383,2018-10-24,1,2,Match 5 plus Bonus,0,0.0
2383,2018-10-24,1,3,Match 5,32,1579.0
2383,2018-10-24,1,4,Match 4,2039,159.0
2383,2018-10-24,1,5,Match 3,51506,25.0
2383,2018-10-24,1,6,Match 2,569945,0.0
2384,2018-10-27,1,1,Match 6,1,16543093.0
2384,2018-10-27,1,2,Match 5 plus Bonus,1,78663.0
2384,2018-10-27,1,3,Match 5,137,604.0
2384,2018-10-27,1,4,Match 4,7537,70.0
2384,2018-10-27,1,5,Match 3,151833,25.0
2384,2018-10-27,1,6,Match 2,1287895,0.0
2385,2018-10-31,1,1,Match 6,0,1900729.0
2385,2018-10-31,1,2,Match 5 plus Bonus,2,21703.0
2385,2018-10-31,1,3,Match 5,71,643.0
2385,2018-10-31,1,4,Match 4,4714,62.0
2385,2018-10-31,1,5,Match 3,91154,25.0
2385,2018-10-31,1,6,Match 2,741141,0.0
2386,2018-11-03,1,1,Match 6,0,5177188.0
2386,2018-11-03,1,2,Match 5 plus Bonus,1,74823.0
2386,2018-11-03,1,3,Match 5,63,1250.0
2386,2018-11-03,1,4,Match 4,3404,149.0
2386,2018-11-03,1,5,Match 3,86770,25.0
2386,2018-11-03,1,6,Match 2,902226,0.0
2387,2018-11-07,1,1,Match 6,0,6645866.0
2387,2018-11-07,1,2,Match 5 plus Bonus,0,0.0
2387,2018-11-07,1,3,Match 5,30,1542.0
2387,2018-11-07,1,4,Match 4,2405,124.0
2387,2018-11-07,1,5,Match 3,65230,25.0
2387,2018-11-07,1,6,Match 2,658758,0.0
2388,2018-11-10,1,1,Match 6,4,2358426.0
2388,2018-11-10,1,2,Match 5 plus Bonus,2,37541.0
2388,2018-11-10,1,3,Match 5,176,449.0
2388,2018-11-10,1,4,Match 4,9436,54.0
2388,2018-11-10,1,5,Match 3,171380,25.0
2388,2018-11-10,1,6,Match 2,1346150,0.0
2389,2018-11-14,1,1,Match 6,0,1928401.0
2389,2018-11-14,1,2,Match 5 plus Bonus,0,0.0
2389,2018-11-14,1,3,Match 5,35,1294.0
2389,2018-11-14,1,4,Match 4,2474,118.0
2389,2018-11-14,1,5,Match 3,61351,25.0
2389,2018-11-14,1,6,Match 2,621760,0.0
2390,2018-11-17,1,1,Match 6,2,2627216.0
2390,2018-11-17,1,2,Match 5 plus Bonus,3,25318.0
2390,2018-11-17,1,3,Match 5,199,401.0
2390,2018-11-17,1,4,Match 4,12884,40.0
2390,2018-11-17,1,5,Match 3,217620,25.0
2390,2018-11-17,1,6,Match 2,1515914,0.0
2391,2018-11-21,1,1,Match 6,0,2000000.0
2391,2018-11-21,1,2,Match 5 plus Bonus,0,1000000.0
2391,2018-11-21,1,3,Match 5,25,1750.0
2391,2018-11-21,1,4,Match 4,2020,140.0
2391,2018-11-21,1,5,Match 3,49657,30.0
2391,2018-11-21,1,6,Match 2,514019,0.0
2392,2018-11-24,1,1,Match 6,1,4084955.0
2392,2018-11-24,1,2,Match 5 plus Bonus,1,1000000.0
2392,2018-11-24,1,3,Match 5,64,1750.0
2392,2018-11-24,1,4,Match 4,4315,140.0
2392,2018-11-24,1,5,Match 3,108497,30.0
2392,2018-11-24,1,6,Match 2,1060882,0.0
2393,2018-11-28,1,1,Match 6,0,2000000.0
2393,2018-11-28,1,2,Match 5 plus Bonus,3,1000000.0
2393,2018-11-28,1,3,Match 5,26,1750.0
2393,2018-11-28,1,4,Match 4,1780,140.0
2393,2018-11-28,1,5,Match 3,42719,30.0
2393,2018-11-28,1,6,Match 2,452967,0.0
2394,2018-12-01,1,1,Match 6,0,4090254.0
2394,2018-12-01,1,2,Match 5 plus Bonus,0,1000000.0
2394,2018-12-01,1,3,Match 5,189,1750.0
2394,2018-12-01,1,4,Match 4,11196,140.0
2394,2018-12-01,1,5,Match 3,194358,30.0
2394,2018-12-01,1,6,Match 2,1391805,0.0
2395,2018-12-05,1,1,Match 6,0,5411352.0
2395,2018-12-05,1,2,Match 5 plus Bonus,0,1000000.0
2395,2018-12-05,1,3,Match 5,44,1750.0
2395,2018-12-05,1,4,Match 4,3414,140.0
2395,2018-12-05,1,5,Match 3,77636,30.0
2395,2018-12-05,1,6,Match 2,704219,0.0
2396,2018-12-08,1,1,Match 6,2,3807614.0
2396,2018-12-08,1,2,Match 5 plus Bonus,5,1000000.0
2396,2018-12-08,1,3,Match 5,85,1750.0
2396,2018-12-08,1,4,Match 4,5703,140.0
2396,2018-12-08,1,5,Match 3,122165,30.0
2396,2018-12-08,1,6,Match 2,1110071,0.0
2397,2018-12-12,1,1,Match 6,0,2000000.0
2397,2018-12-12,1,2,Match 5 plus Bonus,0,1000000.0
2397,2018-12-12,1,3,Match 5,26,1750.0
2397,2018-12-12,1,4,Match 4,1716,140.0
2397,2018-12-12,1,5,Match 3,46615,30.0
2397,2018-12-12,1,6,Match 2,512272,0.0
2398,2018-12-15,1,1,Match 6,0,4057861.0
2398,2018-12-15,1,2,Match 5 plus Bonus,1,1000000.0
2398,2018-12-15,1,3,Match 5,79,1750.0
2398,2018-12-15,1,4,Match 4,4728,140.0
2398,2018-12-15,1,5,Match 3,106843,30.0
2398,2018-12-15,1,6,Match 2,1007742,0.0
2399,2018-12-19,1,1,Match 6,0,5341733.0
2399,2018-12-19,1,2,Match 5 plus Bonus,0,1000000.0
2399,2018-12-19,1,3,Match 5,34,1750.0
2399,2018-12-19,1,4,Match 4,2105,140.0
2399,2018-12-19,1,5,Match 3,56225,30.0
2399,2018-12-19,1,6,Match 2,575140,0.0
2400,2018-12-22,1,1,Match 6,2,7500000.0
2400,2018-12-22,1,2,Match 5 plus Bonus,2,1000000.0
2400,2018-12-22,1,3,Match 5,89,1750.0
2400,2018-12-22,1,4,Match 4,6618,140.0
2400,2018-12-22,1,5,Match 3,156964,30.0
2400,2018-12-22,1,6,Match 2,1468520,0.0
2401,2018-12-26,1,1,Match 6,0,2000000.0
2401,2018-12-26,1,2,Match 5 plus Bonus,1,1000000.0
2401,2018-12-26,1,3,Match 5,30,1750.0
2401,2018-12-26,1,4,Match 4,2114,140.0
2401,2018-12-26,1,5,Match 3,56251,30.0
2401,2018-12-26,1,6,Match 2,571604,0.0
2402,2018-12-29,1,1,Match 6,0,4142191.0
2402,2018-12-29,1,2,Match 5 plus Bonus,1,1000000.0
2402,2018-12-29,1,3,Match 5,45,1750.0
2402,2018-12-29,1,4,Match 4,3398,140.0
2402,2018-12-29,1,5,Match 3,85481,30.0
2402,2018-12-29,1,6,Match 2,893158,0.0
2403,2019-01-02,1,1,Match 6,0,5502058.0
2403,2019-01-02,1,2,Match 5 plus Bonus,3,1000000.0
2403,2019-01-02,1,3,Match 5,40,1750.0
2403,2019-01-02,1,4,Match 4,2742,140.0
2403,2019-01-02,1,5,Match 3,67960,30.0
2403,2019-01-02,1,6,Match 2,692218,0.0
2404,2019-01-05,1,1,Match 6,0,7835827.0
2404,2019-01-05,1,2,Match 5 plus Bonus,3,1000000.0
2404,2019-01-05,1,3,Match 5,69,1750.0
2404,2019-01-05,1,4,Match 4,5936,140.0
2404,2019-01-05,1,5,Match 3,141724,30.0
2404,2019-01-05,1,6,Match 2,1287321,0.0
2405,2019-01-09,1,1,Match 6,1,9370844.0
2405,2019-01-09,1,2,Match 5 plus Bonus,2,1000000.0
2405,2019-01-09,1,3,Match 5,49,1750.0
2405,2019-01-09,1,4,Match 4,2767,140.0
2405,2019-01-09,1,5,Match 3,67187,30.0
2405,2019-01-09,1,6,Match 2,685614,0.0
2406,2019-01-12,1,1,Match 6,0,3800000.0
2406,2019-01-12,1,2,Match 5 plus Bonus,0,1000000.0
2406,2019-01-12,1,3,Match 5,37,1750.0
2406,2019-01-12,1,4,Match 4,3837,140.0
2406,2019-01-12,1,5,Match 3,94613,30.0
2406,2019-01-12,1,6,Match 2,964675,0.0
2407,2019-01-16,1,1,Match 6,0,5107726.0
2407,2019-01-16,1,2,Match 5 plus Bonus,1,1000000.0
2407,2019-01-16,1,3,Match 5,24,1750.0
2407,2019-01-16,1,4,Match 4,1982,140.0
2407,2019-01-16,1,5,Match 3,51756,30.0
2407,2019-01-16,1,6,Match 2,573092,0.0
2408,2019-01-19,1,1,Match 6,0,7361168.0
2408,2019-01-19,1,2,Match 5 plus Bonus,2,1000000.0
2408,2019-01-19,1,3,Match 5,107,1750.0
2408,2019-01-19,1,4,Match 4,6062,140.0
2408,2019-01-19,1,5,Match 3,138500,30.0
2408,2019-01-19,1,6,Match 2,1244780,0.0
2409,2019-01-23,1,1,Match 6,0,8792887.0
2409,2019-01-23,1,2,Match 5 plus Bonus,0,1000000.0
2409,2019-01-23,1,3,Match 5,29,1750.0
2409,2019-01-23,1,4,Match 4,2686,140.0
2409,2019-01-23,1,5,Match 3,68529,30.0
2409,2019-01-23,1,6,Match 2,695585,0.0
2410,2019-01-26,1,1,Match 6,0,11202778.0
2410,2019-01-26,1,2,Match 5 plus Bonus,1,1000000.0
2410,2019-01-26,1,3,Match 5,51,1750.0
2410,2019-01-26,1,4,Match 4,3354,140.0
2410,2019-01-26,1,5,Match 3,85477,30.0
2410,2019-01-26,1,6,Match 2,913780,0.0
2411,2019-01-30,1,1,Match 6,0,12950857.0
2411,2019-01-30,1,2,Match 5 plus Bonus,1,10000001388525.0
2411,2019-01-30,1,3,Match 5,43,175019820.0
2411,2019-01-30,1,4,Match 4,3767,140724.0
2411,2019-01-30,1,5,Match 3,88347,30138.0
2411,2019-01-30,1,6,Match 2,867674,0.0
2412,2019-02-02,1,1,Match 6,0,3800000.0
2412,2019-02-02,1,2,Match 5 plus Bonus,5,1000000.0
2412,2019-02-02,1,3,Match 5,49,1750.0
2412,2019-02-02,1,4,Match 4,3107,140.0
2412,2019-02-02,1,5,Match 3,73656,30.0
2412,2019-02-02,1,6,Match 2,820933,0.0
2413,2019-02-06,1,1,Match 6,0,5116445.0
2413,2019-02-06,1,2,Match 5 plus Bonus,0,1000000.0
2413,2019-02-06,1,3,Match 5,35,1750.0
2413,2019-02-06,1,4,Match 4,2664,140.0
2413,2019-02-06,1,5,Match 3,65866,30.0
2413,2019-02-06,1,6,Match 2,651683,0.0
2414,2019-02-09,1,1,Match 6,0,7369767.0
2414,2019-02-09,1,2,Match 5 plus Bonus,1,1000000.0
2414,2019-02-09,1,3,Match 5,76,1750.0
2414,2019-02-09,1,4,Match 4,5117,140.0
2414,2019-02-09,1,5,Match 3,119929,30.0
2414,2019-02-09,1,6,Match 2,1139457,0.0
2415,2019-02-13,1,1,Match 6,0,14000000.0
2415,2019-02-13,1,2,Match 5 plus Bonus,1,1000000.0
2415,2019-02-13,1,3,Match 5,75,1750.0
2415,2019-02-13,1,4,Match 4,5187,140.0
2415,2019-02-13,1,5,Match 3,110947,30.0
2415,2019-02-13,1,6,Match 2,960916,0.0
2416,2019-02-16,1,1,Match 6,0,16502197.0
2416,2019-02-16,1,2,Match 5 plus Bonus,3,1000000.0
2416,2019-02-16,1,3,Match 5,67,1750.0
2416,2019-02-16,1,4,Match 4,4611,140.0
2416,2019-02-16,1,5,Match 3,117498,30.0
2416,2019-02-16,1,6,Match 2,1200224,0.0
2417,2019-02-20,1,1,Match 6,0,18448180.0
2417,2019-02-20,1,2,Match 5 plus Bonus,2,10000001276722.0
2417,2019-02-20,1,3,Match 5,86,175014620.0
2417,2019-02-20,1,4,Match 4,4817,140791.0
2417,2019-02-20,1,5,Match 3,110099,30153.0
2417,2019-02-20,1,6,Match 2,1007876,0.0
2418,2019-02-23,1,1,Match 6,0,3800000.0
2418,2019-02-23,1,2,Match 5 plus Bonus,2,1000000.0
2418,2019-02-23,1,3,Match 5,74,1750.0
2418,2019-02-23,1,4,Match 4,5536,140.0
2418,2019-02-23,1,5,Match 3,124563,30.0
2418,2019-02-23,1,6,Match 2,1146497,0.0
2419,2019-02-27,1,1,Match 6,0,5143862.0
2419,2019-02-27,1,2,Match 5 plus Bonus,0,1000000.0
2419,2019-02-27,1,3,Match 5,28,1750.0
2419,2019-02-27,1,4,Match 4,2120,140.0
2419,2019-02-27,1,5,Match 3,54918,30.0
2419,2019-02-27,1,6,Match 2,592332,0.0
2420,2019-03-02,1,1,Match 6,0,7379371.0
2420,2019-03-02,1,2,Match 5 plus Bonus,1,1000000.0
2420,2019-03-02,1,3,Match 5,180,1750.0
2420,2019-03-02,1,4,Match 4,8694,140.0
2420,2019-03-02,1,5,Match 3,167894,30.0
2420,2019-03-02,1,6,Match 2,1329282,0.0
2421,2019-03-06,1,1,Match 6,0,8876514.0
2421,2019-03-06,1,2,Match 5 plus Bonus,2,1000000.0
2421,2019-03-06,1,3,Match 5,39,1750.0
2421,2019-03-06,1,4,Match 4,2944,140.0
2421,2019-03-06,1,5,Match 3,70834,30.0
2421,2019-03-06,1,6,Match 2,724752,0.0
2422,2019-03-09,1,1,Match 6,0,11252974.0
2422,2019-03-09,1,2,Match 5 plus Bonus,0,1000000.0
2422,2019-03-09,1,3,Match 5,49,1750.0
2422,2019-03-09,1,4,Match 4,3983,140.0
2422,2019-03-09,1,5,Match 3,98131,30.0
2422,2019-03-09,1,6,Match 2,1022571,0.0
2423,2019-03-13,1,1,Match 6,0,12984966.0
2423,2019-03-13,1,2,Match 5 plus Bonus,2,10000001194774.0
2423,2019-03-13,1,3,Match 5,63,175014116.0
2423,2019-03-13,1,4,Match 4,3932,140701.0
2423,2019-03-13,1,5,Match 3,92543,30133.0
2423,2019-03-13,1,6,Match 2,887026,0.0
2424,2019-03-16,1,1,Match 6,1,3800000.0
2424,2019-03-16,1,2,Match 5 plus Bonus,1,1000000.0
2424,2019-03-16,1,3,Match 5,52,1750.0
2424,2019-03-16,1,4,Match 4,3861,140.0
2424,2019-03-16,1,5,Match 3,96085,30.0
2424,2019-03-16,1,6,Match 2,970731,0.0
2425,2019-03-20,1,1,Match 6,0,2000000.0
2425,2019-03-20,1,2,Match 5 plus Bonus,1,1000000.0
2425,2019-03-20,1,3,Match 5,16,1750.0
2425,2019-03-20,1,4,Match 4,1825,140.0
2425,2019-03-20,1,5,Match 3,43145,30.0
2425,2019-03-20,1,6,Match 2,470447,0.0
2426,2019-03-23,1,1,Match 6,0,4119911.0
2426,2019-03-23,1,2,Match 5 plus Bonus,1,1000000.0
2426,2019-03-23,1,3,Match 5,53,1750.0
2426,2019-03-23,1,4,Match 4,2969,140.0
2426,2019-03-23,1,5,Match 3,76725,30.0
2426,2019-03-23,1,6,Match 2,837608,0.0
2427,2019-03-27,1,1,Match 6,0,5391107.0
2427,2019-03-27,1,2,Match 5 plus Bonus,0,1000000.0
2427,2019-03-27,1,3,Match 5,45,1750.0
2427,2019-03-27,1,4,Match 4,2137,140.0
2427,2019-03-27,1,5,Match 3,56720,30.0
2427,2019-03-27,1,6,Match 2,588070,0.0
2428,2019-03-30,1,1,Match 6,0,7604094.0
2428,2019-03-30,1,2,Match 5 plus Bonus,0,1000000.0
2428,2019-03-30,1,3,Match 5,55,1750.0
2428,2019-03-30,1,4,Match 4,3598,140.0
2428,2019-03-30,1,5,Match 3,91847,30.0
2428,2019-03-30,1,6,Match 2,953273,0.0
2429,2019-04-03,1,1,Match 6,0,9013509.0
2429,2019-04-03,1,2,Match 5 plus Bonus,4,1000000.0
2429,2019-04-03,1,3,Match 5,58,1750.0
2429,2019-04-03,1,4,Match 4,4045,140.0
2429,2019-04-03,1,5,Match 3,90130,30.0
2429,2019-04-03,1,6,Match 2,783492,0.0
2430,2019-04-06,1,1,Match 6,1,11399990.0
2430,2019-04-06,1,2,Match 5 plus Bonus,1,1000000.0
2430,2019-04-06,1,3,Match 5,103,1750.0
2430,2019-04-06,1,4,Match 4,7094,140.0
2430,2019-04-06,1,5,Match 3,151326,30.0
2430,2019-04-06,1,6,Match 2,1335197,0.0
2431,2019-04-10,1,1,Match 6,0,2000000.0
2431,2019-04-10,1,2,Match 5 plus Bonus,1,1000000.0
2431,2019-04-10,1,3,Match 5,41,1750.0
2431,2019-04-10,1,4,Match 4,2477,140.0
2431,2019-04-10,1,5,Match 3,60901,30.0
2431,2019-04-10,1,6,Match 2,590106,0.0
2432,2019-04-13,1,1,Match 6,0,4096661.0
2432,2019-04-13,1,2,Match 5 plus Bonus,2,1000000.0
2432,2019-04-13,1,3,Match 5,97,1750.0
2432,2019-04-13,1,4,Match 4,6387,140.0
2432,2019-04-13,1,5,Match 3,136726,30.0
2432,2019-04-13,1,6,Match 2,1187096,0.0
2433,2019-04-17,1,1,Match 6,0,5378892.0
2433,2019-04-17,1,2,Match 5 plus Bonus,0,1000000.0
2433,2019-04-17,1,3,Match 5,35,1750.0
2433,2019-04-17,1,4,Match 4,2590,140.0
2433,2019-04-17,1,5,Match 3,66826,30.0
2433,2019-04-17,1,6,Match 2,647205,0.0
2434,2019-04-20,1,1,Match 6,0,7531166.0
2434,2019-04-20,1,2,Match 5 plus Bonus,1,1000000.0
2434,2019-04-20,1,3,Match 5,65,1750.0
2434,2019-04-20,1,4,Match 4,6119,140.0
2434,2019-04-20,1,5,Match 3,147981,30.0
2434,2019-04-20,1,6,Match 2,1296735,0.0
2435,2019-04-24,1,1,Match 6,0,8964024.0
2435,2019-04-24,1,2,Match 5 plus Bonus,2,1000000.0
2435,2019-04-24,1,3,Match 5,31,1750.0
2435,2019-04-24,1,4,Match 4,2439,140.0
2435,2019-04-24,1,5,Match 3,58348,30.0
2435,2019-04-24,1,6,Match 2,602770,0.0
2436,2019-04-27,1,1,Match 6,0,11396192.0
2436,2019-04-27,1,2,Match 5 plus Bonus,2,10000001170942.0
2436,2019-04-27,1,3,Match 5,57,175013745.0
2436,2019-04-27,1,4,Match 4,4125,140609.0
2436,2019-04-27,1,5,Match 3,106172,30109.0
2436,2019-04-27,1,6,Match 2,1127123,0.0
2437,2019-05-01,1,1,Match 6,0,2000000.0
2437,2019-05-01,1,2,Match 5 plus Bonus,1,1000000.0
2437,2019-05-01,1,3,Match 5,41,1750.0
2437,2019-05-01,1,4,Match 4,2890,140.0
2437,2019-05-01,1,5,Match 3,70507,30.0
2437,2019-05-01,1,6,Match 2,661389,0.0
2438,2019-05-04,1,1,Match 6,0,4383861.0
2438,2019-05-04,1,2,Match 5 plus Bonus,1,1000000.0
2438,2019-05-04,1,3,Match 5,61,1750.0
2438,2019-05-04,1,4,Match 4,3837,140.0
2438,2019-05-04,1,5,Match 3,97939,100.0
2438,2019-05-04,1,6,Match 2,1032023,0.0
2439,2019-05-08,1,1,Match 6,0,5656449.0
2439,2019-05-08,1,2,Match 5 plus Bonus,0,1000000.0
2439,2019-05-08,1,3,Match 5,30,1750.0
2439,2019-05-08,1,4,Match 4,2169,140.0
2439,2019-05-08,1,5,Match 3,55644,30.0
2439,2019-05-08,1,6,Match 2,580995,0.0
2440,2019-05-11,1,1,Match 6,0,7861134.0
2440,2019-05-11,1,2,Match 5 plus Bonus,1,1000000.0
2440,2019-05-11,1,3,Match 5,58,1750.0
2440,2019-05-11,1,4,Match 4,3818,140.0
2440,2019-05-11,1,5,Match 3,100231,30.0
2440,2019-05-11,1,6,Match 2,1055739,0.0
2441,2019-05-15,1,1,Match 6,0,9288519.0
2441,2019-05-15,1,2,Match 5 plus Bonus,1,1000000.0
2441,2019-05-15,1,3,Match 5,43,1750.0
2441,2019-05-15,1,4,Match 4,3331,140.0
2441,2019-05-15,1,5,Match 3,80929,30.0
2441,2019-05-15,1,6,Match 2,762511,0.0
2442,2019-05-18,1,1,Match 6,0,11708252.0
2442,2019-05-18,1,2,Match 5 plus Bonus,0,10000001000000.0
2442,2019-05-18,1,3,Match 5,68,175012425.0
2442,2019-05-18,1,4,Match 4,6144,140473.0
2442,2019-05-18,1,5,Match 3,146795,3090.0
2442,2019-05-18,1,6,Match 2,1343590,0.0
2443,2019-05-22,1,1,Match 6,0,2000000.0
2443,2019-05-22,1,2,Match 5 plus Bonus,0,1000000.0
2443,2019-05-22,1,3,Match 5,19,1750.0
2443,2019-05-22,1,4,Match 4,2093,140.0
2443,2019-05-22,1,5,Match 3,62011,30.0
2443,2019-05-22,1,6,Match 2,620715,0.0
2444,2019-05-25,1,1,Match 6,1,4085154.0
2444,2019-05-25,1,2,Match 5 plus Bonus,3,1000000.0
2444,2019-05-25,1,3,Match 5,69,1750.0
2444,2019-05-25,1,4,Match 4,4833,140.0
2444,2019-05-25,1,5,Match 3,110893,30.0
2444,2019-05-25,1,6,Match 2,1068619,0.0
2445,2019-05-29,1,1,Match 6,1,2000000.0
2445,2019-05-29,1,2,Match 5 plus Bonus,0,1000000.0
2445,2019-05-29,1,3,Match 5,55,1750.0
2445,2019-05-29,1,4,Match 4,2601,140.0
2445,2019-05-29,1,5,Match 3,59262,30.0
2445,2019-05-29,1,6,Match 2,580100,0.0
2446,2019-06-01,1,1,Match 6,1,3800000.0
2446,2019-06-01,1,2,Match 5 plus Bonus,0,1000000.0
2446,2019-06-01,1,3,Match 5,57,1750.0
2446,2019-06-01,1,4,Match 4,4268,140.0
2446,2019-06-01,1,5,Match 3,100909,30.0
2446,2019-06-01,1,6,Match 2,983264,0.0
2447,2019-06-05,1,1,Match 6,1,2000000.0
2447,2019-06-05,1,2,Match 5 plus Bonus,0,1000000.0
2447,2019-06-05,1,3,Match 5,19,1750.0
2447,2019-06-05,1,4,Match 4,2029,140.0
2447,2019-06-05,1,5,Match 3,57463,30.0
2447,2019-06-05,1,6,Match 2,590014,0.0
2448,2019-06-08,1,1,Match 6,0,3800000.0
2448,2019-06-08,1,2,Match 5 plus Bonus,2,1000000.0
2448,2019-06-08,1,3,Match 5,62,1750.0
2448,2019-06-08,1,4,Match 4,4093,140.0
2448,2019-06-08,1,5,Match 3,103253,30.0
2448,2019-06-08,1,6,Match 2,1010759,0.0
2449,2019-06-12,1,1,Match 6,0,5053365.0
2449,2019-06-12,1,2,Match 5 plus Bonus,0,1000000.0
2449,2019-06-12,1,3,Match 5,22,1750.0
2449,2019-06-12,1,4,Match 4,2101,140.0
2449,2019-06-12,1,5,Match 3,53705,30.0
2449,2019-06-12,1,6,Match 2,546728,0.0
2450,2019-06-15,1,1,Match 6,0,7154203.0
2450,2019-06-15,1,2,Match 5 plus Bonus,1,1000000.0
2450,2019-06-15,1,3,Match 5,38,1750.0
2450,2019-06-15,1,4,Match 4,3029,140.0
2450,2019-06-15,1,5,Match 3,78829,30.0
2450,2019-06-15,1,6,Match 2,878889,0.0
2451,2019-06-19,1,1,Match 6,0,8513030.0
2451,2019-06-19,1,2,Match 5 plus Bonus,0,1000000.0
2451,2019-06-19,1,3,Match 5,44,1750.0
2451,2019-06-19,1,4,Match 4,2468,140.0
2451,2019-06-19,1,5,Match 3,59976,30.0
2451,2019-06-19,1,6,Match 2,607363,0.0
2452,2019-06-22,1,1,Match 6,0,10756674.0
2452,2019-06-22,1,2,Match 5 plus Bonus,0,1000000.0
2452,2019-06-22,1,3,Match 5,85,1750.0
2452,2019-06-22,1,4,Match 4,6251,140.0
2452,2019-06-22,1,5,Match 3,133981,30.0
2452,2019-06-22,1,6,Match 2,1212867,0.0
2453,2019-06-26,1,1,Match 6,0,12497210.0
2453,2019-06-26,1,2,Match 5 plus Bonus,1,10000001374916.0
2453,2019-06-26,1,3,Match 5,139,17507144.0
2453,2019-06-26,1,4,Match 4,7608,140419.0
2453,2019-06-26,1,5,Match 3,140032,3096.0
2453,2019-06-26,1,6,Match 2,1068415,0.0
2454,2019-06-29,1,1,Match 6,0,3800000.0
2454,2019-06-29,1,2,Match 5 plus Bonus,2,1000000.0
2454,2019-06-29,1,3,Match 5,46,1750.0
2454,2019-06-29,1,4,Match 4,3765,140.0
2454,2019-06-29,1,5,Match 3,96897,30.0
2454,2019-06-29,1,6,Match 2,960599,0.0
2455,2019-07-03,1,1,Match 6,0,5068385.0
2455,2019-07-03,1,2,Match 5 plus Bonus,0,1000000.0
2455,2019-07-03,1,3,Match 5,25,1750.0
2455,2019-07-03,1,4,Match 4,2414,140.0
2455,2019-07-03,1,5,Match 3,63533,30.0
2455,2019-07-03,1,6,Match 2,633301,0.0
2456,2019-07-06,1,1,Match 6,0,7161130.0
2456,2019-07-06,1,2,Match 5 plus Bonus,1,1000000.0
2456,2019-07-06,1,3,Match 5,38,1750.0
2456,2019-07-06,1,4,Match 4,2788,140.0
2456,2019-07-06,1,5,Match 3,70848,30.0
2456,2019-07-06,1,6,Match 2,785265,0.0
2457,2019-07-10,1,1,Match 6,0,8512227.0
2457,2019-07-10,1,2,Match 5 plus Bonus,0,1000000.0
2457,2019-07-10,1,3,Match 5,39,1750.0
2457,2019-07-10,1,4,Match 4,2708,140.0
2457,2019-07-10,1,5,Match 3,74602,30.0
2457,2019-07-10,1,6,Match 2,727974,0.0
2458,2019-07-13,1,1,Match 6,0,10751044.0
2458,2019-07-13,1,2,Match 5 plus Bonus,0,1000000.0
2458,2019-07-13,1,3,Match 5,53,1750.0
2458,2019-07-13,1,4,Match 4,3929,140.0
2458,2019-07-13,1,5,Match 3,101309,30.0
2458,2019-07-13,1,6,Match 2,1033167,0.0
2459,2019-07-17,1,1,Match 6,0,12500333.0
2459,2019-07-17,1,2,Match 5 plus Bonus,1,10000001375009.0
2459,2019-07-17,1,3,Match 5,61,175014045.0
2459,2019-07-17,1,4,Match 4,4529,140609.0
2459,2019-07-17,1,5,Match 3,94275,30128.0
2459,2019-07-17,1,6,Match 2,900325,0.0
2460,2019-07-20,1,1,Match 6,0,3800000.0
2460,2019-07-20,1,2,Match 5 plus Bonus,3,1000000.0
2460,2019-07-20,1,3,Match 5,83,1750.0
2460,2019-07-20,1,4,Match 4,5719,140.0
2460,2019-07-20,1,5,Match 3,131060,30.0
2460,2019-07-20,1,6,Match 2,1153356,0.0
2461,2019-07-24,1,1,Match 6,1,5067046.0
2461,2019-07-24,1,2,Match 5 plus Bonus,2,1000000.0
2461,2019-07-24,1,3,Match 5,75,1750.0
2461,2019-07-24,1,4,Match 4,4294,140.0
2461,2019-07-24,1,5,Match 3,88016,30.0
2461,2019-07-24,1,6,Match 2,737125,0.0
2462,2019-07-27,1,1,Match 6,0,3800000.0
2462,2019-07-27,1,2,Match 5 plus Bonus,0,1000000.0
2462,2019-07-27,1,3,Match 5,49,1750.0
2462,2019-07-27,1,4,Match 4,3523,140.0
2462,2019-07-27,1,5,Match 3,90624,30.0
2462,2019-07-27,1,6,Match 2,952581,0.0
2463,2019-07-31,1,1,Match 6,0,5070482.0
2463,2019-07-31,1,2,Match 5 plus Bonus,0,1000000.0
2463,2019-07-31,1,3,Match 5,41,1750.0
2463,2019-07-31,1,4,Match 4,2835,140.0
2463,2019-07-31,1,5,Match 3,69157,30.0
2463,2019-07-31,1,6,Match 2,658511,0.0
2464,2019-08-03,1,1,Match 6,0,7207889.0
2464,2019-08-03,1,2,Match 5 plus Bonus,0,1000000.0
2464,2019-08-03,1,3,Match 5,33,1750.0
2464,2019-08-03,1,4,Match 4,3507,140.0
2464,2019-08-03,1,5,Match 3,92716,30.0
2464,2019-08-03,1,6,Match 2,986020,0.0
2465,2019-08-07,1,1,Match 6,0,8607863.0
2465,2019-08-07,1,2,Match 5 plus Bonus,1,1000000.0
2465,2019-08-07,1,3,Match 5,33,1750.0
2465,2019-08-07,1,4,Match 4,2983,140.0
2465,2019-08-07,1,5,Match 3,71133,30.0
2465,2019-08-07,1,6,Match 2,692328,0.0
2466,2019-08-10,1,1,Match 6,0,10861287.0
2466,2019-08-10,1,2,Match 5 plus Bonus,3,1000000.0
2466,2019-08-10,1,3,Match 5,420,1750.0
2466,2019-08-10,1,4,Match 4,16369,140.0
2466,2019-08-10,1,5,Match 3,238272,30.0
2466,2019-08-10,1,6,Match 2,1555069,0.0
2467,2019-08-14,1,1,Match 6,0,12675909.0
2467,2019-08-14,1,2,Match 5 plus Bonus,2,10000001190138.0
2467,2019-08-14,1,3,Match 5,56,175015331.0
2467,2019-08-14,1,4,Match 4,4336,140636.0
2467,2019-08-14,1,5,Match 3,98426,30125.0
2467,2019-08-14,1,6,Match 2,914152,0.0
2468,2019-08-17,1,1,Match 6,0,3800000.0
2468,2019-08-17,1,2,Match 5 plus Bonus,1,1000000.0
2468,2019-08-17,1,3,Match 5,53,1750.0
2468,2019-08-17,1,4,Match 4,3903,140.0
2468,2019-08-17,1,5,Match 3,102409,30.0
2468,2019-08-17,1,6,Match 2,1059661,0.0
2469,2019-08-21,1,1,Match 6,0,5096106.0
2469,2019-08-21,1,2,Match 5 plus Bonus,0,1000000.0
2469,2019-08-21,1,3,Match 5,30,1750.0
2469,2019-08-21,1,4,Match 4,1897,140.0
2469,2019-08-21,1,5,Match 3,47908,30.0
2469,2019-08-21,1,6,Match 2,524654,0.0
2470,2019-08-24,1,1,Match 6,0,7360035.0
2470,2019-08-24,1,2,Match 5 plus Bonus,2,2000000.0
2470,2019-08-24,1,3,Match 5,49,3500.0
2470,2019-08-24,1,4,Match 4,3767,280.0
2470,2019-08-24,1,5,Match 3,95955,60.0
2470,2019-08-24,1,6,Match 2,943479,0.0
2471,2019-08-28,1,1,Match 6,0,8736316.0
2471,2019-08-28,1,2,Match 5 plus Bonus,0,1000000.0
2471,2019-08-28,1,3,Match 5,22,1750.0
2471,2019-08-28,1,4,Match 4,1863,140.0
2471,2019-08-28,1,5,Match 3,47861,30.0
2471,2019-08-28,1,6,Match 2,512906,0.0
2472,2019-08-31,1,1,Match 6,0,11058820.0
2472,2019-08-31,1,2,Match 5 plus Bonus,1,1000000.0
2472,2019-08-31,1,3,Match 5,54,1750.0
2472,2019-08-31,1,4,Match 4,5390,140.0
2472,2019-08-31,1,5,Match 3,127657,30.0
2472,2019-08-31,1,6,Match 2,1207733,0.0
2473,2019-09-04,1,1,Match 6,0,12852503.0
2473,2019-09-04,1,2,Match 5 plus Bonus,0,10000001000000.0
2473,2019-09-04,1,3,Match 5,59,175015256.0
2473,2019-09-04,1,4,Match 4,3945,140710.0
2473,2019-09-04,1,5,Match 3,94552,30133.0
2473,2019-09-04,1,6,Match 2,907867,0.0
2474,2019-09-07,1,1,Match 6,0,3800000.0
2474,2019-09-07,1,2,Match 5 plus Bonus,3,1000000.0
2474,2019-09-07,1,3,Match 5,74,1750.0
2474,2019-09-07,1,4,Match 4,6122,140.0
2474,2019-09-07,1,5,Match 3,137174,30.0
2474,2019-09-07,1,6,Match 2,1194554,0.0
2475,2019-09-11,1,1,Match 6,0,5113347.0
2475,2019-09-11,1,2,Match 5 plus Bonus,0,1000000.0
2475,2019-09-11,1,3,Match 5,44,1750.0
2475,2019-09-11,1,4,Match 4,2687,140.0
2475,2019-09-11,1,5,Match 3,67140,30.0
2475,2019-09-11,1,6,Match 2,660734,0.0
2476,2019-09-14,1,1,Match 6,0,7274140.0
2476,2019-09-14,1,2,Match 5 plus Bonus,10,1000000.0
2476,2019-09-14,1,3,Match 5,176,1750.0
2476,2019-09-14,1,4,Match 4,9528,140.0
2476,2019-09-14,1,5,Match 3,170171,30.0
2476,2019-09-14,1,6,Match 2,1311033,0.0
2477,2019-09-18,1,1,Match 6,0,8712337.0
2477,2019-09-18,1,2,Match 5 plus Bonus,2,1000000.0
2477,2019-09-18,1,3,Match 5,29,1750.0
2477,2019-09-18,1,4,Match 4,2203,140.0
2477,2019-09-18,1,5,Match 3,61204,30.0
2477,2019-09-18,1,6,Match 2,655611,0.0
2478,2019-09-21,1,1,Match 6,0,11043941.0
2478,2019-09-21,1,2,Match 5 plus Bonus,1,1000000.0
2478,2019-09-21,1,3,Match 5,62,1750.0
2478,2019-09-21,1,4,Match 4,5211,140.0
2478,2019-09-21,1,5,Match 3,120207,30.0
2478,2019-09-21,1,6,Match 2,1124316,0.0
2479,2019-09-25,1,1,Match 6,0,12907599.0
2479,2019-09-25,1,2,Match 5 plus Bonus,0,10000001000000.0
2479,2019-09-25,1,3,Match 5,47,175018777.0
2479,2019-09-25,1,4,Match 4,3588,140769.0
2479,2019-09-25,1,5,Match 3,90228,30139.0
2479,2019-09-25,1,6,Match 2,916934,0.0
2480,2019-09-28,1,1,Match 6,0,3800000.0
2480,2019-09-28,1,2,Match 5 plus Bonus,0,1000000.0
2480,2019-09-28,1,3,Match 5,131,1750.0
2480,2019-09-28,1,4,Match 4,8064,140.0
2480,2019-09-28,1,5,Match 3,162973,30.0
2480,2019-09-28,1,6,Match 2,1310974,0.0
2481,2019-10-02,1,1,Match 6,0,5164870.0
2481,2019-10-02,1,2,Match 5 plus Bonus,2,1000000.0
2481,2019-10-02,1,3,Match 5,44,1750.0
2481,2019-10-02,1,4,Match 4,2879,140.0
2481,2019-10-02,1,5,Match 3,68937,30.0
2481,2019-10-02,1,6,Match 2,679625,0.0
2482,2019-10-05,1,1,Match 6,0,7371542.0
2482,2019-10-05,1,2,Match 5 plus Bonus,0,1000000.0
2482,2019-10-05,1,3,Match 5,88,1750.0
2482,2019-10-05,1,4,Match 4,7272,140.0
2482,2019-10-05,1,5,Match 3,155978,30.0
2482,2019-10-05,1,6,Match 2,1312427,0.0
2483,2019-10-09,1,1,Match 6,0,8866885.0
2483,2019-10-09,1,2,Match 5 plus Bonus,0,1000000.0
2483,2019-10-09,1,3,Match 5,35,1750.0
2483,2019-10-09,1,4,Match 4,2475,140.0
2483,2019-10-09,1,5,Match 3,61986,30.0
2483,2019-10-09,1,6,Match 2,634548,0.0
2484,2019-10-12,1,1,Match 6,0,11204025.0
2484,2019-10-12,1,2,Match 5 plus Bonus,0,1000000.0
2484,2019-10-12,1,3,Match 5,80,1750.0
2484,2019-10-12,1,4,Match 4,5334,140.0
2484,2019-10-12,1,5,Match 3,128030,30.0
2484,2019-10-12,1,6,Match 2,1208459,0.0
2485,2019-10-16,1,1,Match 6,0,13023710.0
2485,2019-10-16,1,2,Match 5 plus Bonus,1,10000001390711.0
2485,2019-10-16,1,3,Match 5,64,175013959.0
2485,2019-10-16,1,4,Match 4,4990,140583.0
2485,2019-10-16,1,5,Match 3,110454,30117.0
2485,2019-10-16,1,6,Match 2,996125,0.0
2486,2019-10-19,1,1,Match 6,0,3800000.0
2486,2019-10-19,1,2,Match 5 plus Bonus,1,1000000.0
2486,2019-10-19,1,3,Match 5,63,1750.0
2486,2019-10-19,1,4,Match 4,4676,140.0
2486,2019-10-19,1,5,Match 3,117408,30.0
2486,2019-10-19,1,6,Match 2,1117264,0.0
2487,2019-10-23,1,1,Match 6,0,5107363.0
2487,2019-10-23,1,2,Match 5 plus Bonus,4,1000000.0
2487,2019-10-23,1,3,Match 5,21,1750.0
2487,2019-10-23,1,4,Match 4,1860,140.0
2487,2019-10-23,1,5,Match 3,50832,30.0
2487,2019-10-23,1,6,Match 2,565119,0.0
2488,2019-10-26,1,1,Match 6,0,7212165.0
2488,2019-10-26,1,2,Match 5 plus Bonus,0,1000000.0
2488,2019-10-26,1,3,Match 5,52,1750.0
2488,2019-10-26,1,4,Match 4,3333,140.0
2488,2019-10-26,1,5,Match 3,85737,30.0
2488,2019-10-26,1,6,Match 2,908642,0.0
2489,2019-10-30,1,1,Match 6,0,8609036.0
2489,2019-10-30,1,2,Match 5 plus Bonus,0,1000000.0
2489,2019-10-30,1,3,Match 5,24,1750.0
2489,2019-10-30,1,4,Match 4,2385,140.0
2489,2019-10-30,1,5,Match 3,61693,30.0
2489,2019-10-30,1,6,Match 2,648579,0.0
2490,2019-11-02,1,1,Match 6,0,10884211.0
2490,2019-11-02,1,2,Match 5 plus Bonus,1,1000000.0
2490,2019-11-02,1,3,Match 5,83,1750.0
2490,2019-11-02,1,4,Match 4,3959,140.0
2490,2019-11-02,1,5,Match 3,102687,30.0
2490,2019-11-02,1,6,Match 2,1035784,0.0
2491,2019-11-06,1,1,Match 6,2,6317431.0
2491,2019-11-06,1,2,Match 5 plus Bonus,3,1000000.0
2491,2019-11-06,1,3,Match 5,61,1750.0
2491,2019-11-06,1,4,Match 4,4340,140.0
2491,2019-11-06,1,5,Match 3,102080,30.0
2491,2019-11-06,1,6,Match 2,950731,0.0
2492,2019-11-09,1,1,Match 6,0,3800000.0
2492,2019-11-09,1,2,Match 5 plus Bonus,1,1000000.0
2492,2019-11-09,1,3,Match 5,58,1750.0
2492,2019-11-09,1,4,Match 4,3488,140.0
2492,2019-11-09,1,5,Match 3,89087,30.0
2492,2019-11-09,1,6,Match 2,958720,0.0
2493,2019-11-13,1,1,Match 6,0,5078822.0
2493,2019-11-13,1,2,Match 5 plus Bonus,1,1000000.0
2493,2019-11-13,1,3,Match 5,56,1750.0
2493,2019-11-13,1,4,Match 4,4314,140.0
2493,2019-11-13,1,5,Match 3,92273,30.0
2493,2019-11-13,1,6,Match 2,782502,0.0
2494,2019-11-16,1,1,Match 6,0,7237103.0
2494,2019-11-16,1,2,Match 5 plus Bonus,0,1000000.0
2494,2019-11-16,1,3,Match 5,54,1750.0
2494,2019-11-16,1,4,Match 4,3397,140.0
2494,2019-11-16,1,5,Match 3,84163,30.0
2494,2019-11-16,1,6,Match 2,906637,0.0
2495,2019-11-20,1,1,Match 6,0,8602997.0
2495,2019-11-20,1,2,Match 5 plus Bonus,3,1000000.0
2495,2019-11-20,1,3,Match 5,40,1750.0
2495,2019-11-20,1,4,Match 4,2906,140.0
2495,2019-11-20,1,5,Match 3,69087,30.0
2495,2019-11-20,1,6,Match 2,675064,0.0
2496,2019-11-23,1,1,Match 6,0,25000000.0
2496,2019-11-23,1,2,Match 5 plus Bonus,4,10000001187500.0
2496,2019-11-23,1,3,Match 5,92,175018054.0
2496,2019-11-23,1,4,Match 4,5876,140863.0
2496,2019-11-23,1,5,Match 3,144637,30157.0
2496,2019-11-23,1,6,Match 2,1396681,0.0
2497,2019-11-27,1,1,Match 6,0,2000000.0
2497,2019-11-27,1,2,Match 5 plus Bonus,1,1000000.0
2497,2019-11-27,1,3,Match 5,40,1750.0
2497,2019-11-27,1,4,Match 4,2635,140.0
2497,2019-11-27,1,5,Match 3,64890,30.0
2497,2019-11-27,1,6,Match 2,646563,0.0
2498,2019-11-30,1,1,Match 6,0,4133959.0
2498,2019-11-30,1,2,Match 5 plus Bonus,1,1000000.0
2498,2019-11-30,1,3,Match 5,89,1750.0
2498,2019-11-30,1,4,Match 4,6447,140.0
2498,2019-11-30,1,5,Match 3,108552,30.0
2498,2019-11-30,1,6,Match 2,1026848,0.0
2499,2019-12-04,1,1,Match 6,0,5434036.0
2499,2019-12-04,1,2,Match 5 plus Bonus,4,1000000.0
2499,2019-12-04,1,3,Match 5,148,1750.0
2499,2019-12-04,1,4,Match 4,6584,140.0
2499,2019-12-04,1,5,Match 3,110154,30.0
2499,2019-12-04,1,6,Match 2,815682,0.0
2500,2019-12-07,1,1,Match 6,0,7661555.0
2500,2019-12-07,1,2,Match 5 plus Bonus,0,1000000.0
2500,2019-12-07,1,3,Match 5,50,1750.0
2500,2019-12-07,1,4,Match 4,4057,140.0
2500,2019-12-07,1,5,Match 3,100119,30.0
2500,2019-12-07,1,6,Match 2,1030510,0.0
2501,2019-12-11,1,1,Match 6,0,9122574.0
2501,2019-12-11,1,2,Match 5 plus Bonus,3,1000000.0
2501,2019-12-11,1,3,Match 5,78,1750.0
2501,2019-12-11,1,4,Match 4,4232,140.0
2501,2019-12-11,1,5,Match 3,92348,30.0
2501,2019-12-11,1,6,Match 2,796974,0.0
2502,2019-12-14,1,1,Match 6,0,11598525.0
2502,2019-12-14,1,2,Match 5 plus Bonus,1,10000001347955.0
2502,2019-12-14,1,3,Match 5,112,17507963.0
2502,2019-12-14,1,4,Match 4,7219,140413.0
2502,2019-12-14,1,5,Match 3,153272,3085.0
2502,2019-12-14,1,6,Match 2,1348831,0.0
2503,2019-12-18,1,1,Match 6,1,2000000.0
2503,2019-12-18,1,2,Match 5 plus Bonus,0,1000000.0
2503,2019-12-18,1,3,Match 5,29,1750.0
2503,2019-12-18,1,4,Match 4,1877,140.0
2503,2019-12-18,1,5,Match 3,49368,30.0
2503,2019-12-18,1,6,Match 2,531384,0.0
2504,2019-12-21,1,1,Match 6,0,3800000.0
2504,2019-12-21,1,2,Match 5 plus Bonus,2,1000000.0
2504,2019-12-21,1,3,Match 5,118,1750.0
2504,2019-12-21,1,4,Match 4,6792,140.0
2504,2019-12-21,1,5,Match 3,133613,30.0
2504,2019-12-21,1,6,Match 2,1108848,0.0
2505,2019-12-25,1,1,Match 6,0,15000000.0
2505,2019-12-25,1,2,Match 5 plus Bonus,0,10000000.0
2505,2019-12-25,1,3,Match 5,67,175015630.0
2505,2019-12-25,1,4,Match 4,5374,140628.0
2505,2019-12-25,1,5,Match 3,133075,30116.0
2505,2019-12-25,1,6,Match 2,1334995,0.0
2506,2019-12-28,1,1,Match 6,0,3800000.0
2506,2019-12-28,1,2,Match 5 plus Bonus,1,1000000.0
2506,2019-12-28,1,3,Match 5,56,1750.0
2506,2019-12-28,1,4,Match 4,4694,140.0
2506,2019-12-28,1,5,Match 3,117239,30.0
2506,2019-12-28,1,6,Match 2,1119284,0.0
2507,2020-01-01,1,1,Match 6,1,5374793.0
2507,2020-01-01,1,2,Match 5 plus Bonus,0,1000000.0
2507,2020-01-01,1,3,Match 5,32,1750.0
2507,2020-01-01,1,4,Match 4,2434,140.0
2507,2020-01-01,1,5,Match 3,62727,30.0
2507,2020-01-01,1,6,Match 2,664727,0.0
2508,2020-01-04,1,1,Match 6,0,3800000.0
2508,2020-01-04,1,2,Match 5 plus Bonus,2,1000000.0
2508,2020-01-04,1,3,Match 5,49,1750.0
2508,2020-01-04,1,4,Match 4,3150,140.0
2508,2020-01-04,1,5,Match 3,83149,30.0
2508,2020-01-04,1,6,Match 2,932762,0.0
2509,2020-01-08,1,1,Match 6,0,5108359.0
2509,2020-01-08,1,2,Match 5 plus Bonus,1,1000000.0
2509,2020-01-08,1,3,Match 5,22,1750.0
2509,2020-01-08,1,4,Match 4,2010,140.0
2509,2020-01-08,1,5,Match 3,51339,30.0
2509,2020-01-08,1,6,Match 2,556596,0.0
2510,2020-01-11,1,1,Match 6,1,7244823.0
2510,2020-01-11,1,2,Match 5 plus Bonus,2,1000000.0
2510,2020-01-11,1,3,Match 5,47,1750.0
2510,2020-01-11,1,4,Match 4,2979,140.0
2510,2020-01-11,1,5,Match 3,72190,30.0
2510,2020-01-11,1,6,Match 2,778056,0.0
2511,2020-01-15,1,1,Match 6,0,2000000.0
2511,2020-01-15,1,2,Match 5 plus Bonus,1,1000000.0
2511,2020-01-15,1,3,Match 5,20,1750.0
2511,2020-01-15,1,4,Match 4,1694,140.0
2511,2020-01-15,1,5,Match 3,38619,30.0
2511,2020-01-15,1,6,Match 2,405049,0.0
2512,2020-01-18,1,1,Match 6,0,4043416.0
2512,2020-01-18,1,2,Match 5 plus Bonus,1,1000000.0
2512,2020-01-18,1,3,Match 5,50,1750.0
2512,2020-01-18,1,4,Match 4,3519,140.0
2512,2020-01-18,1,5,Match 3,89018,30.0
2512,2020-01-18,1,6,Match 2,876920,0.0
2513,2020-01-22,1,1,Match 6,0,5343030.0
2513,2020-01-22,1,2,Match 5 plus Bonus,2,1000000.0
2513,2020-01-22,1,3,Match 5,48,1750.0
2513,2020-01-22,1,4,Match 4,3744,140.0
2513,2020-01-22,1,5,Match 3,85228,30.0
2513,2020-01-22,1,6,Match 2,750376,0.0
2514,2020-01-25,1,1,Match 6,0,7549456.0
2514,2020-01-25,1,2,Match 5 plus Bonus,0,1000000.0
2514,2020-01-25,1,3,Match 5,50,1750.0
2514,2020-01-25,1,4,Match 4,3221,140.0
2514,2020-01-25,1,5,Match 3,82553,30.0
2514,2020-01-25,1,6,Match 2,891071,0.0
2515,2020-01-29,1,1,Match 6,0,9013157.0
2515,2020-01-29,1,2,Match 5 plus Bonus,2,1000000.0
2515,2020-01-29,1,3,Match 5,34,1750.0
2515,2020-01-29,1,4,Match 4,2848,140.0
2515,2020-01-29,1,5,Match 3,71427,30.0
2515,2020-01-29,1,6,Match 2,717905,0.0
2516,2020-02-01,1,1,Match 6,0,11574206.0
2516,2020-02-01,1,2,Match 5 plus Bonus,2,10000001173613.0
2516,2020-02-01,1,3,Match 5,76,175010887.0
2516,2020-02-01,1,4,Match 4,4508,140576.0
2516,2020-02-01,1,5,Match 3,108383,30109.0
2516,2020-02-01,1,6,Match 2,1153368,0.0
2517,2020-02-05,1,1,Match 6,1,2000000.0
2517,2020-02-05,1,2,Match 5 plus Bonus,1,1000000.0
2517,2020-02-05,1,3,Match 5,35,1750.0
2517,2020-02-05,1,4,Match 4,2278,140.0
2517,2020-02-05,1,5,Match 3,54482,30.0
2517,2020-02-05,1,6,Match 2,558196,0.0
2518,2020-02-08,1,1,Match 6,0,3800000.0
2518,2020-02-08,1,2,Match 5 plus Bonus,0,1000000.0
2518,2020-02-08,1,3,Match 5,36,1750.0
2518,2020-02-08,1,4,Match 4,2938,140.0
2518,2020-02-08,1,5,Match 3,76117,30.0
2518,2020-02-08,1,6,Match 2,824891,0.0
2519,2020-02-12,1,1,Match 6,1,5051768.0
2519,2020-02-12,1,2,Match 5 plus Bonus,0,1000000.0
2519,2020-02-12,1,3,Match 5,24,1750.0
2519,2020-02-12,1,4,Match 4,2352,140.0
2519,2020-02-12,1,5,Match 3,66572,30.0
2519,2020-02-12,1,6,Match 2,662244,0.0
2520,2020-02-15,1,1,Match 6,1,3800000.0
2520,2020-02-15,1,2,Match 5 plus Bonus,2,1000000.0
2520,2020-02-15,1,3,Match 5,63,1750.0
2520,2020-02-15,1,4,Match 4,3734,140.0
2520,2020-02-15,1,5,Match 3,94540,30.0
2520,2020-02-15,1,6,Match 2,967953,0.0
2521,2020-02-19,1,1,Match 6,0,2000000.0
2521,2020-02-19,1,2,Match 5 plus Bonus,2,1000000.0
2521,2020-02-19,1,3,Match 5,66,1750.0
2521,2020-02-19,1,4,Match 4,5352,140.0
2521,2020-02-19,1,5,Match 3,104407,30.0
2521,2020-02-19,1,6,Match 2,765327,0.0
2522,2020-02-22,1,1,Match 6,0,4098400.0
2522,2020-02-22,1,2,Match 5 plus Bonus,3,1000000.0
2522,2020-02-22,1,3,Match 5,85,1750.0
2522,2020-02-22,1,4,Match 4,5492,140.0
2522,2020-02-22,1,5,Match 3,124731,30.0
2522,2020-02-22,1,6,Match 2,1159336,0.0
2523,2020-02-26,1,1,Match 6,0,5446003.0
2523,2020-02-26,1,2,Match 5 plus Bonus,2,1000000.0
2523,2020-02-26,1,3,Match 5,36,1750.0
2523,2020-02-26,1,4,Match 4,1988,140.0
2523,2020-02-26,1,5,Match 3,53775,30.0
2523,2020-02-26,1,6,Match 2,589441,0.0
2524,2020-02-29,1,1,Match 6,0,7629623.0
2524,2020-02-29,1,2,Match 5 plus Bonus,1,1000000.0
2524,2020-02-29,1,3,Match 5,56,1750.0
2524,2020-02-29,1,4,Match 4,3310,140.0
2524,2020-02-29,1,5,Match 3,76497,30.0
2524,2020-02-29,1,6,Match 2,781710,0.0
2525,2020-03-04,1,1,Match 6,0,9065390.0
2525,2020-03-04,1,2,Match 5 plus Bonus,0,1000000.0
2525,2020-03-04,1,3,Match 5,41,1750.0
2525,2020-03-04,1,4,Match 4,3109,140.0
2525,2020-03-04,1,5,Match 3,81017,30.0
2525,2020-03-04,1,6,Match 2,768631,0.0
2526,2020-03-07,1,1,Match 6,0,11578001.0
2526,2020-03-07,1,2,Match 5 plus Bonus,3,10000001115780.0
2526,2020-03-07,1,3,Match 5,71,175011534.0
2526,2020-03-07,1,4,Match 4,5855,140476.0
2526,2020-03-07,1,5,Match 3,134162,3093.0
2526,2020-03-07,1,6,Match 2,1275756,0.0
2527,2020-03-11,1,1,Match 6,0,2000000.0
2527,2020-03-11,1,2,Match 5 plus Bonus,0,1000000.0
2527,2020-03-11,1,3,Match 5,21,1750.0
2527,2020-03-11,1,4,Match 4,1732,140.0
2527,2020-03-11,1,5,Match 3,44082,30.0
2527,2020-03-11,1,6,Match 2,470573,0.0
2528,2020-03-14,1,1,Match 6,1,4037783.0
2528,2020-03-14,1,2,Match 5 plus Bonus,6,1000000.0
2528,2020-03-14,1,3,Match 5,91,1750.0
2528,2020-03-14,1,4,Match 4,6218,140.0
2528,2020-03-14,1,5,Match 3,129966,30.0
2528,2020-03-14,1,6,Match 2,1135143,0.0
2529,2020-03-18,1,1,Match 6,2,1000000.0
2529,2020-03-18,1,2,Match 5 plus Bonus,2,1000000.0
2529,2020-03-18,1,3,Match 5,173,1750.0
2529,2020-03-18,1,4,Match 4,7842,140.0
2529,2020-03-18,1,5,Match 3,121076,30.0
2529,2020-03-18,1,6,Match 2,802706,0.0
2530,2020-03-21,1,1,Match 6,0,3800000.0
2530,2020-03-21,1,2,Match 5 plus Bonus,0,1000000.0
2530,2020-03-21,1,3,Match 5,32,1750.0
2530,2020-03-21,1,4,Match 4,3087,140.0
2530,2020-03-21,1,5,Match 3,78460,30.0
2530,2020-03-21,1,6,Match 2,833681,0.0
2531,2020-03-25,1,1,Match 6,0,4940167.0
2531,2020-03-25,1,2,Match 5 plus Bonus,2,1000000.0
2531,2020-03-25,1,3,Match 5,21,1750.0
2531,2020-03-25,1,4,Match 4,1722,140.0
2531,2020-03-25,1,5,Match 3,45593,30.0
2531,2020-03-25,1,6,Match 2,501099,0.0
2532,2020-03-28,1,1,Match 6,0,6777904.0
2532,2020-03-28,1,2,Match 5 plus Bonus,2,1000000.0
2532,2020-03-28,1,3,Match 5,101,1750.0
2532,2020-03-28,1,4,Match 4,5689,140.0
2532,2020-03-28,1,5,Match 3,112029,30.0
2532,2020-03-28,1,6,Match 2,991199,0.0
2533,2020-04-01,1,1,Match 6,0,8061599.0
2533,2020-04-01,1,2,Match 5 plus Bonus,0,1000000.0
2533,2020-04-01,1,3,Match 5,49,1750.0
2533,2020-04-01,1,4,Match 4,3795,140.0
2533,2020-04-01,1,5,Match 3,84404,30.0
2533,2020-04-01,1,6,Match 2,729642,0.0
2534,2020-04-04,1,1,Match 6,0,10108907.0
2534,2020-04-04,1,2,Match 5 plus Bonus,1,1000000.0
2534,2020-04-04,1,3,Match 5,65,1750.0
2534,2020-04-04,1,4,Match 4,5079,140.0
2534,2020-04-04,1,5,Match 3,114448,30.0
2534,2020-04-04,1,6,Match 2,1060265,0.0
2535,2020-04-08,1,1,Match 6,0,11735036.0
2535,2020-04-08,1,2,Match 5 plus Bonus,0,10000001000000.0
2535,2020-04-08,1,3,Match 5,58,175014294.0
2535,2020-04-08,1,4,Match 4,4568,140589.0
2535,2020-04-08,1,5,Match 3,98123,30121.0
2535,2020-04-08,1,6,Match 2,879153,0.0
2536,2020-04-11,1,1,Match 6,0,3800000.0
2536,2020-04-11,1,2,Match 5 plus Bonus,0,1000000.0
2536,2020-04-11,1,3,Match 5,46,1750.0
2536,2020-04-11,1,4,Match 4,3354,140.0
2536,2020-04-11,1,5,Match 3,88796,30.0
2536,2020-04-11,1,6,Match 2,900540,0.0
2537,2020-04-15,1,1,Match 6,0,5034166.0
2537,2020-04-15,1,2,Match 5 plus Bonus,1,1000000.0
2537,2020-04-15,1,3,Match 5,29,1750.0
2537,2020-04-15,1,4,Match 4,1835,140.0
2537,2020-04-15,1,5,Match 3,45209,30.0
2537,2020-04-15,1,6,Match 2,464233,0.0
2538,2020-04-18,1,1,Match 6,0,7006533.0
2538,2020-04-18,1,2,Match 5 plus Bonus,0,1000000.0
2538,2020-04-18,1,3,Match 5,62,1750.0
2538,2020-04-18,1,4,Match 4,3600,140.0
2538,2020-04-18,1,5,Match 3,92888,30.0
2538,2020-04-18,1,6,Match 2,954194,0.0
2539,2020-04-22,1,1,Match 6,0,8381216.0
2539,2020-04-22,1,2,Match 5 plus Bonus,1,1000000.0
2539,2020-04-22,1,3,Match 5,29,1750.0
2539,2020-04-22,1,4,Match 4,2349,140.0
2539,2020-04-22,1,5,Match 3,62328,30.0
2539,2020-04-22,1,6,Match 2,655545,0.0
2540,2020-04-25,1,1,Match 6,0,10534194.0
2540,2020-04-25,1,2,Match 5 plus Bonus,2,1000000.0
2540,2020-04-25,1,3,Match 5,90,1750.0
2540,2020-04-25,1,4,Match 4,6822,140.0
2540,2020-04-25,1,5,Match 3,147144,30.0
2540,2020-04-25,1,6,Match 2,1258907,0.0
2541,2020-04-29,1,1,Match 6,0,12384648.0
2541,2020-04-29,1,2,Match 5 plus Bonus,1,10000001371539.0
2541,2020-04-29,1,3,Match 5,68,175012677.0
2541,2020-04-29,1,4,Match 4,3988,140667.0
2541,2020-04-29,1,5,Match 3,95116,30126.0
2541,2020-04-29,1,6,Match 2,898974,0.0
2542,2020-05-02,1,1,Match 6,0,3800000.0
2542,2020-05-02,1,2,Match 5 plus Bonus,3,1000000.0
2542,2020-05-02,1,3,Match 5,84,1750.0
2542,2020-05-02,1,4,Match 4,4441,140.0
2542,2020-05-02,1,5,Match 3,102352,30.0
2542,2020-05-02,1,6,Match 2,989983,0.0
2543,2020-05-06,1,1,Match 6,0,5060015.0
2543,2020-05-06,1,2,Match 5 plus Bonus,0,1000000.0
2543,2020-05-06,1,3,Match 5,29,1750.0
2543,2020-05-06,1,4,Match 4,2154,140.0
2543,2020-05-06,1,5,Match 3,53368,30.0
2543,2020-05-06,1,6,Match 2,558913,0.0
2544,2020-05-09,1,1,Match 6,0,7101234.0
2544,2020-05-09,1,2,Match 5 plus Bonus,0,1000000.0
2544,2020-05-09,1,3,Match 5,90,1750.0
2544,2020-05-09,1,4,Match 4,5674,140.0
2544,2020-05-09,1,5,Match 3,129222,30.0
2544,2020-05-09,1,6,Match 2,1117966,0.0
2545,2020-05-13,1,1,Match 6,0,8556588.0
2545,2020-05-13,1,2,Match 5 plus Bonus,0,1000000.0
2545,2020-05-13,1,3,Match 5,63,1750.0
2545,2020-05-13,1,4,Match 4,3804,140.0
2545,2020-05-13,1,5,Match 3,84530,30.0
2545,2020-05-13,1,6,Match 2,774934,0.0
2546,2020-05-16,1,1,Match 6,1,10848734.0
2546,2020-05-16,1,2,Match 5 plus Bonus,1,1000000.0
2546,2020-05-16,1,3,Match 5,51,1750.0
2546,2020-05-16,1,4,Match 4,4413,140.0
2546,2020-05-16,1,5,Match 3,112695,30.0
2546,2020-05-16,1,6,Match 2,1123617,0.0
2547,2020-05-20,1,1,Match 6,0,2000000.0
2547,2020-05-20,1,2,Match 5 plus Bonus,0,1000000.0
2547,2020-05-20,1,3,Match 5,32,1750.0
2547,2020-05-20,1,4,Match 4,2490,140.0
2547,2020-05-20,1,5,Match 3,61390,30.0
2547,2020-05-20,1,6,Match 2,620209,0.0
2548,2020-05-23,1,1,Match 6,0,4013092.0
2548,2020-05-23,1,2,Match 5 plus Bonus,0,1000000.0
2548,2020-05-23,1,3,Match 5,29,1750.0
2548,2020-05-23,1,4,Match 4,3104,140.0
2548,2020-05-23,1,5,Match 3,81156,30.0
2548,2020-05-23,1,6,Match 2,835934,0.0
2549,2020-05-27,1,1,Match 6,0,5333552.0
2549,2020-05-27,1,2,Match 5 plus Bonus,6,1000000.0
2549,2020-05-27,1,3,Match 5,110,1750.0
2549,2020-05-27,1,4,Match 4,5651,140.0
2549,2020-05-27,1,5,Match 3,105920,30.0
2549,2020-05-27,1,6,Match 2,823740,0.0
2550,2020-05-30,1,1,Match 6,1,7484179.0
2550,2020-05-30,1,2,Match 5 plus Bonus,1,1000000.0
2550,2020-05-30,1,3,Match 5,76,1750.0
2550,2020-05-30,1,4,Match 4,5614,140.0
2550,2020-05-30,1,5,Match 3,129510,30.0
2550,2020-05-30,1,6,Match 2,1200178,0.0
2551,2020-06-03,1,1,Match 6,1,2000000.0
2551,2020-06-03,1,2,Match 5 plus Bonus,0,1000000.0
2551,2020-06-03,1,3,Match 5,95,1750.0
2551,2020-06-03,1,4,Match 4,6092,140.0
2551,2020-06-03,1,5,Match 3,117826,30.0
2551,2020-06-03,1,6,Match 2,853154,0.0
2552,2020-06-06,1,1,Match 6,0,3800000.0
2552,2020-06-06,1,2,Match 5 plus Bonus,3,1000000.0
2552,2020-06-06,1,3,Match 5,116,1750.0
2552,2020-06-06,1,4,Match 4,7347,140.0
2552,2020-06-06,1,5,Match 3,152296,30.0
2552,2020-06-06,1,6,Match 2,1239855,0.0
2553,2020-06-10,1,1,Match 6,0,5157518.0
2553,2020-06-10,1,2,Match 5 plus Bonus,0,1000000.0
2553,2020-06-10,1,3,Match 5,28,1750.0
2553,2020-06-10,1,4,Match 4,1928,140.0
2553,2020-06-10,1,5,Match 3,44544,30.0
2553,2020-06-10,1,6,Match 2,452853,0.0
2554,2020-06-13,1,1,Match 6,0,7255444.0
2554,2020-06-13,1,2,Match 5 plus Bonus,1,1000000.0
2554,2020-06-13,1,3,Match 5,70,1750.0
2554,2020-06-13,1,4,Match 4,4930,140.0
2554,2020-06-13,1,5,Match 3,118581,30.0
2554,2020-06-13,1,6,Match 2,1125572,0.0
2555,2020-06-17,1,1,Match 6,0,8705423.0
2555,2020-06-17,1,2,Match 5 plus Bonus,1,1000000.0
2555,2020-06-17,1,3,Match 5,30,1750.0
2555,2020-06-17,1,4,Match 4,2845,140.0
2555,2020-06-17,1,5,Match 3,69200,30.0
2555,2020-06-17,1,6,Match 2,694250,0.0
2556,2020-06-20,1,1,Match 6,0,10962695.0
2556,2020-06-20,1,2,Match 5 plus Bonus,5,1000000.0
2556,2020-06-20,1,3,Match 5,86,1750.0
2556,2020-06-20,1,4,Match 4,6758,140.0
2556,2020-06-20,1,5,Match 3,143828,30.0
2556,2020-06-20,1,6,Match 2,1261863,0.0
2557,2020-06-24,1,1,Match 6,0,12867635.0
2557,2020-06-24,1,2,Match 5 plus Bonus,1,10000001386029.0
2557,2020-06-24,1,3,Match 5,58,175015061.0
2557,2020-06-24,1,4,Match 4,3124,140840.0
2557,2020-06-24,1,5,Match 3,75781,30155.0
2557,2020-06-24,1,6,Match 2,802977,0.0
2558,2020-06-27,1,1,Match 6,2,7500000.0
2558,2020-06-27,1,2,Match 5 plus Bonus,4,1000000.0
2558,2020-06-27,1,3,Match 5,118,1750.0
2558,2020-06-27,1,4,Match 4,7090,140.0
2558,2020-06-27,1,5,Match 3,154785,30.0
2558,2020-06-27,1,6,Match 2,1428311,0.0
2559,2020-07-01,1,1,Match 6,0,2000000.0
2559,2020-07-01,1,2,Match 5 plus Bonus,0,1000000.0
2559,2020-07-01,1,3,Match 5,56,1750.0
2559,2020-07-01,1,4,Match 4,3557,140.0
2559,2020-07-01,1,5,Match 3,82255,30.0
2559,2020-07-01,1,6,Match 2,734492,0.0
2560,2020-07-04,1,1,Match 6,0,4076461.0
2560,2020-07-04,1,2,Match 5 plus Bonus,3,1000000.0
2560,2020-07-04,1,3,Match 5,54,1750.0
2560,2020-07-04,1,4,Match 4,3049,140.0
2560,2020-07-04,1,5,Match 3,73913,30.0
2560,2020-07-04,1,6,Match 2,765797,0.0
2561,2020-07-08,1,1,Match 6,0,5423577.0
2561,2020-07-08,1,2,Match 5 plus Bonus,1,1000000.0
2561,2020-07-08,1,3,Match 5,43,1750.0
2561,2020-07-08,1,4,Match 4,2553,140.0
2561,2020-07-08,1,5,Match 3,63562,30.0
2561,2020-07-08,1,6,Match 2,638070,0.0
2562,2020-07-11,1,1,Match 6,0,7548573.0
2562,2020-07-11,1,2,Match 5 plus Bonus,1,1000000.0
2562,2020-07-11,1,3,Match 5,61,1750.0
2562,2020-07-11,1,4,Match 4,4511,140.0
2562,2020-07-11,1,5,Match 3,118894,30.0
2562,2020-07-11,1,6,Match 2,1150262,0.0
2563,2020-07-15,1,1,Match 6,0,9008155.0
2563,2020-07-15,1,2,Match 5 plus Bonus,0,1000000.0
2563,2020-07-15,1,3,Match 5,48,1750.0
2563,2020-07-15,1,4,Match 4,3392,140.0
2563,2020-07-15,1,5,Match 3,79154,30.0
2563,2020-07-15,1,6,Match 2,751366,0.0
2564,2020-07-18,1,1,Match 6,0,11499676.0
2564,2020-07-18,1,2,Match 5 plus Bonus,2,10000001172495.0
2564,2020-07-18,1,3,Match 5,60,175013249.0
2564,2020-07-18,1,4,Match 4,5311,140508.0
2564,2020-07-18,1,5,Match 3,128703,3096.0
2564,2020-07-18,1,6,Match 2,1254704,0.0
2565,2020-07-22,1,1,Match 6,1,2000000.0
2565,2020-07-22,1,2,Match 5 plus Bonus,7,1000000.0
2565,2020-07-22,1,3,Match 5,168,1750.0
2565,2020-07-22,1,4,Match 4,6630,140.0
2565,2020-07-22,1,5,Match 3,111139,30.0
2565,2020-07-22,1,6,Match 2,828365,0.0
2566,2020-07-25,1,1,Match 6,0,3800000.0
2566,2020-07-25,1,2,Match 5 plus Bonus,1,1000000.0
2566,2020-07-25,1,3,Match 5,73,1750.0
2566,2020-07-25,1,4,Match 4,4851,140.0
2566,2020-07-25,1,5,Match 3,120313,30.0
2566,2020-07-25,1,6,Match 2,1139051,0.0
2567,2020-07-29,1,1,Match 6,1,5139353.0
2567,2020-07-29,1,2,Match 5 plus Bonus,1,1000000.0
2567,2020-07-29,1,3,Match 5,32,1750.0
2567,2020-07-29,1,4,Match 4,2300,140.0
2567,2020-07-29,1,5,Match 3,55247,30.0
2567,2020-07-29,1,6,Match 2,575228,0.0
2568,2020-08-01,1,1,Match 6,0,3800000.0
2568,2020-08-01,1,2,Match 5 plus Bonus,2,1000000.0
2568,2020-08-01,1,3,Match 5,62,1750.0
2568,2020-08-01,1,4,Match 4,3760,140.0
2568,2020-08-01,1,5,Match 3,97740,30.0
2568,2020-08-01,1,6,Match 2,980228,0.0
2569,2020-08-05,1,1,Match 6,0,5102936.0
2569,2020-08-05,1,2,Match 5 plus Bonus,3,1000000.0
2569,2020-08-05,1,3,Match 5,30,1750.0
2569,2020-08-05,1,4,Match 4,1797,140.0
2569,2020-08-05,1,5,Match 3,46404,30.0
2569,2020-08-05,1,6,Match 2,523316,0.0
2570,2020-08-08,1,1,Match 6,0,7178766.0
2570,2020-08-08,1,2,Match 5 plus Bonus,2,1000000.0
2570,2020-08-08,1,3,Match 5,32,1750.0
2570,2020-08-08,1,4,Match 4,2696,140.0
2570,2020-08-08,1,5,Match 3,66649,30.0
2570,2020-08-08,1,6,Match 2,728511,0.0
2571,2020-08-12,1,1,Match 6,0,8526920.0
2571,2020-08-12,1,2,Match 5 plus Bonus,0,1000000.0
2571,2020-08-12,1,3,Match 5,41,1750.0
2571,2020-08-12,1,4,Match 4,2844,140.0
2571,2020-08-12,1,5,Match 3,71905,30.0
2571,2020-08-12,1,6,Match 2,709541,0.0
2572,2020-08-15,1,1,Match 6,1,10770647.0
2572,2020-08-15,1,2,Match 5 plus Bonus,3,1000000.0
2572,2020-08-15,1,3,Match 5,103,1750.0
2572,2020-08-15,1,4,Match 4,7556,140.0
2572,2020-08-15,1,5,Match 3,154421,30.0
2572,2020-08-15,1,6,Match 2,1281035,0.0
2573,2020-08-19,1,1,Match 6,0,2000000.0
2573,2020-08-19,1,2,Match 5 plus Bonus,1,1000000.0
2573,2020-08-19,1,3,Match 5,35,1750.0
2573,2020-08-19,1,4,Match 4,1868,140.0
2573,2020-08-19,1,5,Match 3,50467,30.0
2573,2020-08-19,1,6,Match 2,539088,0.0
2574,2020-08-22,1,1,Match 6,0,3988224.0
2574,2020-08-22,1,2,Match 5 plus Bonus,0,1000000.0
2574,2020-08-22,1,3,Match 5,46,1750.0
2574,2020-08-22,1,4,Match 4,3778,140.0
2574,2020-08-22,1,5,Match 3,103096,30.0
2574,2020-08-22,1,6,Match 2,1002285,0.0
2575,2020-08-26,1,1,Match 6,0,5316218.0
2575,2020-08-26,1,2,Match 5 plus Bonus,1,1000000.0
2575,2020-08-26,1,3,Match 5,90,1750.0
2575,2020-08-26,1,4,Match 4,5166,140.0
2575,2020-08-26,1,5,Match 3,100170,30.0
2575,2020-08-26,1,6,Match 2,798807,0.0
2576,2020-08-29,1,1,Match 6,0,7543906.0
2576,2020-08-29,1,2,Match 5 plus Bonus,1,1000000.0
2576,2020-08-29,1,3,Match 5,55,1750.0
2576,2020-08-29,1,4,Match 4,3877,140.0
2576,2020-08-29,1,5,Match 3,100582,30.0
2576,2020-08-29,1,6,Match 2,1048684,0.0
2577,2020-09-02,1,1,Match 6,0,9041705.0
2577,2020-09-02,1,2,Match 5 plus Bonus,1,1000000.0
2577,2020-09-02,1,3,Match 5,40,1750.0
2577,2020-09-02,1,4,Match 4,2348,140.0
2577,2020-09-02,1,5,Match 3,57063,30.0
2577,2020-09-02,1,6,Match 2,593547,0.0
2578,2020-09-05,1,1,Match 6,0,20000000.0
2578,2020-09-05,1,2,Match 5 plus Bonus,3,10000001200000.0
2578,2020-09-05,1,3,Match 5,141,175010260.0
2578,2020-09-05,1,4,Match 4,8810,140525.0
2578,2020-09-05,1,5,Match 3,189067,30108.0
2578,2020-09-05,1,6,Match 2,1660621,0.0
2579,2020-09-09,1,1,Match 6,0,2000000.0
2579,2020-09-09,1,2,Match 5 plus Bonus,1,1000000.0
2579,2020-09-09,1,3,Match 5,26,1750.0
2579,2020-09-09,1,4,Match 4,2178,140.0
2579,2020-09-09,1,5,Match 3,53674,30.0
2579,2020-09-09,1,6,Match 2,579210,0.0
2580,2020-09-12,1,1,Match 6,0,4051990.0
2580,2020-09-12,1,2,Match 5 plus Bonus,3,1000000.0
2580,2020-09-12,1,3,Match 5,57,1750.0
2580,2020-09-12,1,4,Match 4,4312,140.0
2580,2020-09-12,1,5,Match 3,100374,30.0
2580,2020-09-12,1,6,Match 2,981157,0.0
2581,2020-09-16,1,1,Match 6,0,5386435.0
2581,2020-09-16,1,2,Match 5 plus Bonus,1,1000000.0
2581,2020-09-16,1,3,Match 5,42,1750.0
2581,2020-09-16,1,4,Match 4,3042,140.0
2581,2020-09-16,1,5,Match 3,69394,30.0
2581,2020-09-16,1,6,Match 2,662965,0.0
2582,2020-09-19,1,1,Match 6,0,7566684.0
2582,2020-09-19,1,2,Match 5 plus Bonus,1,1000000.0
2582,2020-09-19,1,3,Match 5,48,1750.0
2582,2020-09-19,1,4,Match 4,3578,140.0
2582,2020-09-19,1,5,Match 3,89983,30.0
2582,2020-09-19,1,6,Match 2,933194,0.0
2583,2020-09-23,1,1,Match 6,0,8998696.0
2583,2020-09-23,1,2,Match 5 plus Bonus,2,1000000.0
2583,2020-09-23,1,3,Match 5,67,1750.0
2583,2020-09-23,1,4,Match 4,3370,140.0
2583,2020-09-23,1,5,Match 3,76162,30.0
2583,2020-09-23,1,6,Match 2,717744,0.0
2584,2020-09-26,1,1,Match 6,0,11496937.0
2584,2020-09-26,1,2,Match 5 plus Bonus,0,10000001000000.0
2584,2020-09-26,1,3,Match 5,64,175012887.0
2584,2020-09-26,1,4,Match 4,3933,140651.0
2584,2020-09-26,1,5,Match 3,98734,30118.0
2584,2020-09-26,1,6,Match 2,1056854,0.0
2585,2020-09-30,1,1,Match 6,0,2000000.0
2585,2020-09-30,1,2,Match 5 plus Bonus,3,1000000.0
2585,2020-09-30,1,3,Match 5,25,1750.0
2585,2020-09-30,1,4,Match 4,2201,140.0
2585,2020-09-30,1,5,Match 3,52763,30.0
2585,2020-09-30,1,6,Match 2,549206,0.0
2586,2020-10-03,1,1,Match 6,0,4032838.0
2586,2020-10-03,1,2,Match 5 plus Bonus,0,1000000.0
2586,2020-10-03,1,3,Match 5,159,1750.0
2586,2020-10-03,1,4,Match 4,8574,140.0
2586,2020-10-03,1,5,Match 3,159253,30.0
2586,2020-10-03,1,6,Match 2,1240209,0.0
2587,2020-10-07,1,1,Match 6,0,5397910.0
2587,2020-10-07,1,2,Match 5 plus Bonus,1,1000000.0
2587,2020-10-07,1,3,Match 5,22,1750.0
2587,2020-10-07,1,4,Match 4,2104,140.0
2587,2020-10-07,1,5,Match 3,49444,30.0
2587,2020-10-07,1,6,Match 2,530509,0.0
2588,2020-10-10,1,1,Match 6,0,7555131.0
2588,2020-10-10,1,2,Match 5 plus Bonus,0,1000000.0
2588,2020-10-10,1,3,Match 5,60,1750.0
2588,2020-10-10,1,4,Match 4,4070,140.0
2588,2020-10-10,1,5,Match 3,99601,30.0
2588,2020-10-10,1,6,Match 2,1006318,0.0
2589,2020-10-14,1,1,Match 6,1,8996243.0
2589,2020-10-14,1,2,Match 5 plus Bonus,1,1000000.0
2589,2020-10-14,1,3,Match 5,30,1750.0
2589,2020-10-14,1,4,Match 4,3465,140.0
2589,2020-10-14,1,5,Match 3,79742,30.0
2589,2020-10-14,1,6,Match 2,749090,0.0
2590,2020-10-17,1,1,Match 6,0,3800000.0
2590,2020-10-17,1,2,Match 5 plus Bonus,1,1000000.0
2590,2020-10-17,1,3,Match 5,45,1750.0
2590,2020-10-17,1,4,Match 4,3479,140.0
2590,2020-10-17,1,5,Match 3,80648,30.0
2590,2020-10-17,1,6,Match 2,823180,0.0
2591,2020-10-21,1,1,Match 6,0,5099582.0
2591,2020-10-21,1,2,Match 5 plus Bonus,4,1000000.0
2591,2020-10-21,1,3,Match 5,92,1750.0
2591,2020-10-21,1,4,Match 4,6168,140.0
2591,2020-10-21,1,5,Match 3,111557,30.0
2591,2020-10-21,1,6,Match 2,837849,0.0
2592,2020-10-24,1,1,Match 6,0,7254754.0
2592,2020-10-24,1,2,Match 5 plus Bonus,2,1000000.0
2592,2020-10-24,1,3,Match 5,49,1750.0
2592,2020-10-24,1,4,Match 4,3316,140.0
2592,2020-10-24,1,5,Match 3,87231,30.0
2592,2020-10-24,1,6,Match 2,958944,0.0
2593,2020-10-28,1,1,Match 6,0,8692170.0
2593,2020-10-28,1,2,Match 5 plus Bonus,0,1000000.0
2593,2020-10-28,1,3,Match 5,44,1750.0
2593,2020-10-28,1,4,Match 4,3362,140.0
2593,2020-10-28,1,5,Match 3,78079,30.0
2593,2020-10-28,1,6,Match 2,741366,0.0
2594,2020-10-31,1,1,Match 6,0,10998085.0
2594,2020-10-31,1,2,Match 5 plus Bonus,0,1000000.0
2594,2020-10-31,1,3,Match 5,62,1750.0
2594,2020-10-31,1,4,Match 4,4587,140.0
2594,2020-10-31,1,5,Match 3,111241,30.0
2594,2020-10-31,1,6,Match 2,1100877,0.0
2595,2020-11-04,1,1,Match 6,0,12980180.0
2595,2020-11-04,1,2,Match 5 plus Bonus,1,10000001389405.0
2595,2020-11-04,1,3,Match 5,50,175017326.0
2595,2020-11-04,1,4,Match 4,3799,140720.0
2595,2020-11-04,1,5,Match 3,95527,30130.0
2595,2020-11-04,1,6,Match 2,948990,0.0
2596,2020-11-07,1,1,Match 6,0,20000000.0
2596,2020-11-07,1,2,Match 5 plus Bonus,0,10000001000000.0
2596,2020-11-07,1,3,Match 5,75,175011307.0
2596,2020-11-07,1,4,Match 4,5207,140330.0
2596,2020-11-07,1,5,Match 3,122670,30128.0
2596,2020-11-07,1,6,Match 2,1243043,5.0
2597,2020-11-11,1,1,Match 6,0,2000000.0
2597,2020-11-11,1,2,Match 5 plus Bonus,2,1000000.0
2597,2020-11-11,1,3,Match 5,24,1750.0
2597,2020-11-11,1,4,Match 4,1871,140.0
2597,2020-11-11,1,5,Match 3,48204,30.0
2597,2020-11-11,1,6,Match 2,509419,0.0
2598,2020-11-14,1,1,Match 6,0,4128919.0
2598,2020-11-14,1,2,Match 5 plus Bonus,1,1000000.0
2598,2020-11-14,1,3,Match 5,44,1750.0
2598,2020-11-14,1,4,Match 4,3230,140.0
2598,2020-11-14,1,5,Match 3,79936,30.0
2598,2020-11-14,1,6,Match 2,836734,0.0
2599,2020-11-18,1,1,Match 6,0,5479080.0
2599,2020-11-18,1,2,Match 5 plus Bonus,0,1000000.0
2599,2020-11-18,1,3,Match 5,31,1750.0
2599,2020-11-18,1,4,Match 4,2457,140.0
2599,2020-11-18,1,5,Match 3,65197,30.0
2599,2020-11-18,1,6,Match 2,660844,0.0
2600,2020-11-21,1,1,Match 6,0,7743072.0
2600,2020-11-21,1,2,Match 5 plus Bonus,0,1000000.0
2600,2020-11-21,1,3,Match 5,57,1750.0
2600,2020-11-21,1,4,Match 4,3594,140.0
2600,2020-11-21,1,5,Match 3,87171,30.0
2600,2020-11-21,1,6,Match 2,899780,0.0
2601,2020-11-25,1,1,Match 6,0,9261078.0
2601,2020-11-25,1,2,Match 5 plus Bonus,1,1000000.0
2601,2020-11-25,1,3,Match 5,68,1750.0
2601,2020-11-25,1,4,Match 4,4454,140.0
2601,2020-11-25,1,5,Match 3,87572,30.0
2601,2020-11-25,1,6,Match 2,795856,0.0
2602,2020-11-28,1,1,Match 6,0,12032594.0
2602,2020-11-28,1,2,Match 5 plus Bonus,1,10000001166726.0
2602,2020-11-28,1,3,Match 5,72,17505609.0
2602,2020-11-28,1,4,Match 4,5358,140212.0
2602,2020-11-28,1,5,Match 3,135673,3064.0
2602,2020-11-28,1,6,Match 2,1295009,5.0
2603,2020-12-02,1,1,Match 6,0,2000000.0
2603,2020-12-02,1,2,Match 5 plus Bonus,1,1000000.0
2603,2020-12-02,1,3,Match 5,37,1750.0
2603,2020-12-02,1,4,Match 4,2939,140.0
2603,2020-12-02,1,5,Match 3,68998,30.0
2603,2020-12-02,1,6,Match 2,650219,0.0
2604,2020-12-05,1,1,Match 6,0,4109513.0
2604,2020-12-05,1,2,Match 5 plus Bonus,3,1000000.0
2604,2020-12-05,1,3,Match 5,54,1750.0
2604,2020-12-05,1,4,Match 4,3126,140.0
2604,2020-12-05,1,5,Match 3,73700,30.0
2604,2020-12-05,1,6,Match 2,762889,0.0
2605,2020-12-09,1,1,Match 6,2,2732892.0
2605,2020-12-09,1,2,Match 5 plus Bonus,4,1000000.0
2605,2020-12-09,1,3,Match 5,114,1750.0
2605,2020-12-09,1,4,Match 4,6649,140.0
2605,2020-12-09,1,5,Match 3,125538,30.0
2605,2020-12-09,1,6,Match 2,897407,0.0
2606,2020-12-12,1,1,Match 6,1,3800000.0
2606,2020-12-12,1,2,Match 5 plus Bonus,1,1000000.0
2606,2020-12-12,1,3,Match 5,41,1750.0
2606,2020-12-12,1,4,Match 4,3128,140.0
2606,2020-12-12,1,5,Match 3,76749,30.0
2606,2020-12-12,1,6,Match 2,810463,0.0
2607,2020-12-16,1,1,Match 6,0,2000000.0
2607,2020-12-16,1,2,Match 5 plus Bonus,0,1000000.0
2607,2020-12-16,1,3,Match 5,36,1750.0
2607,2020-12-16,1,4,Match 4,2497,140.0
2607,2020-12-16,1,5,Match 3,62150,30.0
2607,2020-12-16,1,6,Match 2,616289,0.0
2608,2020-12-19,1,1,Match 6,0,4091879.0
2608,2020-12-19,1,2,Match 5 plus Bonus,9,1000000.0
2608,2020-12-19,1,3,Match 5,315,1750.0
2608,2020-12-19,1,4,Match 4,12342,140.0
2608,2020-12-19,1,5,Match 3,194683,30.0
2608,2020-12-19,1,6,Match 2,1337143,0.0
2609,2020-12-23,1,1,Match 6,0,15000000.0
2609,2020-12-23,1,2,Match 5 plus Bonus,1,10000001302626.0
2609,2020-12-23,1,3,Match 5,43,175013479.0
2609,2020-12-23,1,4,Match 4,4170,140309.0
2609,2020-12-23,1,5,Match 3,98664,30116.0
2609,2020-12-23,1,6,Match 2,982492,5.0
2610,2020-12-26,1,1,Match 6,0,3800000.0
2610,2020-12-26,1,2,Match 5 plus Bonus,1,1000000.0
2610,2020-12-26,1,3,Match 5,53,1750.0
2610,2020-12-26,1,4,Match 4,2985,140.0
2610,2020-12-26,1,5,Match 3,76742,30.0
2610,2020-12-26,1,6,Match 2,819795,0.0
2611,2020-12-30,1,1,Match 6,0,5250464.0
2611,2020-12-30,1,2,Match 5 plus Bonus,1,1000000.0
2611,2020-12-30,1,3,Match 5,73,1750.0
2611,2020-12-30,1,4,Match 4,4445,140.0
2611,2020-12-30,1,5,Match 3,96559,30.0
2611,2020-12-30,1,6,Match 2,825020,0.0
2612,2021-01-02,1,1,Match 6,0,7534975.0
2612,2021-01-02,1,2,Match 5 plus Bonus,0,1000000.0
2612,2021-01-02,1,3,Match 5,61,1750.0
2612,2021-01-02,1,4,Match 4,4572,140.0
2612,2021-01-02,1,5,Match 3,115709,30.0
2612,2021-01-02,1,6,Match 2,1179005,0.0
2613,2021-01-06,1,1,Match 6,0,9038072.0
2613,2021-01-06,1,2,Match 5 plus Bonus,0,1000000.0
2613,2021-01-06,1,3,Match 5,23,1750.0
2613,2021-01-06,1,4,Match 4,2259,140.0
2613,2021-01-06,1,5,Match 3,57217,30.0
2613,2021-01-06,1,6,Match 2,611037,0.0
2614,2021-01-09,1,1,Match 6,1,20000000.0
2614,2021-01-09,1,2,Match 5 plus Bonus,5,1000000.0
2614,2021-01-09,1,3,Match 5,125,1750.0
2614,2021-01-09,1,4,Match 4,8409,140.0
2614,2021-01-09,1,5,Match 3,191832,30.0
2614,2021-01-09,1,6,Match 2,1747968,0.0
2615,2021-01-13,1,1,Match 6,1,2000000.0
2615,2021-01-13,1,2,Match 5 plus Bonus,2,1000000.0
2615,2021-01-13,1,3,Match 5,97,1750.0
2615,2021-01-13,1,4,Match 4,6196,140.0
2615,2021-01-13,1,5,Match 3,113522,30.0
2615,2021-01-13,1,6,Match 2,858749,0.0
2616,2021-01-16,1,1,Match 6,0,3800000.0
2616,2021-01-16,1,2,Match 5 plus Bonus,0,1000000.0
2616,2021-01-16,1,3,Match 5,57,1750.0
2616,2021-01-16,1,4,Match 4,4028,140.0
2616,2021-01-16,1,5,Match 3,100057,30.0
2616,2021-01-16,1,6,Match 2,1015195,0.0
2617,2021-01-20,1,1,Match 6,0,5159502.0
2617,2021-01-20,1,2,Match 5 plus Bonus,0,1000000.0
2617,2021-01-20,1,3,Match 5,103,1750.0
2617,2021-01-20,1,4,Match 4,6320,140.0
2617,2021-01-20,1,5,Match 3,116224,30.0
2617,2021-01-20,1,6,Match 2,868010,0.0
2618,2021-01-23,1,1,Match 6,0,7442457.0
2618,2021-01-23,1,2,Match 5 plus Bonus,0,1000000.0
2618,2021-01-23,1,3,Match 5,82,1750.0
2618,2021-01-23,1,4,Match 4,4805,140.0
2618,2021-01-23,1,5,Match 3,115606,30.0
2618,2021-01-23,1,6,Match 2,1124617,0.0
2619,2021-01-27,1,1,Match 6,0,8930580.0
2619,2021-01-27,1,2,Match 5 plus Bonus,1,1000000.0
2619,2021-01-27,1,3,Match 5,35,1750.0
2619,2021-01-27,1,4,Match 4,2408,140.0
2619,2021-01-27,1,5,Match 3,58902,30.0
2619,2021-01-27,1,6,Match 2,624852,0.0
2620,2021-01-30,1,1,Match 6,0,11429710.0
2620,2021-01-30,1,2,Match 5 plus Bonus,2,1000000.0
2620,2021-01-30,1,3,Match 5,59,1750.0
2620,2021-01-30,1,4,Match 4,4056,140.0
2620,2021-01-30,1,5,Match 3,104625,30.0
2620,2021-01-30,1,6,Match 2,1104506,0.0
2621,2021-02-03,1,1,Match 6,0,13420584.0
2621,2021-02-03,1,2,Match 5 plus Bonus,4,10000001057035.0
2621,2021-02-03,1,3,Match 5,150,17504284.0
2621,2021-02-03,1,4,Match 4,7918,140207.0
2621,2021-02-03,1,5,Match 3,145527,3074.0
2621,2021-02-03,1,6,Match 2,1163167,5.0
2622,2021-02-06,1,1,Match 6,0,3800000.0
2622,2021-02-06,1,2,Match 5 plus Bonus,0,1000000.0
2622,2021-02-06,1,3,Match 5,48,1750.0
2622,2021-02-06,1,4,Match 4,4010,140.0
2622,2021-02-06,1,5,Match 3,96039,30.0
2622,2021-02-06,1,6,Match 2,987578,0.0
2623,2021-02-10,1,1,Match 6,0,5167620.0
2623,2021-02-10,1,2,Match 5 plus Bonus,1,1000000.0
2623,2021-02-10,1,3,Match 5,49,1750.0
2623,2021-02-10,1,4,Match 4,3488,140.0
2623,2021-02-10,1,5,Match 3,76056,30.0
2623,2021-02-10,1,6,Match 2,701720,0.0
2624,2021-02-13,1,1,Match 6,0,7459411.0
2624,2021-02-13,1,2,Match 5 plus Bonus,1,1000000.0
2624,2021-02-13,1,3,Match 5,47,1750.0
2624,2021-02-13,1,4,Match 4,3942,140.0
2624,2021-02-13,1,5,Match 3,102834,30.0
2624,2021-02-13,1,6,Match 2,1045158,0.0
2625,2021-02-17,1,1,Match 6,0,8990812.0
2625,2021-02-17,1,2,Match 5 plus Bonus,2,1000000.0
2625,2021-02-17,1,3,Match 5,95,1750.0
2625,2021-02-17,1,4,Match 4,5875,140.0
2625,2021-02-17,1,5,Match 3,115133,30.0
2625,2021-02-17,1,6,Match 2,920372,0.0
2626,2021-02-20,1,1,Match 6,0,11543517.0
2626,2021-02-20,1,2,Match 5 plus Bonus,3,1000000.0
2626,2021-02-20,1,3,Match 5,106,1750.0
2626,2021-02-20,1,4,Match 4,6729,140.0
2626,2021-02-20,1,5,Match 3,147951,30.0
2626,2021-02-20,1,6,Match 2,1326741,0.0
2627,2021-02-24,1,1,Match 6,0,13680714.0
2627,2021-02-24,1,2,Match 5 plus Bonus,2,10000001113480.0
2627,2021-02-24,1,3,Match 5,88,17506048.0
2627,2021-02-24,1,4,Match 4,6521,140221.0
2627,2021-02-24,1,5,Match 3,141613,3075.0
2627,2021-02-24,1,6,Match 2,1223074,5.0
2628,2021-02-27,1,1,Match 6,0,3800000.0
2628,2021-02-27,1,2,Match 5 plus Bonus,2,1000000.0
2628,2021-02-27,1,3,Match 5,55,1750.0
2628,2021-02-27,1,4,Match 4,4846,140.0
2628,2021-02-27,1,5,Match 3,115701,30.0
2628,2021-02-27,1,6,Match 2,1098451,0.0
2629,2021-03-03,1,1,Match 6,0,5250564.0
2629,2021-03-03,1,2,Match 5 plus Bonus,1,1000000.0
2629,2021-03-03,1,3,Match 5,55,1750.0
2629,2021-03-03,1,4,Match 4,3746,140.0
2629,2021-03-03,1,5,Match 3,88462,30.0
2629,2021-03-03,1,6,Match 2,813834,0.0
2630,2021-03-06,1,1,Match 6,0,20000000.0
2630,2021-03-06,1,2,Match 5 plus Bonus,0,10000001000000.0
2630,2021-03-06,1,3,Match 5,89,17509068.0
2630,2021-03-06,1,4,Match 4,5815,140295.0
2630,2021-03-06,1,5,Match 3,144238,30106.0
2630,2021-03-06,1,6,Match 2,1494721,5.0
2631,2021-03-10,1,1,Match 6,0,2000000.0
2631,2021-03-10,1,2,Match 5 plus Bonus,5,1000000.0
2631,2021-03-10,1,3,Match 5,131,1750.0
2631,2021-03-10,1,4,Match 4,6853,140.0
2631,2021-03-10,1,5,Match 3,122184,30.0
2631,2021-03-10,1,6,Match 2,899560,0.0
2632,2021-03-13,1,1,Match 6,1,4334826.0
2632,2021-03-13,1,2,Match 5 plus Bonus,6,1000000.0
2632,2021-03-13,1,3,Match 5,286,1750.0
2632,2021-03-13,1,4,Match 4,13513,140.0
2632,2021-03-13,1,5,Match 3,218783,30.0
2632,2021-03-13,1,6,Match 2,1530930,0.0
2633,2021-03-17,1,1,Match 6,0,2000000.0
2633,2021-03-17,1,2,Match 5 plus Bonus,1,1000000.0
2633,2021-03-17,1,3,Match 5,44,1750.0
2633,2021-03-17,1,4,Match 4,3204,140.0
2633,2021-03-17,1,5,Match 3,80213,30.0
2633,2021-03-17,1,6,Match 2,742925,0.0
2634,2021-03-20,1,1,Match 6,0,4255018.0
2634,2021-03-20,1,2,Match 5 plus Bonus,0,1000000.0
2634,2021-03-20,1,3,Match 5,72,1750.0
2634,2021-03-20,1,4,Match 4,4410,140.0
2634,2021-03-20,1,5,Match 3,110226,30.0
2634,2021-03-20,1,6,Match 2,1063809,0.0
2635,2021-03-24,1,1,Match 6,0,5692601.0
2635,2021-03-24,1,2,Match 5 plus Bonus,1,1000000.0
2635,2021-03-24,1,3,Match 5,30,1750.0
2635,2021-03-24,1,4,Match 4,3450,140.0
2635,2021-03-24,1,5,Match 3,81149,30.0
2635,2021-03-24,1,6,Match 2,782016,0.0
2636,2021-03-27,1,1,Match 6,0,8094876.0
2636,2021-03-27,1,2,Match 5 plus Bonus,2,1000000.0
2636,2021-03-27,1,3,Match 5,185,1750.0
2636,2021-03-27,1,4,Match 4,10227,140.0
2636,2021-03-27,1,5,Match 3,188918,30.0
2636,2021-03-27,1,6,Match 2,1472519,0.0
2637,2021-03-31,1,1,Match 6,0,9704965.0
2637,2021-03-31,1,2,Match 5 plus Bonus,0,1000000.0
2637,2021-03-31,1,3,Match 5,40,1750.0
2637,2021-03-31,1,4,Match 4,2848,140.0
2637,2021-03-31,1,5,Match 3,72559,30.0
2637,2021-03-31,1,6,Match 2,752070,0.0
2638,2021-04-03,1,1,Match 6,1,12523601.0
2638,2021-04-03,1,2,Match 5 plus Bonus,5,1000000.0
2638,2021-04-03,1,3,Match 5,117,1750.0
2638,2021-04-03,1,4,Match 4,7965,140.0
2638,2021-04-03,1,5,Match 3,169094,30.0
2638,2021-04-03,1,6,Match 2,1486554,0.0
2639,2021-04-07,1,1,Match 6,0,2000000.0
2639,2021-04-07,1,2,Match 5 plus Bonus,0,1000000.0
2639,2021-04-07,1,3,Match 5,23,1750.0
2639,2021-04-07,1,4,Match 4,1887,140.0
2639,2021-04-07,1,5,Match 3,45944,30.0
2639,2021-04-07,1,6,Match 2,488997,0.0
2640,2021-04-10,1,1,Match 6,0,4173869.0
2640,2021-04-10,1,2,Match 5 plus Bonus,1,1000000.0
2640,2021-04-10,1,3,Match 5,48,1750.0
2640,2021-04-10,1,4,Match 4,3514,140.0
2640,2021-04-10,1,5,Match 3,89510,30.0
2640,2021-04-10,1,6,Match 2,964404,0.0
2641,2021-04-14,1,1,Match 6,0,5560498.0
2641,2021-04-14,1,2,Match 5 plus Bonus,1,1000000.0
2641,2021-04-14,1,3,Match 5,29,1750.0
2641,2021-04-14,1,4,Match 4,2368,140.0
2641,2021-04-14,1,5,Match 3,61037,30.0
2641,2021-04-14,1,6,Match 2,628718,0.0
2642,2021-04-17,1,1,Match 6,0,7774079.0
2642,2021-04-17,1,2,Match 5 plus Bonus,2,1000000.0
2642,2021-04-17,1,3,Match 5,95,1750.0
2642,2021-04-17,1,4,Match 4,7020,140.0
2642,2021-04-17,1,5,Match 3,154913,30.0
2642,2021-04-17,1,6,Match 2,1347462,0.0
2643,2021-04-21,1,1,Match 6,0,9309773.0
2643,2021-04-21,1,2,Match 5 plus Bonus,0,1000000.0
2643,2021-04-21,1,3,Match 5,36,1750.0
2643,2021-04-21,1,4,Match 4,3497,140.0
2643,2021-04-21,1,5,Match 3,85538,30.0
2643,2021-04-21,1,6,Match 2,798013,0.0
2644,2021-04-24,1,1,Match 6,0,12068332.0
2644,2021-04-24,1,2,Match 5 plus Bonus,3,10000001049669.0
2644,2021-04-24,1,3,Match 5,93,17504420.0
2644,2021-04-24,1,4,Match 4,6393,140194.0
2644,2021-04-24,1,5,Match 3,153274,3057.0
2644,2021-04-24,1,6,Match 2,1420282,5.0
2645,2021-04-28,1,1,Match 6,0,2000000.0
2645,2021-04-28,1,2,Match 5 plus Bonus,0,1000000.0
2645,2021-04-28,1,3,Match 5,29,1750.0
2645,2021-04-28,1,4,Match 4,2214,140.0
2645,2021-04-28,1,5,Match 3,59937,30.0
2645,2021-04-28,1,6,Match 2,631984,0.0
2646,2021-05-01,1,1,Match 6,0,4199425.0
2646,2021-05-01,1,2,Match 5 plus Bonus,3,1000000.0
2646,2021-05-01,1,3,Match 5,58,1750.0
2646,2021-05-01,1,4,Match 4,5159,140.0
2646,2021-05-01,1,5,Match 3,123149,30.0
2646,2021-05-01,1,6,Match 2,1178894,0.0
2647,2021-05-05,1,1,Match 6,0,5641372.0
2647,2021-05-05,1,2,Match 5 plus Bonus,0,1000000.0
2647,2021-05-05,1,3,Match 5,31,1750.0
2647,2021-05-05,1,4,Match 4,2223,140.0
2647,2021-05-05,1,5,Match 3,55814,30.0
2647,2021-05-05,1,6,Match 2,604959,0.0
2648,2021-05-08,1,1,Match 6,0,7965400.0
2648,2021-05-08,1,2,Match 5 plus Bonus,2,1000000.0
2648,2021-05-08,1,3,Match 5,98,1750.0
2648,2021-05-08,1,4,Match 4,7084,140.0
2648,2021-05-08,1,5,Match 3,148503,30.0
2648,2021-05-08,1,6,Match 2,1288054,0.0
2649,2021-05-12,1,1,Match 6,0,9571521.0
2649,2021-05-12,1,2,Match 5 plus Bonus,0,1000000.0
2649,2021-05-12,1,3,Match 5,39,1750.0
2649,2021-05-12,1,4,Match 4,3005,140.0
2649,2021-05-12,1,5,Match 3,73759,30.0
2649,2021-05-12,1,6,Match 2,749376,0.0
2650,2021-05-15,1,1,Match 6,0,12395599.0
2650,2021-05-15,1,2,Match 5 plus Bonus,1,10000001160724.0
2650,2021-05-15,1,3,Match 5,99,17504455.0
2650,2021-05-15,1,4,Match 4,6117,140201.0
2650,2021-05-15,1,5,Match 3,147454,3060.0
2650,2021-05-15,1,6,Match 2,1407626,5.0
2651,2021-05-19,1,1,Match 6,0,2000000.0
2651,2021-05-19,1,2,Match 5 plus Bonus,1,1000000.0
2651,2021-05-19,1,3,Match 5,20,1750.0
2651,2021-05-19,1,4,Match 4,1886,140.0
2651,2021-05-19,1,5,Match 3,44584,30.0
2651,2021-05-19,1,6,Match 2,456912,0.0
2652,2021-05-22,1,1,Match 6,0,20000000.0
2652,2021-05-22,1,2,Match 5 plus Bonus,1,10000001388344.0
2652,2021-05-22,1,3,Match 5,83,17509548.0
2652,2021-05-22,1,4,Match 4,6044,140289.0
2652,2021-05-22,1,5,Match 3,143118,30106.0
2652,2021-05-22,1,6,Match 2,1411035,5.0
2653,2021-05-26,1,1,Match 6,0,2000000.0
2653,2021-05-26,1,2,Match 5 plus Bonus,1,1000000.0
2653,2021-05-26,1,3,Match 5,42,1750.0
2653,2021-05-26,1,4,Match 4,2376,140.0
2653,2021-05-26,1,5,Match 3,56046,30.0
2653,2021-05-26,1,6,Match 2,568351,0.0
2654,2021-05-29,1,1,Match 6,0,4131870.0
2654,2021-05-29,1,2,Match 5 plus Bonus,1,1000000.0
2654,2021-05-29,1,3,Match 5,59,1750.0
2654,2021-05-29,1,4,Match 4,4098,140.0
2654,2021-05-29,1,5,Match 3,102353,30.0
2654,2021-05-29,1,6,Match 2,1014503,0.0
2655,2021-06-02,1,1,Match 6,0,5490597.0
2655,2021-06-02,1,2,Match 5 plus Bonus,1,1000000.0
2655,2021-06-02,1,3,Match 5,27,1750.0
2655,2021-06-02,1,4,Match 4,2171,140.0
2655,2021-06-02,1,5,Match 3,56110,30.0
2655,2021-06-02,1,6,Match 2,601821,0.0
2656,2021-06-05,1,1,Match 6,0,7741908.0
2656,2021-06-05,1,2,Match 5 plus Bonus,2,1000000.0
2656,2021-06-05,1,3,Match 5,54,1750.0
2656,2021-06-05,1,4,Match 4,4573,140.0
2656,2021-06-05,1,5,Match 3,106543,30.0
2656,2021-06-05,1,6,Match 2,1073723,0.0
2657,2021-06-09,1,1,Match 6,0,9279194.0
2657,2021-06-09,1,2,Match 5 plus Bonus,2,1000000.0
2657,2021-06-09,1,3,Match 5,59,1750.0
2657,2021-06-09,1,4,Match 4,3795,140.0
2657,2021-06-09,1,5,Match 3,83838,30.0
2657,2021-06-09,1,6,Match 2,784257,0.0
2658,2021-06-12,1,1,Match 6,0,11966646.0
2658,2021-06-12,1,2,Match 5 plus Bonus,1,10000001135185.0
2658,2021-06-12,1,3,Match 5,113,17503743.0
2658,2021-06-12,1,4,Match 4,7993,140179.0
2658,2021-06-12,1,5,Match 3,174554,3051.0
2658,2021-06-12,1,6,Match 2,1492092,5.0
2659,2021-06-16,1,1,Match 6,1,2000000.0
2659,2021-06-16,1,2,Match 5 plus Bonus,1,1000000.0
2659,2021-06-16,1,3,Match 5,49,1750.0
2659,2021-06-16,1,4,Match 4,2834,140.0
2659,2021-06-16,1,5,Match 3,66166,30.0
2659,2021-06-16,1,6,Match 2,646037,0.0
2660,2021-06-19,1,1,Match 6,0,3800000.0
2660,2021-06-19,1,2,Match 5 plus Bonus,2,1000000.0
2660,2021-06-19,1,3,Match 5,63,1750.0
2660,2021-06-19,1,4,Match 4,4937,140.0
2660,2021-06-19,1,5,Match 3,112841,30.0
2660,2021-06-19,1,6,Match 2,1067879,0.0
2661,2021-06-23,1,1,Match 6,0,5129416.0
2661,2021-06-23,1,2,Match 5 plus Bonus,0,1000000.0
2661,2021-06-23,1,3,Match 5,26,1750.0
2661,2021-06-23,1,4,Match 4,1998,140.0
2661,2021-06-23,1,5,Match 3,53232,30.0
2661,2021-06-23,1,6,Match 2,589216,0.0
2662,2021-06-26,1,1,Match 6,0,7288945.0
2662,2021-06-26,1,2,Match 5 plus Bonus,3,1000000.0
2662,2021-06-26,1,3,Match 5,71,1750.0
2662,2021-06-26,1,4,Match 4,3797,140.0
2662,2021-06-26,1,5,Match 3,91668,30.0
2662,2021-06-26,1,6,Match 2,915818,0.0
2663,2021-06-30,1,1,Match 6,0,8724593.0
2663,2021-06-30,1,2,Match 5 plus Bonus,0,1000000.0
2663,2021-06-30,1,3,Match 5,47,1750.0
2663,2021-06-30,1,4,Match 4,3264,140.0
2663,2021-06-30,1,5,Match 3,73099,30.0
2663,2021-06-30,1,6,Match 2,685374,0.0
2664,2021-07-03,1,1,Match 6,0,11095000.0
2664,2021-07-03,1,2,Match 5 plus Bonus,2,1000000.0
2664,2021-07-03,1,3,Match 5,114,1750.0
2664,2021-07-03,1,4,Match 4,8171,140.0
2664,2021-07-03,1,5,Match 3,164471,30.0
2664,2021-07-03,1,6,Match 2,1365461,0.0
2665,2021-07-07,1,1,Match 6,1,13137760.0
2665,2021-07-07,1,2,Match 5 plus Bonus,0,1000000.0
2665,2021-07-07,1,3,Match 5,80,1750.0
2665,2021-07-07,1,4,Match 4,5243,140.0
2665,2021-07-07,1,5,Match 3,122290,30.0
2665,2021-07-07,1,6,Match 2,1112915,0.0
2666,2021-07-10,1,1,Match 6,0,3800000.0
2666,2021-07-10,1,2,Match 5 plus Bonus,1,1000000.0
2666,2021-07-10,1,3,Match 5,76,1750.0
2666,2021-07-10,1,4,Match 4,5156,140.0
2666,2021-07-10,1,5,Match 3,117545,30.0
2666,2021-07-10,1,6,Match 2,1106902,0.0
2667,2021-07-14,1,1,Match 6,0,5143792.0
2667,2021-07-14,1,2,Match 5 plus Bonus,0,1000000.0
2667,2021-07-14,1,3,Match 5,36,1750.0
2667,2021-07-14,1,4,Match 4,3112,140.0
2667,2021-07-14,1,5,Match 3,72786,30.0
2667,2021-07-14,1,6,Match 2,686466,0.0
2668,2021-07-17,1,1,Match 6,0,20000000.0
2668,2021-07-17,1,2,Match 5 plus Bonus,1,10000001387899.0
2668,2021-07-17,1,3,Match 5,64,175011851.0
2668,2021-07-17,1,4,Match 4,5861,140294.0
2668,2021-07-17,1,5,Match 3,141374,30107.0
2668,2021-07-17,1,6,Match 2,1414003,5.0
2669,2021-07-21,1,1,Match 6,1,2000000.0
2669,2021-07-21,1,2,Match 5 plus Bonus,2,1000000.0
2669,2021-07-21,1,3,Match 5,36,1750.0
2669,2021-07-21,1,4,Match 4,2642,140.0
2669,2021-07-21,1,5,Match 3,64602,30.0
2669,2021-07-21,1,6,Match 2,638174,0.0
2670,2021-07-24,1,1,Match 6,0,3800000.0
2670,2021-07-24,1,2,Match 5 plus Bonus,1,1000000.0
2670,2021-07-24,1,3,Match 5,104,1750.0
2670,2021-07-24,1,4,Match 4,7111,140.0
2670,2021-07-24,1,5,Match 3,149811,30.0
2670,2021-07-24,1,6,Match 2,1232255,0.0
2671,2021-07-28,1,1,Match 6,1,5162779.0
2671,2021-07-28,1,2,Match 5 plus Bonus,2,1000000.0
2671,2021-07-28,1,3,Match 5,27,1750.0
2671,2021-07-28,1,4,Match 4,2453,140.0
2671,2021-07-28,1,5,Match 3,59742,30.0
2671,2021-07-28,1,6,Match 2,618596,0.0
2672,2021-07-31,1,1,Match 6,0,3800000.0
2672,2021-07-31,1,2,Match 5 plus Bonus,1,1000000.0
2672,2021-07-31,1,3,Match 5,60,1750.0
2672,2021-07-31,1,4,Match 4,4182,140.0
2672,2021-07-31,1,5,Match 3,111782,30.0
2672,2021-07-31,1,6,Match 2,1123313,0.0
2673,2021-08-04,1,1,Match 6,0,5158495.0
2673,2021-08-04,1,2,Match 5 plus Bonus,1,1000000.0
2673,2021-08-04,1,3,Match 5,49,1750.0
2673,2021-08-04,1,4,Match 4,3706,140.0
2673,2021-08-04,1,5,Match 3,80280,30.0
2673,2021-08-04,1,6,Match 2,714503,0.0
2674,2021-08-07,1,1,Match 6,0,7357979.0
2674,2021-08-07,1,2,Match 5 plus Bonus,1,1000000.0
2674,2021-08-07,1,3,Match 5,46,1750.0
2674,2021-08-07,1,4,Match 4,3450,140.0
2674,2021-08-07,1,5,Match 3,87774,30.0
2674,2021-08-07,1,6,Match 2,946445,0.0
2675,2021-08-11,1,1,Match 6,0,8817804.0
2675,2021-08-11,1,2,Match 5 plus Bonus,0,1000000.0
2675,2021-08-11,1,3,Match 5,47,1750.0
2675,2021-08-11,1,4,Match 4,2690,140.0
2675,2021-08-11,1,5,Match 3,65467,30.0
2675,2021-08-11,1,6,Match 2,641700,0.0
2676,2021-08-14,1,1,Match 6,1,11165532.0
2676,2021-08-14,1,2,Match 5 plus Bonus,0,1000000.0
2676,2021-08-14,1,3,Match 5,74,1750.0
2676,2021-08-14,1,4,Match 4,5605,140.0
2676,2021-08-14,1,5,Match 3,135328,30.0
2676,2021-08-14,1,6,Match 2,1262188,0.0
2677,2021-08-18,1,1,Match 6,0,2000000.0
2677,2021-08-18,1,2,Match 5 plus Bonus,0,1000000.0
2677,2021-08-18,1,3,Match 5,56,1750.0
2677,2021-08-18,1,4,Match 4,3212,140.0
2677,2021-08-18,1,5,Match 3,76982,30.0
2677,2021-08-18,1,6,Match 2,684775,0.0
2678,2021-08-21,1,1,Match 6,0,4061448.0
2678,2021-08-21,1,2,Match 5 plus Bonus,1,1000000.0
2678,2021-08-21,1,3,Match 5,61,1750.0
2678,2021-08-21,1,4,Match 4,4063,140.0
2678,2021-08-21,1,5,Match 3,105335,30.0
2678,2021-08-21,1,6,Match 2,1070856,0.0
2679,2021-08-25,1,1,Match 6,0,5419064.0
2679,2021-08-25,1,2,Match 5 plus Bonus,1,1000000.0
2679,2021-08-25,1,3,Match 5,27,1750.0
2679,2021-08-25,1,4,Match 4,2193,140.0
2679,2021-08-25,1,5,Match 3,56175,30.0
2679,2021-08-25,1,6,Match 2,607973,0.0
2680,2021-08-28,1,1,Match 6,0,7596828.0
2680,2021-08-28,1,2,Match 5 plus Bonus,1,1000000.0
2680,2021-08-28,1,3,Match 5,39,1750.0
2680,2021-08-28,1,4,Match 4,3161,140.0
2680,2021-08-28,1,5,Match 3,81006,30.0
2680,2021-08-28,1,6,Match 2,876097,0.0
2681,2021-09-01,1,1,Match 6,0,9079487.0
2681,2021-09-01,1,2,Match 5 plus Bonus,0,1000000.0
2681,2021-09-01,1,3,Match 5,82,1750.0
2681,2021-09-01,1,4,Match 4,4041,140.0
2681,2021-09-01,1,5,Match 3,92076,30.0
2681,2021-09-01,1,6,Match 2,796360,0.0
2682,2021-09-04,1,1,Match 6,0,20000000.0
2682,2021-09-04,1,2,Match 5 plus Bonus,2,10000001187129.0
2682,2021-09-04,1,3,Match 5,100,17507987.0
2682,2021-09-04,1,4,Match 4,6710,140270.0
2682,2021-09-04,1,5,Match 3,158877,3096.0
2682,2021-09-04,1,6,Match 2,1504946,5.0
2683,2021-09-08,1,1,Match 6,0,2000000.0
2683,2021-09-08,1,2,Match 5 plus Bonus,1,1000000.0
2683,2021-09-08,1,3,Match 5,32,1750.0
2683,2021-09-08,1,4,Match 4,2767,140.0
2683,2021-09-08,1,5,Match 3,70199,30.0
2683,2021-09-08,1,6,Match 2,713931,0.0
2684,2021-09-11,1,1,Match 6,0,4079277.0
2684,2021-09-11,1,2,Match 5 plus Bonus,1,1000000.0
2684,2021-09-11,1,3,Match 5,43,1750.0
2684,2021-09-11,1,4,Match 4,3313,140.0
2684,2021-09-11,1,5,Match 3,85207,30.0
2684,2021-09-11,1,6,Match 2,888340,0.0
2685,2021-09-15,1,1,Match 6,0,5383627.0
2685,2021-09-15,1,2,Match 5 plus Bonus,2,1000000.0
2685,2021-09-15,1,3,Match 5,36,1750.0
2685,2021-09-15,1,4,Match 4,2636,140.0
2685,2021-09-15,1,5,Match 3,66443,30.0
2685,2021-09-15,1,6,Match 2,668165,0.0
2686,2021-09-18,1,1,Match 6,0,15000000.0
2686,2021-09-18,1,2,Match 5 plus Bonus,0,10000001000000.0
2686,2021-09-18,1,3,Match 5,67,17509017.0
2686,2021-09-18,1,4,Match 4,4346,140295.0
2686,2021-09-18,1,5,Match 3,109249,30105.0
2686,2021-09-18,1,6,Match 2,1127293,5.0
2687,2021-09-22,1,1,Match 6,0,2000000.0
2687,2021-09-22,1,2,Match 5 plus Bonus,0,1000000.0
2687,2021-09-22,1,3,Match 5,34,1750.0
2687,2021-09-22,1,4,Match 4,2697,140.0
2687,2021-09-22,1,5,Match 3,62618,30.0
2687,2021-09-22,1,6,Match 2,590589,0.0
2688,2021-09-25,1,1,Match 6,0,4048514.0
2688,2021-09-25,1,2,Match 5 plus Bonus,1,1000000.0
2688,2021-09-25,1,3,Match 5,48,1750.0
2688,2021-09-25,1,4,Match 4,3257,140.0
2688,2021-09-25,1,5,Match 3,83797,30.0
2688,2021-09-25,1,6,Match 2,919153,0.0
2689,2021-09-29,1,1,Match 6,0,5370436.0
2689,2021-09-29,1,2,Match 5 plus Bonus,3,1000000.0
2689,2021-09-29,1,3,Match 5,31,1750.0
2689,2021-09-29,1,4,Match 4,2491,140.0
2689,2021-09-29,1,5,Match 3,62903,30.0
2689,2021-09-29,1,6,Match 2,634691,0.0
2690,2021-10-02,1,1,Match 6,0,7569060.0
2690,2021-10-02,1,2,Match 5 plus Bonus,2,1000000.0
2690,2021-10-02,1,3,Match 5,63,1750.0
2690,2021-10-02,1,4,Match 4,3563,140.0
2690,2021-10-02,1,5,Match 3,79974,30.0
2690,2021-10-02,1,6,Match 2,847664,0.0
2691,2021-10-06,1,1,Match 6,0,9052462.0
2691,2021-10-06,1,2,Match 5 plus Bonus,0,1000000.0
2691,2021-10-06,1,3,Match 5,66,1750.0
2691,2021-10-06,1,4,Match 4,4754,140.0
2691,2021-10-06,1,5,Match 3,99709,30.0
2691,2021-10-06,1,6,Match 2,833777,0.0
2692,2021-10-09,1,1,Match 6,0,11836281.0
2692,2021-10-09,1,2,Match 5 plus Bonus,2,10000001079249.0
2692,2021-10-09,1,3,Match 5,75,17505272.0
2692,2021-10-09,1,4,Match 4,5197,140211.0
2692,2021-10-09,1,5,Match 3,129690,3064.0
2692,2021-10-09,1,6,Match 2,1310596,5.0
2693,2021-10-13,1,1,Match 6,1,2000000.0
2693,2021-10-13,1,2,Match 5 plus Bonus,0,1000000.0
2693,2021-10-13,1,3,Match 5,39,1750.0
2693,2021-10-13,1,4,Match 4,3438,140.0
2693,2021-10-13,1,5,Match 3,82708,30.0
2693,2021-10-13,1,6,Match 2,729106,0.0
2694,2021-10-16,1,1,Match 6,0,3800000.0
2694,2021-10-16,1,2,Match 5 plus Bonus,3,1000000.0
2694,2021-10-16,1,3,Match 5,71,1750.0
2694,2021-10-16,1,4,Match 4,4679,140.0
2694,2021-10-16,1,5,Match 3,113717,30.0
2694,2021-10-16,1,6,Match 2,1076951,0.0
2695,2021-10-20,1,1,Match 6,0,5107865.0
2695,2021-10-20,1,2,Match 5 plus Bonus,2,1000000.0
2695,2021-10-20,1,3,Match 5,78,1750.0
2695,2021-10-20,1,4,Match 4,3541,140.0
2695,2021-10-20,1,5,Match 3,73893,30.0
2695,2021-10-20,1,6,Match 2,667064,0.0
2696,2021-10-23,1,1,Match 6,0,7265148.0
2696,2021-10-23,1,2,Match 5 plus Bonus,1,1000000.0
2696,2021-10-23,1,3,Match 5,141,1750.0
2696,2021-10-23,1,4,Match 4,8093,140.0
2696,2021-10-23,1,5,Match 3,159282,30.0
2696,2021-10-23,1,6,Match 2,1290543,0.0
2697,2021-10-27,1,1,Match 6,0,8714754.0
2697,2021-10-27,1,2,Match 5 plus Bonus,0,1000000.0
2697,2021-10-27,1,3,Match 5,48,1750.0
2697,2021-10-27,1,4,Match 4,3120,140.0
2697,2021-10-27,1,5,Match 3,75886,30.0
2697,2021-10-27,1,6,Match 2,730606,0.0
2698,2021-10-30,1,1,Match 6,1,11042269.0
2698,2021-10-30,1,2,Match 5 plus Bonus,0,1000000.0
2698,2021-10-30,1,3,Match 5,53,1750.0
2698,2021-10-30,1,4,Match 4,3622,140.0
2698,2021-10-30,1,5,Match 3,89452,30.0
2698,2021-10-30,1,6,Match 2,962428,0.0
2699,2021-11-03,1,1,Match 6,0,2000000.0
2699,2021-11-03,1,2,Match 5 plus Bonus,2,1000000.0
2699,2021-11-03,1,3,Match 5,28,1750.0
2699,2021-11-03,1,4,Match 4,1890,140.0
2699,2021-11-03,1,5,Match 3,49683,30.0
2699,2021-11-03,1,6,Match 2,530020,0.0
2700,2021-11-06,1,1,Match 6,0,20000000.0
2700,2021-11-06,1,2,Match 5 plus Bonus,7,10000001050578.0
2700,2021-11-06,1,3,Match 5,156,17505532.0
2700,2021-11-06,1,4,Match 4,9544,140226.0
2700,2021-11-06,1,5,Match 3,196450,3081.0
2700,2021-11-06,1,6,Match 2,1639664,5.0
2701,2021-11-10,1,1,Match 6,0,2000000.0
2701,2021-11-10,1,2,Match 5 plus Bonus,2,1000000.0
2701,2021-11-10,1,3,Match 5,65,1750.0
2701,2021-11-10,1,4,Match 4,3655,140.0
2701,2021-11-10,1,5,Match 3,83465,30.0
2701,2021-11-10,1,6,Match 2,748328,0.0
2702,2021-11-13,1,1,Match 6,1,4101869.0
2702,2021-11-13,1,2,Match 5 plus Bonus,1,1000000.0
2702,2021-11-13,1,3,Match 5,54,1750.0
2702,2021-11-13,1,4,Match 4,4062,140.0
2702,2021-11-13,1,5,Match 3,105794,30.0
2702,2021-11-13,1,6,Match 2,1043670,0.0
2703,2021-11-17,1,1,Match 6,0,2000000.0
2703,2021-11-17,1,2,Match 5 plus Bonus,1,1000000.0
2703,2021-11-17,1,3,Match 5,29,1750.0
2703,2021-11-17,1,4,Match 4,2078,140.0
2703,2021-11-17,1,5,Match 3,50233,30.0
2703,2021-11-17,1,6,Match 2,522343,0.0
2704,2021-11-20,1,1,Match 6,1,4026102.0
2704,2021-11-20,1,2,Match 5 plus Bonus,1,1000000.0
2704,2021-11-20,1,3,Match 5,44,1750.0
2704,2021-11-20,1,4,Match 4,3151,140.0
2704,2021-11-20,1,5,Match 3,86438,30.0
2704,2021-11-20,1,6,Match 2,929370,0.0
2705,2021-11-24,1,1,Match 6,0,2000000.0
2705,2021-11-24,1,2,Match 5 plus Bonus,0,1000000.0
2705,2021-11-24,1,3,Match 5,100,1750.0
2705,2021-11-24,1,4,Match 4,5262,140.0
2705,2021-11-24,1,5,Match 3,97772,30.0
2705,2021-11-24,1,6,Match 2,749799,0.0
2706,2021-11-27,1,1,Match 6,0,4015362.0
2706,2021-11-27,1,2,Match 5 plus Bonus,4,1000000.0
2706,2021-11-27,1,3,Match 5,83,1750.0
2706,2021-11-27,1,4,Match 4,5971,140.0
2706,2021-11-27,1,5,Match 3,132061,30.0
2706,2021-11-27,1,6,Match 2,1141855,0.0
2707,2021-12-01,1,1,Match 6,0,5364290.0
2707,2021-12-01,1,2,Match 5 plus Bonus,0,1000000.0
2707,2021-12-01,1,3,Match 5,40,1750.0
2707,2021-12-01,1,4,Match 4,2889,140.0
2707,2021-12-01,1,5,Match 3,76194,30.0
2707,2021-12-01,1,6,Match 2,740623,0.0
2708,2021-12-04,1,1,Match 6,0,7547238.0
2708,2021-12-04,1,2,Match 5 plus Bonus,1,1000000.0
2708,2021-12-04,1,3,Match 5,81,1750.0
2708,2021-12-04,1,4,Match 4,5400,140.0
2708,2021-12-04,1,5,Match 3,126589,30.0
2708,2021-12-04,1,6,Match 2,1146610,0.0
2709,2021-12-08,1,1,Match 6,0,9035615.0
2709,2021-12-08,1,2,Match 5 plus Bonus,2,1000000.0
2709,2021-12-08,1,3,Match 5,39,1750.0
2709,2021-12-08,1,4,Match 4,2247,140.0
2709,2021-12-08,1,5,Match 3,58982,30.0
2709,2021-12-08,1,6,Match 2,636176,0.0
2710,2021-12-11,1,1,Match 6,0,11704275.0
2710,2021-12-11,1,2,Match 5 plus Bonus,2,10000001063516.0
2710,2021-12-11,1,3,Match 5,102,17503825.0
2710,2021-12-11,1,4,Match 4,7445,140179.0
2710,2021-12-11,1,5,Match 3,169164,3051.0
2710,2021-12-11,1,6,Match 2,1493973,5.0
2711,2021-12-15,1,1,Match 6,0,2000000.0
2711,2021-12-15,1,2,Match 5 plus Bonus,0,1000000.0
2711,2021-12-15,1,3,Match 5,97,1750.0
2711,2021-12-15,1,4,Match 4,4735,140.0
2711,2021-12-15,1,5,Match 3,91270,30.0
2711,2021-12-15,1,6,Match 2,747947,0.0
2712,2021-12-18,1,1,Match 6,0,4082078.0
2712,2021-12-18,1,2,Match 5 plus Bonus,0,1000000.0
2712,2021-12-18,1,3,Match 5,51,1750.0
2712,2021-12-18,1,4,Match 4,3833,140.0
2712,2021-12-18,1,5,Match 3,96157,30.0
2712,2021-12-18,1,6,Match 2,963618,0.0
2713,2021-12-22,1,1,Match 6,0,5472566.0
2713,2021-12-22,1,2,Match 5 plus Bonus,0,1000000.0
2713,2021-12-22,1,3,Match 5,16,1750.0
2713,2021-12-22,1,4,Match 4,2952,140.0
2713,2021-12-22,1,5,Match 3,71226,30.0
2713,2021-12-22,1,6,Match 2,696296,0.0
2714,2021-12-25,1,1,Match 6,0,15000000.0
2714,2021-12-25,1,2,Match 5 plus Bonus,1,10000001192535.0
2714,2021-12-25,1,3,Match 5,113,17504589.0
2714,2021-12-25,1,4,Match 4,7246,140201.0
2714,2021-12-25,1,5,Match 3,177567,3060.0
2714,2021-12-25,1,6,Match 2,1716432,5.0
2715,2021-12-29,1,1,Match 6,0,2000000.0
2715,2021-12-29,1,2,Match 5 plus Bonus,1,1000000.0
2715,2021-12-29,1,3,Match 5,33,1750.0
2715,2021-12-29,1,4,Match 4,2566,140.0
2715,2021-12-29,1,5,Match 3,64470,30.0
2715,2021-12-29,1,6,Match 2,651894,0.0
2716,2022-01-01,1,1,Match 6,0,4201355.0
2716,2022-01-01,1,2,Match 5 plus Bonus,0,1000000.0
2716,2022-01-01,1,3,Match 5,62,1750.0
2716,2022-01-01,1,4,Match 4,3787,140.0
2716,2022-01-01,1,5,Match 3,94603,30.0
2716,2022-01-01,1,6,Match 2,965127,0.0
2717,2022-01-05,1,1,Match 6,0,5544411.0
2717,2022-01-05,1,2,Match 5 plus Bonus,0,1000000.0
2717,2022-01-05,1,3,Match 5,38,1750.0
2717,2022-01-05,1,4,Match 4,2678,140.0
2717,2022-01-05,1,5,Match 3,69218,30.0
2717,2022-01-05,1,6,Match 2,690679,0.0
2718,2022-01-08,1,1,Match 6,0,7776811.0
2718,2022-01-08,1,2,Match 5 plus Bonus,2,1000000.0
2718,2022-01-08,1,3,Match 5,60,1750.0
2718,2022-01-08,1,4,Match 4,4546,140.0
2718,2022-01-08,1,5,Match 3,107707,30.0
2718,2022-01-08,1,6,Match 2,1066670,0.0
2719,2022-01-12,1,1,Match 6,0,9311761.0
2719,2022-01-12,1,2,Match 5 plus Bonus,0,1000000.0
2719,2022-01-12,1,3,Match 5,33,1750.0
2719,2022-01-12,1,4,Match 4,2418,140.0
2719,2022-01-12,1,5,Match 3,60019,30.0
2719,2022-01-12,1,6,Match 2,641236,0.0
2720,2022-01-15,1,1,Match 6,0,12070921.0
2720,2022-01-15,1,2,Match 5 plus Bonus,1,10000001148447.0
2720,2022-01-15,1,3,Match 5,96,17504327.0
2720,2022-01-15,1,4,Match 4,7166,140188.0
2720,2022-01-15,1,5,Match 3,153938,3057.0
2720,2022-01-15,1,6,Match 2,1424534,5.0
2721,2022-01-19,1,1,Match 6,0,2000000.0
2721,2022-01-19,1,2,Match 5 plus Bonus,0,1000000.0
2721,2022-01-19,1,3,Match 5,29,1750.0
2721,2022-01-19,1,4,Match 4,1808,140.0
2721,2022-01-19,1,5,Match 3,45402,30.0
2721,2022-01-19,1,6,Match 2,508193,0.0
2722,2022-01-22,1,1,Match 6,0,4086582.0
2722,2022-01-22,1,2,Match 5 plus Bonus,1,1000000.0
2722,2022-01-22,1,3,Match 5,58,1750.0
2722,2022-01-22,1,4,Match 4,3488,140.0
2722,2022-01-22,1,5,Match 3,88379,30.0
2722,2022-01-22,1,6,Match 2,926823,0.0
2723,2022-01-26,1,1,Match 6,0,5382068.0
2723,2022-01-26,1,2,Match 5 plus Bonus,0,1000000.0
2723,2022-01-26,1,3,Match 5,18,1750.0
2723,2022-01-26,1,4,Match 4,1859,140.0
2723,2022-01-26,1,5,Match 3,45122,30.0
2723,2022-01-26,1,6,Match 2,496649,0.0
2724,2022-01-29,1,1,Match 6,0,7592322.0
2724,2022-01-29,1,2,Match 5 plus Bonus,3,1000000.0
2724,2022-01-29,1,3,Match 5,67,1750.0
2724,2022-01-29,1,4,Match 4,4114,140.0
2724,2022-01-29,1,5,Match 3,98449,30.0
2724,2022-01-29,1,6,Match 2,1010915,0.0
2725,2022-02-02,1,1,Match 6,0,9091892.0
2725,2022-02-02,1,2,Match 5 plus Bonus,1,1000000.0
2725,2022-02-02,1,3,Match 5,32,1750.0
2725,2022-02-02,1,4,Match 4,2392,140.0
2725,2022-02-02,1,5,Match 3,62623,30.0
2725,2022-02-02,1,6,Match 2,659330,0.0
2726,2022-02-05,1,1,Match 6,0,11847859.0
2726,2022-02-05,1,2,Match 5 plus Bonus,1,10000001166910.0
2726,2022-02-05,1,3,Match 5,66,17505964.0
2726,2022-02-05,1,4,Match 4,5237,140214.0
2726,2022-02-05,1,5,Match 3,127812,3067.0
2726,2022-02-05,1,6,Match 2,1256836,5.0
2727,2022-02-09,1,1,Match 6,0,2000000.0
2727,2022-02-09,1,2,Match 5 plus Bonus,0,1000000.0
2727,2022-02-09,1,3,Match 5,27,1750.0
2727,2022-02-09,1,4,Match 4,1949,140.0
2727,2022-02-09,1,5,Match 3,51227,30.0
2727,2022-02-09,1,6,Match 2,568844,0.0
2728,2022-02-12,1,1,Match 6,0,4081142.0
2728,2022-02-12,1,2,Match 5 plus Bonus,2,1000000.0
2728,2022-02-12,1,3,Match 5,54,1750.0
2728,2022-02-12,1,4,Match 4,4773,140.0
2728,2022-02-12,1,5,Match 3,114236,30.0
2728,2022-02-12,1,6,Match 2,1079929,0.0
2729,2022-02-16,1,1,Match 6,0,5408920.0
2729,2022-02-16,1,2,Match 5 plus Bonus,0,1000000.0
2729,2022-02-16,1,3,Match 5,24,1750.0
2729,2022-02-16,1,4,Match 4,1951,140.0
2729,2022-02-16,1,5,Match 3,47272,30.0
2729,2022-02-16,1,6,Match 2,518875,0.0
2730,2022-02-19,1,1,Match 6,0,7576468.0
2730,2022-02-19,1,2,Match 5 plus Bonus,1,1000000.0
2730,2022-02-19,1,3,Match 5,54,1750.0
2730,2022-02-19,1,4,Match 4,3007,140.0
2730,2022-02-19,1,5,Match 3,73876,30.0
2730,2022-02-19,1,6,Match 2,791494,0.0
2731,2022-02-23,1,1,Match 6,0,9021342.0
2731,2022-02-23,1,2,Match 5 plus Bonus,0,1000000.0
2731,2022-02-23,1,3,Match 5,37,1750.0
2731,2022-02-23,1,4,Match 4,3513,140.0
2731,2022-02-23,1,5,Match 3,87607,30.0
2731,2022-02-23,1,6,Match 2,811609,0.0
2732,2022-02-26,1,1,Match 6,0,11812605.0
2732,2022-02-26,1,2,Match 5 plus Bonus,3,10000001048965.0
2732,2022-02-26,1,3,Match 5,83,17504699.0
2732,2022-02-26,1,4,Match 4,6102,140196.0
2732,2022-02-26,1,5,Match 3,141830,3059.0
2732,2022-02-26,1,6,Match 2,1383215,5.0
2733,2022-03-02,1,1,Match 6,0,2000000.0
2733,2022-03-02,1,2,Match 5 plus Bonus,1,1000000.0
2733,2022-03-02,1,3,Match 5,37,1750.0
2733,2022-03-02,1,4,Match 4,1892,140.0
2733,2022-03-02,1,5,Match 3,42237,30.0
2733,2022-03-02,1,6,Match 2,440821,0.0
2734,2022-03-05,1,1,Match 6,0,20000000.0
2734,2022-03-05,1,2,Match 5 plus Bonus,1,10000001370656.0
2734,2022-03-05,1,3,Match 5,91,17508538.0
2734,2022-03-05,1,4,Match 4,6785,140267.0
2734,2022-03-05,1,5,Match 3,157454,3096.0
2734,2022-03-05,1,6,Match 2,1528956,5.0
2735,2022-03-09,1,1,Match 6,0,2000000.0
2735,2022-03-09,1,2,Match 5 plus Bonus,1,1000000.0
2735,2022-03-09,1,3,Match 5,64,1750.0
2735,2022-03-09,1,4,Match 4,3578,140.0
2735,2022-03-09,1,5,Match 3,76485,30.0
2735,2022-03-09,1,6,Match 2,694904,0.0
2736,2022-03-12,1,1,Match 6,2,2055575.0
2736,2022-03-12,1,2,Match 5 plus Bonus,4,1000000.0
2736,2022-03-12,1,3,Match 5,218,1750.0
2736,2022-03-12,1,4,Match 4,10049,140.0
2736,2022-03-12,1,5,Match 3,171188,30.0
2736,2022-03-12,1,6,Match 2,1295232,0.0
2737,2022-03-16,1,1,Match 6,0,2000000.0
2737,2022-03-16,1,2,Match 5 plus Bonus,1,1000000.0
2737,2022-03-16,1,3,Match 5,29,1750.0
2737,2022-03-16,1,4,Match 4,2438,140.0
2737,2022-03-16,1,5,Match 3,62429,30.0
2737,2022-03-16,1,6,Match 2,624050,0.0
2738,2022-03-19,1,1,Match 6,0,4045045.0
2738,2022-03-19,1,2,Match 5 plus Bonus,0,1000000.0
2738,2022-03-19,1,3,Match 5,37,1750.0
2738,2022-03-19,1,4,Match 4,2905,140.0
2738,2022-03-19,1,5,Match 3,72634,30.0
2738,2022-03-19,1,6,Match 2,795326,0.0
2739,2022-03-23,1,1,Match 6,0,5335985.0
2739,2022-03-23,1,2,Match 5 plus Bonus,1,1000000.0
2739,2022-03-23,1,3,Match 5,26,1750.0
2739,2022-03-23,1,4,Match 4,1910,140.0
2739,2022-03-23,1,5,Match 3,51136,30.0
2739,2022-03-23,1,6,Match 2,563143,0.0
2740,2022-03-26,1,1,Match 6,0,7495306.0
2740,2022-03-26,1,2,Match 5 plus Bonus,0,1000000.0
2740,2022-03-26,1,3,Match 5,61,1750.0
2740,2022-03-26,1,4,Match 4,4618,140.0
2740,2022-03-26,1,5,Match 3,105623,30.0
2740,2022-03-26,1,6,Match 2,1031526,0.0
2741,2022-03-30,1,1,Match 6,0,8944842.0
2741,2022-03-30,1,2,Match 5 plus Bonus,0,1000000.0
2741,2022-03-30,1,3,Match 5,45,1750.0
2741,2022-03-30,1,4,Match 4,3240,140.0
2741,2022-03-30,1,5,Match 3,85398,30.0
2741,2022-03-30,1,6,Match 2,819844,0.0
2742,2022-04-02,1,1,Match 6,0,11698558.0
2742,2022-04-02,1,2,Match 5 plus Bonus,0,10000001000000.0
2742,2022-04-02,1,3,Match 5,64,17506079.0
2742,2022-04-02,1,4,Match 4,4855,140219.0
2742,2022-04-02,1,5,Match 3,123261,3067.0
2742,2022-04-02,1,6,Match 2,1273898,5.0
2743,2022-04-06,1,1,Match 6,0,2000000.0
2743,2022-04-06,1,2,Match 5 plus Bonus,0,1000000.0
2743,2022-04-06,1,3,Match 5,85,1750.0
2743,2022-04-06,1,4,Match 4,4987,140.0
2743,2022-04-06,1,5,Match 3,95343,30.0
2743,2022-04-06,1,6,Match 2,751364,0.0
2744,2022-04-09,1,1,Match 6,0,4033737.0
2744,2022-04-09,1,2,Match 5 plus Bonus,1,1000000.0
2744,2022-04-09,1,3,Match 5,74,1750.0
2744,2022-04-09,1,4,Match 4,5027,140.0
2744,2022-04-09,1,5,Match 3,123296,30.0
2744,2022-04-09,1,6,Match 2,1131290,0.0
2745,2022-04-13,1,1,Match 6,1,5355727.0
2745,2022-04-13,1,2,Match 5 plus Bonus,1,1000000.0
2745,2022-04-13,1,3,Match 5,66,1750.0
2745,2022-04-13,1,4,Match 4,4297,140.0
2745,2022-04-13,1,5,Match 3,83409,30.0
2745,2022-04-13,1,6,Match 2,725601,0.0
2746,2022-04-16,1,1,Match 6,0,3800000.0
2746,2022-04-16,1,2,Match 5 plus Bonus,2,1000000.0
2746,2022-04-16,1,3,Match 5,55,1750.0
2746,2022-04-16,1,4,Match 4,3122,140.0
2746,2022-04-16,1,5,Match 3,87690,30.0
2746,2022-04-16,1,6,Match 2,916558,0.0
2747,2022-04-20,1,1,Match 6,0,5021487.0
2747,2022-04-20,1,2,Match 5 plus Bonus,0,1000000.0
2747,2022-04-20,1,3,Match 5,30,1750.0
2747,2022-04-20,1,4,Match 4,2155,140.0
2747,2022-04-20,1,5,Match 3,56290,30.0
2747,2022-04-20,1,6,Match 2,582868,0.0
2748,2022-04-23,1,1,Match 6,0,7112555.0
2748,2022-04-23,1,2,Match 5 plus Bonus,1,1000000.0
2748,2022-04-23,1,3,Match 5,79,1750.0
2748,2022-04-23,1,4,Match 4,5431,140.0
2748,2022-04-23,1,5,Match 3,123298,30.0
2748,2022-04-23,1,6,Match 2,1124479,0.0
2749,2022-04-27,1,1,Match 6,1,8525949.0
2749,2022-04-27,1,2,Match 5 plus Bonus,0,1000000.0
2749,2022-04-27,1,3,Match 5,26,1750.0
2749,2022-04-27,1,4,Match 4,2185,140.0
2749,2022-04-27,1,5,Match 3,54004,30.0
2749,2022-04-27,1,6,Match 2,582260,0.0
2750,2022-04-30,1,1,Match 6,0,3800000.0
2750,2022-04-30,1,2,Match 5 plus Bonus,2,1000000.0
2750,2022-04-30,1,3,Match 5,34,1750.0
2750,2022-04-30,1,4,Match 4,2954,140.0
2750,2022-04-30,1,5,Match 3,77683,30.0
2750,2022-04-30,1,6,Match 2,833191,0.0
2751,2022-05-04,1,1,Match 6,0,5036668.0
2751,2022-05-04,1,2,Match 5 plus Bonus,0,1000000.0
2751,2022-05-04,1,3,Match 5,31,1750.0
2751,2022-05-04,1,4,Match 4,1744,140.0
2751,2022-05-04,1,5,Match 3,47652,30.0
2751,2022-05-04,1,6,Match 2,517984,0.0
2752,2022-05-07,1,1,Match 6,0,7120907.0
2752,2022-05-07,1,2,Match 5 plus Bonus,3,1000000.0
2752,2022-05-07,1,3,Match 5,84,1750.0
2752,2022-05-07,1,4,Match 4,6291,140.0
2752,2022-05-07,1,5,Match 3,143621,30.0
2752,2022-05-07,1,6,Match 2,1219757,0.0
2753,2022-05-11,1,1,Match 6,1,8606092.0
2753,2022-05-11,1,2,Match 5 plus Bonus,0,1000000.0
2753,2022-05-11,1,3,Match 5,32,1750.0
2753,2022-05-11,1,4,Match 4,2554,140.0
2753,2022-05-11,1,5,Match 3,61838,30.0
2753,2022-05-11,1,6,Match 2,632916,0.0
2754,2022-05-14,1,1,Match 6,0,3800000.0
2754,2022-05-14,1,2,Match 5 plus Bonus,1,1000000.0
2754,2022-05-14,1,3,Match 5,46,1750.0
2754,2022-05-14,1,4,Match 4,4038,140.0
2754,2022-05-14,1,5,Match 3,100532,30.0
2754,2022-05-14,1,6,Match 2,987329,0.0
2755,2022-05-18,1,1,Match 6,0,5055480.0
2755,2022-05-18,1,2,Match 5 plus Bonus,3,1000000.0
2755,2022-05-18,1,3,Match 5,35,1750.0
2755,2022-05-18,1,4,Match 4,2160,140.0
2755,2022-05-18,1,5,Match 3,52720,30.0
2755,2022-05-18,1,6,Match 2,542841,0.0
2756,2022-05-21,1,1,Match 6,0,7177782.0
2756,2022-05-21,1,2,Match 5 plus Bonus,2,1000000.0
2756,2022-05-21,1,3,Match 5,55,1750.0
2756,2022-05-21,1,4,Match 4,3653,140.0
2756,2022-05-21,1,5,Match 3,85699,30.0
2756,2022-05-21,1,6,Match 2,892818,0.0
2757,2022-05-25,1,1,Match 6,1,8576335.0
2757,2022-05-25,1,2,Match 5 plus Bonus,0,1000000.0
2757,2022-05-25,1,3,Match 5,23,1750.0
2757,2022-05-25,1,4,Match 4,2152,140.0
2757,2022-05-25,1,5,Match 3,53126,30.0
2757,2022-05-25,1,6,Match 2,573974,0.0
2758,2022-05-28,1,1,Match 6,1,3800000.0
2758,2022-05-28,1,2,Match 5 plus Bonus,5,1000000.0
2758,2022-05-28,1,3,Match 5,70,1750.0
2758,2022-05-28,1,4,Match 4,4675,140.0
2758,2022-05-28,1,5,Match 3,109476,30.0
2758,2022-05-28,1,6,Match 2,1024190,0.0
2759,2022-06-01,1,1,Match 6,0,2000000.0
2759,2022-06-01,1,2,Match 5 plus Bonus,0,1000000.0
2759,2022-06-01,1,3,Match 5,55,1750.0
2759,2022-06-01,1,4,Match 4,3393,140.0
2759,2022-06-01,1,5,Match 3,80072,30.0
2759,2022-06-01,1,6,Match 2,705892,0.0
2760,2022-06-04,1,1,Match 6,1,20000000.0
2760,2022-06-04,1,2,Match 5 plus Bonus,3,1000000.0
2760,2022-06-04,1,3,Match 5,78,1750.0
2760,2022-06-04,1,4,Match 4,6101,140.0
2760,2022-06-04,1,5,Match 3,148190,30.0
2760,2022-06-04,1,6,Match 2,1499059,0.0
2761,2022-06-08,1,1,Match 6,0,2000000.0
2761,2022-06-08,1,2,Match 5 plus Bonus,1,1000000.0
2761,2022-06-08,1,3,Match 5,24,1750.0
2761,2022-06-08,1,4,Match 4,3047,140.0
2761,2022-06-08,1,5,Match 3,57845,30.0
2761,2022-06-08,1,6,Match 2,592352,0.0
2762,2022-06-11,1,1,Match 6,0,4026408.0
2762,2022-06-11,1,2,Match 5 plus Bonus,1,1000000.0
2762,2022-06-11,1,3,Match 5,42,1750.0
2762,2022-06-11,1,4,Match 4,2786,140.0
2762,2022-06-11,1,5,Match 3,70768,30.0
2762,2022-06-11,1,6,Match 2,781536,0.0
2763,2022-06-15,1,1,Match 6,0,5295297.0
2763,2022-06-15,1,2,Match 5 plus Bonus,0,1000000.0
2763,2022-06-15,1,3,Match 5,33,1750.0
2763,2022-06-15,1,4,Match 4,2246,140.0
2763,2022-06-15,1,5,Match 3,54269,30.0
2763,2022-06-15,1,6,Match 2,560798,0.0
2764,2022-06-18,1,1,Match 6,1,7440150.0
2764,2022-06-18,1,2,Match 5 plus Bonus,0,1000000.0
2764,2022-06-18,1,3,Match 5,63,1750.0
2764,2022-06-18,1,4,Match 4,4073,140.0
2764,2022-06-18,1,5,Match 3,98942,30.0
2764,2022-06-18,1,6,Match 2,998263,0.0
2765,2022-06-22,1,1,Match 6,0,2000000.0
2765,2022-06-22,1,2,Match 5 plus Bonus,0,1000000.0
2765,2022-06-22,1,3,Match 5,18,1750.0
2765,2022-06-22,1,4,Match 4,1734,140.0
2765,2022-06-22,1,5,Match 3,45461,30.0
2765,2022-06-22,1,6,Match 2,475758,0.0
2766,2022-06-25,1,1,Match 6,1,3965089.0
2766,2022-06-25,1,2,Match 5 plus Bonus,1,1000000.0
2766,2022-06-25,1,3,Match 5,62,1750.0
2766,2022-06-25,1,4,Match 4,5013,140.0
2766,2022-06-25,1,5,Match 3,109321,30.0
2766,2022-06-25,1,6,Match 2,978098,0.0
2767,2022-06-29,1,1,Match 6,0,2000000.0
2767,2022-06-29,1,2,Match 5 plus Bonus,0,1000000.0
2767,2022-06-29,1,3,Match 5,34,1750.0
2767,2022-06-29,1,4,Match 4,2858,140.0
2767,2022-06-29,1,5,Match 3,66185,30.0
2767,2022-06-29,1,6,Match 2,624668,0.0
2768,2022-07-02,1,1,Match 6,0,4007421.0
2768,2022-07-02,1,2,Match 5 plus Bonus,1,1000000.0
2768,2022-07-02,1,3,Match 5,47,1750.0
2768,2022-07-02,1,4,Match 4,5664,140.0
2768,2022-07-02,1,5,Match 3,98322,30.0
2768,2022-07-02,1,6,Match 2,948850,0.0
2769,2022-07-06,1,1,Match 6,0,5321793.0
2769,2022-07-06,1,2,Match 5 plus Bonus,0,1000000.0
2769,2022-07-06,1,3,Match 5,43,1750.0
2769,2022-07-06,1,4,Match 4,2542,140.0
2769,2022-07-06,1,5,Match 3,63552,30.0
2769,2022-07-06,1,6,Match 2,620337,0.0
2770,2022-07-09,1,1,Match 6,0,7441782.0
2770,2022-07-09,1,2,Match 5 plus Bonus,0,1000000.0
2770,2022-07-09,1,3,Match 5,139,1750.0
2770,2022-07-09,1,4,Match 4,7597,140.0
2770,2022-07-09,1,5,Match 3,145029,30.0
2770,2022-07-09,1,6,Match 2,1177021,0.0
2771,2022-07-13,1,1,Match 6,0,8963325.0
2771,2022-07-13,1,2,Match 5 plus Bonus,0,1000000.0
2771,2022-07-13,1,3,Match 5,44,1750.0
2771,2022-07-13,1,4,Match 4,3109,140.0
2771,2022-07-13,1,5,Match 3,76174,30.0
2771,2022-07-13,1,6,Match 2,754490,0.0
2772,2022-07-16,1,1,Match 6,0,11702037.0
2772,2022-07-16,1,2,Match 5 plus Bonus,0,10000001000000.0
2772,2022-07-16,1,3,Match 5,74,17505421.0
2772,2022-07-16,1,4,Match 4,5279,140211.0
2772,2022-07-16,1,5,Match 3,129634,3065.0
2772,2022-07-16,1,6,Match 2,1295333,5.0
2773,2022-07-20,1,1,Match 6,0,2000000.0
2773,2022-07-20,1,2,Match 5 plus Bonus,1,1000000.0
2773,2022-07-20,1,3,Match 5,40,1750.0
2773,2022-07-20,1,4,Match 4,2995,140.0
2773,2022-07-20,1,5,Match 3,71060,30.0
2773,2022-07-20,1,6,Match 2,681107,0.0
2774,2022-07-23,1,1,Match 6,0,4058060.0
2774,2022-07-23,1,2,Match 5 plus Bonus,3,1000000.0
2774,2022-07-23,1,3,Match 5,59,1750.0
2774,2022-07-23,1,4,Match 4,3861,140.0
2774,2022-07-23,1,5,Match 3,97697,30.0
2774,2022-07-23,1,6,Match 2,987808,0.0
2775,2022-07-27,1,1,Match 6,0,5390878.0
2775,2022-07-27,1,2,Match 5 plus Bonus,0,1000000.0
2775,2022-07-27,1,3,Match 5,57,1750.0
2775,2022-07-27,1,4,Match 4,3237,140.0
2775,2022-07-27,1,5,Match 3,72137,30.0
2775,2022-07-27,1,6,Match 2,694046,0.0
2776,2022-07-30,1,1,Match 6,0,7592042.0
2776,2022-07-30,1,2,Match 5 plus Bonus,2,1000000.0
2776,2022-07-30,1,3,Match 5,69,1750.0
2776,2022-07-30,1,4,Match 4,5277,140.0
2776,2022-07-30,1,5,Match 3,135165,30.0
2776,2022-07-30,1,6,Match 2,1247830,0.0
2777,2022-08-03,1,1,Match 6,0,9116513.0
2777,2022-08-03,1,2,Match 5 plus Bonus,0,1000000.0
2777,2022-08-03,1,3,Match 5,34,1750.0
2777,2022-08-03,1,4,Match 4,2771,140.0
2777,2022-08-03,1,5,Match 3,71546,30.0
2777,2022-08-03,1,6,Match 2,735381,0.0
2778,2022-08-06,1,1,Match 6,1,20000000.0
2778,2022-08-06,1,2,Match 5 plus Bonus,0,1000000.0
2778,2022-08-06,1,3,Match 5,95,1750.0
2778,2022-08-06,1,4,Match 4,6610,140.0
2778,2022-08-06,1,5,Match 3,155156,30.0
2778,2022-08-06,1,6,Match 2,1522417,0.0
2779,2022-08-10,1,1,Match 6,1,2000000.0
2779,2022-08-10,1,2,Match 5 plus Bonus,0,1000000.0
2779,2022-08-10,1,3,Match 5,27,1750.0
2779,2022-08-10,1,4,Match 4,2407,140.0
2779,2022-08-10,1,5,Match 3,59818,30.0
2779,2022-08-10,1,6,Match 2,611712,0.0
2780,2022-08-13,1,1,Match 6,0,3800000.0
2780,2022-08-13,1,2,Match 5 plus Bonus,1,1000000.0
2780,2022-08-13,1,3,Match 5,43,1750.0
2780,2022-08-13,1,4,Match 4,2935,140.0
2780,2022-08-13,1,5,Match 3,74258,30.0
2780,2022-08-13,1,6,Match 2,804559,0.0
2781,2022-08-17,1,1,Match 6,0,5037577.0
2781,2022-08-17,1,2,Match 5 plus Bonus,3,1000000.0
2781,2022-08-17,1,3,Match 5,31,1750.0
2781,2022-08-17,1,4,Match 4,2309,140.0
2781,2022-08-17,1,5,Match 3,57392,30.0
2781,2022-08-17,1,6,Match 2,578678,0.0
2782,2022-08-20,1,1,Match 6,0,7119865.0
2782,2022-08-20,1,2,Match 5 plus Bonus,3,1000000.0
2782,2022-08-20,1,3,Match 5,76,1750.0
2782,2022-08-20,1,4,Match 4,6509,140.0
2782,2022-08-20,1,5,Match 3,143317,30.0
2782,2022-08-20,1,6,Match 2,1205017,0.0
2783,2022-08-24,1,1,Match 6,0,8546531.0
2783,2022-08-24,1,2,Match 5 plus Bonus,0,1000000.0
2783,2022-08-24,1,3,Match 5,55,1750.0
2783,2022-08-24,1,4,Match 4,3333,140.0
2783,2022-08-24,1,5,Match 3,76918,30.0
2783,2022-08-24,1,6,Match 2,721592,0.0
2784,2022-08-27,1,1,Match 6,0,10839432.0
2784,2022-08-27,1,2,Match 5 plus Bonus,8,1000000.0
2784,2022-08-27,1,3,Match 5,139,1750.0
2784,2022-08-27,1,4,Match 4,9362,140.0
2784,2022-08-27,1,5,Match 3,174657,30.0
2784,2022-08-27,1,6,Match 2,1353600,0.0
2785,2022-08-31,1,1,Match 6,0,12824799.0
2785,2022-08-31,1,2,Match 5 plus Bonus,0,10000001000000.0
2785,2022-08-31,1,3,Match 5,51,17509873.0
2785,2022-08-31,1,4,Match 4,4260,140274.0
2785,2022-08-31,1,5,Match 3,99442,30100.0
2785,2022-08-31,1,6,Match 2,971576,5.0
2786,2022-09-03,1,1,Match 6,0,3800000.0
2786,2022-09-03,1,2,Match 5 plus Bonus,1,1000000.0
2786,2022-09-03,1,3,Match 5,48,1750.0
2786,2022-09-03,1,4,Match 4,3513,140.0
2786,2022-09-03,1,5,Match 3,91839,30.0
2786,2022-09-03,1,6,Match 2,949821,0.0
2787,2022-09-07,1,1,Match 6,0,5081613.0
2787,2022-09-07,1,2,Match 5 plus Bonus,1,1000000.0
2787,2022-09-07,1,3,Match 5,50,1750.0
2787,2022-09-07,1,4,Match 4,2684,140.0
2787,2022-09-07,1,5,Match 3,62101,30.0
2787,2022-09-07,1,6,Match 2,622240,0.0
2788,2022-09-10,1,1,Match 6,1,7103875.0
2788,2022-09-10,1,2,Match 5 plus Bonus,5,1000000.0
2788,2022-09-10,1,3,Match 5,134,1750.0
2788,2022-09-10,1,4,Match 4,8298,140.0
2788,2022-09-10,1,5,Match 3,161011,30.0
2788,2022-09-10,1,6,Match 2,1273087,0.0
2789,2022-09-14,1,1,Match 6,0,2000000.0
2789,2022-09-14,1,2,Match 5 plus Bonus,0,1000000.0
2789,2022-09-14,1,3,Match 5,23,1750.0
2789,2022-09-14,1,4,Match 4,1799,140.0
2789,2022-09-14,1,5,Match 3,44334,30.0
2789,2022-09-14,1,6,Match 2,459718,0.0
2790,2022-09-17,1,1,Match 6,0,3939781.0
2790,2022-09-17,1,2,Match 5 plus Bonus,2,1000000.0
2790,2022-09-17,1,3,Match 5,41,1750.0
2790,2022-09-17,1,4,Match 4,4204,140.0
2790,2022-09-17,1,5,Match 3,107920,30.0
2790,2022-09-17,1,6,Match 2,1019829,0.0
2791,2022-09-21,1,1,Match 6,1,5232697.0
2791,2022-09-21,1,2,Match 5 plus Bonus,0,1000000.0
2791,2022-09-21,1,3,Match 5,74,1750.0
2791,2022-09-21,1,4,Match 4,3339,140.0
2791,2022-09-21,1,5,Match 3,72342,30.0
2791,2022-09-21,1,6,Match 2,663531,0.0
2792,2022-09-24,1,1,Match 6,0,3800000.0
2792,2022-09-24,1,2,Match 5 plus Bonus,1,1000000.0
2792,2022-09-24,1,3,Match 5,53,1750.0
2792,2022-09-24,1,4,Match 4,3653,140.0
2792,2022-09-24,1,5,Match 3,96462,30.0
2792,2022-09-24,1,6,Match 2,961481,0.0
2793,2022-09-28,1,1,Match 6,1,5070357.0
2793,2022-09-28,1,2,Match 5 plus Bonus,1,1000000.0
2793,2022-09-28,1,3,Match 5,23,1750.0
2793,2022-09-28,1,4,Match 4,1929,140.0
2793,2022-09-28,1,5,Match 3,51166,30.0
2793,2022-09-28,1,6,Match 2,552613,0.0
2794,2022-10-01,1,1,Match 6,0,20000000.0
2794,2022-10-01,1,2,Match 5 plus Bonus,2,10000001179164.0
2794,2022-10-01,1,3,Match 5,93,17508171.0
2794,2022-10-01,1,4,Match 4,6945,140260.0
2794,2022-10-01,1,5,Match 3,171092,3089.0
2794,2022-10-01,1,6,Match 2,1611144,5.0
2795,2022-10-05,1,1,Match 6,0,2000000.0
2795,2022-10-05,1,2,Match 5 plus Bonus,0,1000000.0
2795,2022-10-05,1,3,Match 5,22,1750.0
2795,2022-10-05,1,4,Match 4,1920,140.0
2795,2022-10-05,1,5,Match 3,48786,30.0
2795,2022-10-05,1,6,Match 2,519177,0.0
2796,2022-10-08,1,1,Match 6,1,4033171.0
2796,2022-10-08,1,2,Match 5 plus Bonus,1,1000000.0
2796,2022-10-08,1,3,Match 5,161,1750.0
2796,2022-10-08,1,4,Match 4,7780,140.0
2796,2022-10-08,1,5,Match 3,148793,30.0
2796,2022-10-08,1,6,Match 2,1194640,0.0
2797,2022-10-12,1,1,Match 6,1,2000000.0
2797,2022-10-12,1,2,Match 5 plus Bonus,1,1000000.0
2797,2022-10-12,1,3,Match 5,34,1750.0
2797,2022-10-12,1,4,Match 4,2454,140.0
2797,2022-10-12,1,5,Match 3,62014,30.0
2797,2022-10-12,1,6,Match 2,611947,0.0
2798,2022-10-15,1,1,Match 6,0,3800000.0
2798,2022-10-15,1,2,Match 5 plus Bonus,1,1000000.0
2798,2022-10-15,1,3,Match 5,55,1750.0
2798,2022-10-15,1,4,Match 4,4781,140.0
2798,2022-10-15,1,5,Match 3,113292,30.0
2798,2022-10-15,1,6,Match 2,1063741,0.0
2799,2022-10-19,1,1,Match 6,0,5061332.0
2799,2022-10-19,1,2,Match 5 plus Bonus,1,1000000.0
2799,2022-10-19,1,3,Match 5,29,1750.0
2799,2022-10-19,1,4,Match 4,2018,140.0
2799,2022-10-19,1,5,Match 3,52158,30.0
2799,2022-10-19,1,6,Match 2,560540,0.0
2800,2022-10-22,1,1,Match 6,0,7151188.0
2800,2022-10-22,1,2,Match 5 plus Bonus,5,1000000.0
2800,2022-10-22,1,3,Match 5,30,1750.0
2800,2022-10-22,1,4,Match 4,2971,140.0
2800,2022-10-22,1,5,Match 3,76936,30.0
2800,2022-10-22,1,6,Match 2,813333,0.0
2801,2022-10-26,1,1,Match 6,0,8507032.0
2801,2022-10-26,1,2,Match 5 plus Bonus,0,1000000.0
2801,2022-10-26,1,3,Match 5,37,1750.0
2801,2022-10-26,1,4,Match 4,3291,140.0
2801,2022-10-26,1,5,Match 3,77763,30.0
2801,2022-10-26,1,6,Match 2,714755,0.0
2802,2022-10-29,1,1,Match 6,0,10812851.0
2802,2022-10-29,1,2,Match 5 plus Bonus,2,1000000.0
2802,2022-10-29,1,3,Match 5,70,1750.0
2802,2022-10-29,1,4,Match 4,4682,140.0
2802,2022-10-29,1,5,Match 3,114243,30.0
2802,2022-10-29,1,6,Match 2,1126859,0.0
2803,2022-11-02,1,1,Match 6,1,12803486.0
2803,2022-11-02,1,2,Match 5 plus Bonus,2,1000000.0
2803,2022-11-02,1,3,Match 5,56,1750.0
2803,2022-11-02,1,4,Match 4,4341,140.0
2803,2022-11-02,1,5,Match 3,104090,30.0
2803,2022-11-02,1,6,Match 2,985015,0.0
2804,2022-11-05,1,1,Match 6,1,3800000.0
2804,2022-11-05,1,2,Match 5 plus Bonus,0,1000000.0
2804,2022-11-05,1,3,Match 5,88,1750.0
2804,2022-11-05,1,4,Match 4,5787,140.0
2804,2022-11-05,1,5,Match 3,126180,30.0
2804,2022-11-05,1,6,Match 2,1118651,0.0
2805,2022-11-09,1,1,Match 6,0,2000000.0
2805,2022-11-09,1,2,Match 5 plus Bonus,1,1000000.0
2805,2022-11-09,1,3,Match 5,44,1750.0
2805,2022-11-09,1,4,Match 4,2969,140.0
2805,2022-11-09,1,5,Match 3,69252,30.0
2805,2022-11-09,1,6,Match 2,651678,0.0
2806,2022-11-12,1,1,Match 6,1,4006571.0
2806,2022-11-12,1,2,Match 5 plus Bonus,0,1000000.0
2806,2022-11-12,1,3,Match 5,160,1750.0
2806,2022-11-12,1,4,Match 4,8341,140.0
2806,2022-11-12,1,5,Match 3,145449,30.0
2806,2022-11-12,1,6,Match 2,1143998,0.0
2807,2022-11-16,1,1,Match 6,0,2000000.0
2807,2022-11-16,1,2,Match 5 plus Bonus,0,1000000.0
2807,2022-11-16,1,3,Match 5,33,1750.0
2807,2022-11-16,1,4,Match 4,2409,140.0
2807,2022-11-16,1,5,Match 3,61594,30.0
2807,2022-11-16,1,6,Match 2,604692,0.0
2808,2022-11-19,1,1,Match 6,0,3991616.0
2808,2022-11-19,1,2,Match 5 plus Bonus,0,1000000.0
2808,2022-11-19,1,3,Match 5,77,1750.0
2808,2022-11-19,1,4,Match 4,5740,140.0
2808,2022-11-19,1,5,Match 3,123379,30.0
2808,2022-11-19,1,6,Match 2,1081370,0.0
2809,2022-11-23,1,1,Match 6,0,5302460.0
2809,2022-11-23,1,2,Match 5 plus Bonus,0,1000000.0
2809,2022-11-23,1,3,Match 5,33,1750.0
2809,2022-11-23,1,4,Match 4,2552,140.0
2809,2022-11-23,1,5,Match 3,63672,30.0
2809,2022-11-23,1,6,Match 2,635562,0.0
2810,2022-11-26,1,1,Match 6,1,7444049.0
2810,2022-11-26,1,2,Match 5 plus Bonus,0,1000000.0
2810,2022-11-26,1,3,Match 5,55,1750.0
2810,2022-11-26,1,4,Match 4,4465,140.0
2810,2022-11-26,1,5,Match 3,118113,30.0
2810,2022-11-26,1,6,Match 2,1119441,0.0
2811,2022-11-30,1,1,Match 6,0,2000000.0
2811,2022-11-30,1,2,Match 5 plus Bonus,0,1000000.0
2811,2022-11-30,1,3,Match 5,37,1750.0
2811,2022-11-30,1,4,Match 4,2320,140.0
2811,2022-11-30,1,5,Match 3,55219,30.0
2811,2022-11-30,1,6,Match 2,569233,0.0
2812,2022-12-03,1,1,Match 6,0,3987177.0
2812,2022-12-03,1,2,Match 5 plus Bonus,3,1000000.0
2812,2022-12-03,1,3,Match 5,99,1750.0
2812,2022-12-03,1,4,Match 4,6130,140.0
2812,2022-12-03,1,5,Match 3,133301,30.0
2812,2022-12-03,1,6,Match 2,1195427,0.0
2813,2022-12-07,1,1,Match 6,0,5313728.0
2813,2022-12-07,1,2,Match 5 plus Bonus,2,1000000.0
2813,2022-12-07,1,3,Match 5,45,1750.0
2813,2022-12-07,1,4,Match 4,2883,140.0
2813,2022-12-07,1,5,Match 3,64024,30.0
2813,2022-12-07,1,6,Match 2,624397,0.0
2814,2022-12-10,1,1,Match 6,0,7438398.0
2814,2022-12-10,1,2,Match 5 plus Bonus,2,1000000.0
2814,2022-12-10,1,3,Match 5,58,1750.0
2814,2022-12-10,1,4,Match 4,4739,140.0
2814,2022-12-10,1,5,Match 3,114016,30.0
2814,2022-12-10,1,6,Match 2,1094601,0.0
2815,2022-12-14,1,1,Match 6,0,8875077.0
2815,2022-12-14,1,2,Match 5 plus Bonus,1,1000000.0
2815,2022-12-14,1,3,Match 5,23,1750.0
2815,2022-12-14,1,4,Match 4,2367,140.0
2815,2022-12-14,1,5,Match 3,58450,30.0
2815,2022-12-14,1,6,Match 2,605292,0.0
2816,2022-12-17,1,1,Match 6,0,11481636.0
2816,2022-12-17,1,2,Match 5 plus Bonus,1,10000001172298.0
2816,2022-12-17,1,3,Match 5,64,17506236.0
2816,2022-12-17,1,4,Match 4,4465,140230.0
2816,2022-12-17,1,5,Match 3,112218,3073.0
2816,2022-12-17,1,6,Match 2,1147672,5.0
2817,2022-12-21,1,1,Match 6,0,2000000.0
2817,2022-12-21,1,2,Match 5 plus Bonus,0,1000000.0
2817,2022-12-21,1,3,Match 5,23,1750.0
2817,2022-12-21,1,4,Match 4,2112,140.0
2817,2022-12-21,1,5,Match 3,51958,30.0
2817,2022-12-21,1,6,Match 2,552419,0.0
2818,2022-12-24,1,1,Match 6,0,15000000.0
2818,2022-12-24,1,2,Match 5 plus Bonus,0,10000001000000.0
2818,2022-12-24,1,3,Match 5,105,17504595.0
2818,2022-12-24,1,4,Match 4,7733,140193.0
2818,2022-12-24,1,5,Match 3,189522,3056.0
2818,2022-12-24,1,6,Match 2,1850722,5.0
2819,2022-12-28,1,1,Match 6,0,2000000.0
2819,2022-12-28,1,2,Match 5 plus Bonus,0,1000000.0
2819,2022-12-28,1,3,Match 5,57,1750.0
2819,2022-12-28,1,4,Match 4,3263,140.0
2819,2022-12-28,1,5,Match 3,76859,30.0
2819,2022-12-28,1,6,Match 2,707960,0.0
2820,2022-12-31,1,1,Match 6,0,15000000.0
2820,2022-12-31,1,2,Match 5 plus Bonus,1,10000001221799.0
2820,2022-12-31,1,3,Match 5,102,17505374.0
2820,2022-12-31,1,4,Match 4,6501,140219.0
2820,2022-12-31,1,5,Match 3,154739,3070.0
2820,2022-12-31,1,6,Match 2,1521334,5.0
2821,2023-01-04,1,1,Match 6,0,2000000.0
2821,2023-01-04,1,2,Match 5 plus Bonus,0,1000000.0
2821,2023-01-04,1,3,Match 5,39,1750.0
2821,2023-01-04,1,4,Match 4,2737,140.0
2821,2023-01-04,1,5,Match 3,69569,30.0
2821,2023-01-04,1,6,Match 2,679110,0.0
2822,2023-01-07,1,1,Match 6,1,4080682.0
2822,2023-01-07,1,2,Match 5 plus Bonus,0,1000000.0
2822,2023-01-07,1,3,Match 5,59,1750.0
2822,2023-01-07,1,4,Match 4,5552,140.0
2822,2023-01-07,1,5,Match 3,129278,30.0
2822,2023-01-07,1,6,Match 2,1174751,0.0
2823,2023-01-11,1,1,Match 6,0,2000000.0
2823,2023-01-11,1,2,Match 5 plus Bonus,0,1000000.0
2823,2023-01-11,1,3,Match 5,28,1750.0
2823,2023-01-11,1,4,Match 4,2022,140.0
2823,2023-01-11,1,5,Match 3,53810,30.0
2823,2023-01-11,1,6,Match 2,561669,0.0
2824,2023-01-14,1,1,Match 6,0,4071418.0
2824,2023-01-14,1,2,Match 5 plus Bonus,2,1000000.0
2824,2023-01-14,1,3,Match 5,46,1750.0
2824,2023-01-14,1,4,Match 4,3863,140.0
2824,2023-01-14,1,5,Match 3,94091,30.0
2824,2023-01-14,1,6,Match 2,919179,0.0
2825,2023-01-18,1,1,Match 6,0,5393437.0
2825,2023-01-18,1,2,Match 5 plus Bonus,0,1000000.0
2825,2023-01-18,1,3,Match 5,52,1750.0
2825,2023-01-18,1,4,Match 4,3778,140.0
2825,2023-01-18,1,5,Match 3,83095,30.0
2825,2023-01-18,1,6,Match 2,732194,0.0
2826,2023-01-21,1,1,Match 6,0,7607105.0
2826,2023-01-21,1,2,Match 5 plus Bonus,2,1000000.0
2826,2023-01-21,1,3,Match 5,132,1750.0
2826,2023-01-21,1,4,Match 4,8634,140.0
2826,2023-01-21,1,5,Match 3,166571,30.0
2826,2023-01-21,1,6,Match 2,1293890,0.0
2827,2023-01-25,1,1,Match 6,0,9171779.0
2827,2023-01-25,1,2,Match 5 plus Bonus,0,1000000.0
2827,2023-01-25,1,3,Match 5,48,1750.0
2827,2023-01-25,1,4,Match 4,3852,140.0
2827,2023-01-25,1,5,Match 3,91271,30.0
2827,2023-01-25,1,6,Match 2,839620,0.0
2828,2023-01-28,1,1,Match 6,2,6030699.0
2828,2023-01-28,1,2,Match 5 plus Bonus,1,1000000.0
2828,2023-01-28,1,3,Match 5,129,1750.0
2828,2023-01-28,1,4,Match 4,9685,140.0
2828,2023-01-28,1,5,Match 3,191356,30.0
2828,2023-01-28,1,6,Match 2,1585221,0.0
2829,2023-02-01,1,1,Match 6,0,2000000.0
2829,2023-02-01,1,2,Match 5 plus Bonus,0,1000000.0
2829,2023-02-01,1,3,Match 5,22,1750.0
2829,2023-02-01,1,4,Match 4,2171,140.0
2829,2023-02-01,1,5,Match 3,55818,30.0
2829,2023-02-01,1,6,Match 2,579121,0.0
2830,2023-02-04,1,1,Match 6,0,4096733.0
2830,2023-02-04,1,2,Match 5 plus Bonus,2,1000000.0
2830,2023-02-04,1,3,Match 5,94,1750.0
2830,2023-02-04,1,4,Match 4,6400,140.0
2830,2023-02-04,1,5,Match 3,138715,30.0
2830,2023-02-04,1,6,Match 2,1196523,0.0
2831,2023-02-08,1,1,Match 6,0,5445896.0
2831,2023-02-08,1,2,Match 5 plus Bonus,1,1000000.0
2831,2023-02-08,1,3,Match 5,41,1750.0
2831,2023-02-08,1,4,Match 4,2661,140.0
2831,2023-02-08,1,5,Match 3,67556,30.0
2831,2023-02-08,1,6,Match 2,657290,0.0
2832,2023-02-11,1,1,Match 6,1,7639134.0
2832,2023-02-11,1,2,Match 5 plus Bonus,2,1000000.0
2832,2023-02-11,1,3,Match 5,55,1750.0
2832,2023-02-11,1,4,Match 4,3886,140.0
2832,2023-02-11,1,5,Match 3,100295,30.0
2832,2023-02-11,1,6,Match 2,1050029,0.0
2833,2023-02-15,1,1,Match 6,0,2000000.0
2833,2023-02-15,1,2,Match 5 plus Bonus,0,1000000.0
2833,2023-02-15,1,3,Match 5,35,1750.0
2833,2023-02-15,1,4,Match 4,1775,140.0
2833,2023-02-15,1,5,Match 3,45209,30.0
2833,2023-02-15,1,6,Match 2,484188,0.0
2834,2023-02-18,1,1,Match 6,0,4034109.0
2834,2023-02-18,1,2,Match 5 plus Bonus,3,1000000.0
2834,2023-02-18,1,3,Match 5,46,1750.0
2834,2023-02-18,1,4,Match 4,2823,140.0
2834,2023-02-18,1,5,Match 3,69924,30.0
2834,2023-02-18,1,6,Match 2,748255,0.0
2835,2023-02-22,1,1,Match 6,1,5315349.0
2835,2023-02-22,1,2,Match 5 plus Bonus,1,1000000.0
2835,2023-02-22,1,3,Match 5,54,1750.0
2835,2023-02-22,1,4,Match 4,3521,140.0
2835,2023-02-22,1,5,Match 3,80439,30.0
2835,2023-02-22,1,6,Match 2,723409,0.0
2836,2023-02-25,1,1,Match 6,1,3800000.0
2836,2023-02-25,1,2,Match 5 plus Bonus,1,1000000.0
2836,2023-02-25,1,3,Match 5,46,1750.0
2836,2023-02-25,1,4,Match 4,2901,140.0
2836,2023-02-25,1,5,Match 3,72224,30.0
2836,2023-02-25,1,6,Match 2,787749,0.0
2837,2023-03-01,1,1,Match 6,0,2000000.0
2837,2023-03-01,1,2,Match 5 plus Bonus,0,1000000.0
2837,2023-03-01,1,3,Match 5,40,1750.0
2837,2023-03-01,1,4,Match 4,2550,140.0
2837,2023-03-01,1,5,Match 3,59913,30.0
2837,2023-03-01,1,6,Match 2,575381,0.0
2838,2023-03-04,1,1,Match 6,0,4033045.0
2838,2023-03-04,1,2,Match 5 plus Bonus,2,1000000.0
2838,2023-03-04,1,3,Match 5,140,1750.0
2838,2023-03-04,1,4,Match 4,7391,140.0
2838,2023-03-04,1,5,Match 3,144016,30.0
2838,2023-03-04,1,6,Match 2,1167574,0.0
2839,2023-03-08,1,1,Match 6,0,5386138.0
2839,2023-03-08,1,2,Match 5 plus Bonus,0,1000000.0
2839,2023-03-08,1,3,Match 5,35,1750.0
2839,2023-03-08,1,4,Match 4,2008,140.0
2839,2023-03-08,1,5,Match 3,51960,30.0
2839,2023-03-08,1,6,Match 2,559818,0.0
2840,2023-03-11,1,1,Match 6,0,7596452.0
2840,2023-03-11,1,2,Match 5 plus Bonus,1,1000000.0
2840,2023-03-11,1,3,Match 5,50,1750.0
2840,2023-03-11,1,4,Match 4,4458,140.0
2840,2023-03-11,1,5,Match 3,113448,30.0
2840,2023-03-11,1,6,Match 2,1119178,0.0
2841,2023-03-15,1,1,Match 6,0,9102449.0
2841,2023-03-15,1,2,Match 5 plus Bonus,4,1000000.0
2841,2023-03-15,1,3,Match 5,84,1750.0
2841,2023-03-15,1,4,Match 4,4063,140.0
2841,2023-03-15,1,5,Match 3,86046,30.0
2841,2023-03-15,1,6,Match 2,777063,0.0
2842,2023-03-18,1,1,Match 6,0,11822031.0
2842,2023-03-18,1,2,Match 5 plus Bonus,0,10000001000000.0
2842,2023-03-18,1,3,Match 5,57,17507313.0
2842,2023-03-18,1,4,Match 4,4583,140235.0
2842,2023-03-18,1,5,Match 3,110597,3078.0
2842,2023-03-18,1,6,Match 2,1144797,5.0
2843,2023-03-22,1,1,Match 6,0,2000000.0
2843,2023-03-22,1,2,Match 5 plus Bonus,0,1000000.0
2843,2023-03-22,1,3,Match 5,34,1750.0
2843,2023-03-22,1,4,Match 4,2547,140.0
2843,2023-03-22,1,5,Match 3,60811,30.0
2843,2023-03-22,1,6,Match 2,589611,0.0
2844,2023-03-25,1,1,Match 6,0,4040564.0
2844,2023-03-25,1,2,Match 5 plus Bonus,1,1000000.0
2844,2023-03-25,1,3,Match 5,67,1750.0
2844,2023-03-25,1,4,Match 4,4934,140.0
2844,2023-03-25,1,5,Match 3,117584,30.0
2844,2023-03-25,1,6,Match 2,1102221,0.0
2845,2023-03-29,1,1,Match 6,0,5380683.0
2845,2023-03-29,1,2,Match 5 plus Bonus,0,1000000.0
2845,2023-03-29,1,3,Match 5,36,1750.0
2845,2023-03-29,1,4,Match 4,2606,140.0
2845,2023-03-29,1,5,Match 3,67741,30.0
2845,2023-03-29,1,6,Match 2,664248,0.0
2846,2023-04-01,1,1,Match 6,0,7566571.0
2846,2023-04-01,1,2,Match 5 plus Bonus,1,1000000.0
2846,2023-04-01,1,3,Match 5,142,1750.0
2846,2023-04-01,1,4,Match 4,7439,140.0
2846,2023-04-01,1,5,Match 3,151941,30.0
2846,2023-04-01,1,6,Match 2,1248717,0.0
2847,2023-04-05,1,1,Match 6,0,9046577.0
2847,2023-04-05,1,2,Match 5 plus Bonus,0,1000000.0
2847,2023-04-05,1,3,Match 5,48,1750.0
2847,2023-04-05,1,4,Match 4,3141,140.0
2847,2023-04-05,1,5,Match 3,76416,30.0
2847,2023-04-05,1,6,Match 2,742023,0.0
2848,2023-04-08,1,1,Match 6,0,20000000.0
2848,2023-04-08,1,2,Match 5 plus Bonus,2,10000001159871.0
2848,2023-04-08,1,3,Match 5,215,17504228.0
2848,2023-04-08,1,4,Match 4,12625,140199.0
2848,2023-04-08,1,5,Match 3,234370,3068.0
2848,2023-04-08,1,6,Match 2,1868385,5.0
2849,2023-04-12,1,1,Match 6,0,2000000.0
2849,2023-04-12,1,2,Match 5 plus Bonus,1,1000000.0
2849,2023-04-12,1,3,Match 5,25,1750.0
2849,2023-04-12,1,4,Match 4,2588,140.0
2849,2023-04-12,1,5,Match 3,61147,30.0
2849,2023-04-12,1,6,Match 2,618851,0.0
2850,2023-04-15,1,1,Match 6,0,4035997.0
2850,2023-04-15,1,2,Match 5 plus Bonus,0,1000000.0
2850,2023-04-15,1,3,Match 5,73,1750.0
2850,2023-04-15,1,4,Match 4,5672,140.0
2850,2023-04-15,1,5,Match 3,123958,30.0
2850,2023-04-15,1,6,Match 2,1103848,0.0
2851,2023-04-19,1,1,Match 6,0,5356322.0
2851,2023-04-19,1,2,Match 5 plus Bonus,0,1000000.0
2851,2023-04-19,1,3,Match 5,31,1750.0
2851,2023-04-19,1,4,Match 4,2365,140.0
2851,2023-04-19,1,5,Match 3,60270,30.0
2851,2023-04-19,1,6,Match 2,625051,0.0
2852,2023-04-22,1,1,Match 6,0,7528121.0
2852,2023-04-22,1,2,Match 5 plus Bonus,0,1000000.0
2852,2023-04-22,1,3,Match 5,59,1750.0
2852,2023-04-22,1,4,Match 4,4440,140.0
2852,2023-04-22,1,5,Match 3,110271,30.0
2852,2023-04-22,1,6,Match 2,1070972,0.0
2853,2023-04-26,1,1,Match 6,0,9024240.0
2853,2023-04-26,1,2,Match 5 plus Bonus,1,1000000.0
2853,2023-04-26,1,3,Match 5,34,1750.0
2853,2023-04-26,1,4,Match 4,2609,140.0
2853,2023-04-26,1,5,Match 3,67755,30.0
2853,2023-04-26,1,6,Match 2,709563,0.0
2854,2023-04-29,1,1,Match 6,0,11826941.0
2854,2023-04-29,1,2,Match 5 plus Bonus,3,10000001054214.0
2854,2023-04-29,1,3,Match 5,67,17505795.0
2854,2023-04-29,1,4,Match 4,5091,140214.0
2854,2023-04-29,1,5,Match 3,126221,3066.0
2854,2023-04-29,1,6,Match 2,1281097,5.0
2855,2023-05-03,1,1,Match 6,0,2000000.0
2855,2023-05-03,1,2,Match 5 plus Bonus,1,1000000.0
2855,2023-05-03,1,3,Match 5,65,1750.0
2855,2023-05-03,1,4,Match 4,3270,140.0
2855,2023-05-03,1,5,Match 3,68504,30.0
2855,2023-05-03,1,6,Match 2,628440,0.0
2856,2023-05-06,1,1,Match 6,0,20000000.0
2856,2023-05-06,1,2,Match 5 plus Bonus,3,10000001123563.0
2856,2023-05-06,1,3,Match 5,86,17508933.0
2856,2023-05-06,1,4,Match 4,6255,140278.0
2856,2023-05-06,1,5,Match 3,155899,3097.0
2856,2023-05-06,1,6,Match 2,1528733,5.0
2857,2023-05-10,1,1,Match 6,0,2000000.0
2857,2023-05-10,1,2,Match 5 plus Bonus,0,1000000.0
2857,2023-05-10,1,3,Match 5,34,1750.0
2857,2023-05-10,1,4,Match 4,2158,140.0
2857,2023-05-10,1,5,Match 3,56265,30.0
2857,2023-05-10,1,6,Match 2,582052,0.0
2858,2023-05-13,1,1,Match 6,0,4025899.0
2858,2023-05-13,1,2,Match 5 plus Bonus,3,1000000.0
2858,2023-05-13,1,3,Match 5,55,1750.0
2858,2023-05-13,1,4,Match 4,3322,140.0
2858,2023-05-13,1,5,Match 3,83299,30.0
2858,2023-05-13,1,6,Match 2,863414,0.0
2859,2023-05-17,1,1,Match 6,0,5330510.0
2859,2023-05-17,1,2,Match 5 plus Bonus,0,1000000.0
2859,2023-05-17,1,3,Match 5,29,1750.0
2859,2023-05-17,1,4,Match 4,2896,140.0
2859,2023-05-17,1,5,Match 3,69999,30.0
2859,2023-05-17,1,6,Match 2,670012,0.0
2860,2023-05-20,1,1,Match 6,0,7508042.0
2860,2023-05-20,1,2,Match 5 plus Bonus,0,1000000.0
2860,2023-05-20,1,3,Match 5,57,1750.0
2860,2023-05-20,1,4,Match 4,4819,140.0
2860,2023-05-20,1,5,Match 3,112970,30.0
2860,2023-05-20,1,6,Match 2,1065793,0.0
2861,2023-05-24,1,1,Match 6,2,4502217.0
2861,2023-05-24,1,2,Match 5 plus Bonus,1,1000000.0
2861,2023-05-24,1,3,Match 5,78,1750.0
2861,2023-05-24,1,4,Match 4,5650,140.0
2861,2023-05-24,1,5,Match 3,114522,30.0
2861,2023-05-24,1,6,Match 2,936973,0.0
2862,2023-05-27,1,1,Match 6,0,3800000.0
2862,2023-05-27,1,2,Match 5 plus Bonus,1,1000000.0
2862,2023-05-27,1,3,Match 5,124,1750.0
2862,2023-05-27,1,4,Match 4,5974,140.0
2862,2023-05-27,1,5,Match 3,122167,30.0
2862,2023-05-27,1,6,Match 2,1086844,0.0
2863,2023-05-31,1,1,Match 6,1,5076717.0
2863,2023-05-31,1,2,Match 5 plus Bonus,1,1000000.0
2863,2023-05-31,1,3,Match 5,30,1750.0
2863,2023-05-31,1,4,Match 4,2456,140.0
2863,2023-05-31,1,5,Match 3,59764,30.0
2863,2023-05-31,1,6,Match 2,604572,0.0
2864,2023-06-03,1,1,Match 6,0,3800000.0
2864,2023-06-03,1,2,Match 5 plus Bonus,1,1000000.0
2864,2023-06-03,1,3,Match 5,81,1750.0
2864,2023-06-03,1,4,Match 4,5035,140.0
2864,2023-06-03,1,5,Match 3,116074,30.0
2864,2023-06-03,1,6,Match 2,1046073,0.0
2865,2023-06-07,1,1,Match 6,0,5079455.0
2865,2023-06-07,1,2,Match 5 plus Bonus,0,1000000.0
2865,2023-06-07,1,3,Match 5,28,1750.0
2865,2023-06-07,1,4,Match 4,2061,140.0
2865,2023-06-07,1,5,Match 3,56035,30.0
2865,2023-06-07,1,6,Match 2,614203,0.0
2866,2023-06-10,1,1,Match 6,0,7141851.0
2866,2023-06-10,1,2,Match 5 plus Bonus,1,1000000.0
2866,2023-06-10,1,3,Match 5,43,1750.0
2866,2023-06-10,1,4,Match 4,4069,140.0
2866,2023-06-10,1,5,Match 3,95366,30.0
2866,2023-06-10,1,6,Match 2,944861,0.0
2867,2023-06-14,1,1,Match 6,0,8476343.0
2867,2023-06-14,1,2,Match 5 plus Bonus,0,1000000.0
2867,2023-06-14,1,3,Match 5,51,1750.0
2867,2023-06-14,1,4,Match 4,2999,140.0
2867,2023-06-14,1,5,Match 3,72587,30.0
2867,2023-06-14,1,6,Match 2,688250,0.0
2868,2023-06-17,1,1,Match 6,0,10686174.0
2868,2023-06-17,1,2,Match 5 plus Bonus,4,1000000.0
2868,2023-06-17,1,3,Match 5,106,1750.0
2868,2023-06-17,1,4,Match 4,5749,140.0
2868,2023-06-17,1,5,Match 3,128796,30.0
2868,2023-06-17,1,6,Match 2,1179276,0.0
2869,2023-06-21,1,1,Match 6,2,6310329.0
2869,2023-06-21,1,2,Match 5 plus Bonus,2,1000000.0
2869,2023-06-21,1,3,Match 5,328,1750.0
2869,2023-06-21,1,4,Match 4,12240,140.0
2869,2023-06-21,1,5,Match 3,182838,30.0
2869,2023-06-21,1,6,Match 2,1264208,0.0
2870,2023-06-24,1,1,Match 6,0,3800000.0
2870,2023-06-24,1,2,Match 5 plus Bonus,1,1000000.0
2870,2023-06-24,1,3,Match 5,58,1750.0
2870,2023-06-24,1,4,Match 4,3824,140.0
2870,2023-06-24,1,5,Match 3,97115,30.0
2870,2023-06-24,1,6,Match 2,996382,0.0
2871,2023-06-28,1,1,Match 6,0,5102417.0
2871,2023-06-28,1,2,Match 5 plus Bonus,0,1000000.0
2871,2023-06-28,1,3,Match 5,27,1750.0
2871,2023-06-28,1,4,Match 4,1891,140.0
2871,2023-06-28,1,5,Match 3,45694,30.0
2871,2023-06-28,1,6,Match 2,481696,0.0
2872,2023-07-01,1,1,Match 6,1,20000000.0
2872,2023-07-01,1,2,Match 5 plus Bonus,2,1000000.0
2872,2023-07-01,1,3,Match 5,150,1750.0
2872,2023-07-01,1,4,Match 4,9407,140.0
2872,2023-07-01,1,5,Match 3,204181,30.0
2872,2023-07-01,1,6,Match 2,1773208,0.0
2873,2023-07-05,1,1,Match 6,0,2000000.0
2873,2023-07-05,1,2,Match 5 plus Bonus,0,1000000.0
2873,2023-07-05,1,3,Match 5,44,1750.0
2873,2023-07-05,1,4,Match 4,3206,140.0
2873,2023-07-05,1,5,Match 3,74452,30.0
2873,2023-07-05,1,6,Match 2,701478,0.0
2874,2023-07-08,1,1,Match 6,0,4081735.0
2874,2023-07-08,1,2,Match 5 plus Bonus,1,1000000.0
2874,2023-07-08,1,3,Match 5,84,1750.0
2874,2023-07-08,1,4,Match 4,5700,140.0
2874,2023-07-08,1,5,Match 3,130367,30.0
2874,2023-07-08,1,6,Match 2,1138022,0.0
2875,2023-07-12,1,1,Match 6,0,5411637.0
2875,2023-07-12,1,2,Match 5 plus Bonus,0,1000000.0
2875,2023-07-12,1,3,Match 5,49,1750.0
2875,2023-07-12,1,4,Match 4,1973,140.0
2875,2023-07-12,1,5,Match 3,50041,30.0
2875,2023-07-12,1,6,Match 2,540267,0.0
2876,2023-07-15,1,1,Match 6,0,7580789.0
2876,2023-07-15,1,2,Match 5 plus Bonus,1,1000000.0
2876,2023-07-15,1,3,Match 5,60,1750.0
2876,2023-07-15,1,4,Match 4,3737,140.0
2876,2023-07-15,1,5,Match 3,95139,30.0
2876,2023-07-15,1,6,Match 2,1000638,0.0
2877,2023-07-19,1,1,Match 6,0,9005764.0
2877,2023-07-19,1,2,Match 5 plus Bonus,2,1000000.0
2877,2023-07-19,1,3,Match 5,29,1750.0
2877,2023-07-19,1,4,Match 4,2770,140.0
2877,2023-07-19,1,5,Match 3,66991,30.0
2877,2023-07-19,1,6,Match 2,660558,0.0
2878,2023-07-22,1,1,Match 6,1,11671861.0
2878,2023-07-22,1,2,Match 5 plus Bonus,4,1000000.0
2878,2023-07-22,1,3,Match 5,91,1750.0
2878,2023-07-22,1,4,Match 4,5957,140.0
2878,2023-07-22,1,5,Match 3,137563,30.0
2878,2023-07-22,1,6,Match 2,1326874,0.0
2879,2023-07-26,1,1,Match 6,0,2000000.0
2879,2023-07-26,1,2,Match 5 plus Bonus,0,1000000.0
2879,2023-07-26,1,3,Match 5,67,1750.0
2879,2023-07-26,1,4,Match 4,4054,140.0
2879,2023-07-26,1,5,Match 3,87232,30.0
2879,2023-07-26,1,6,Match 2,730630,0.0
2880,2023-07-29,1,1,Match 6,0,4072923.0
2880,2023-07-29,1,2,Match 5 plus Bonus,1,1000000.0
2880,2023-07-29,1,3,Match 5,51,1750.0
2880,2023-07-29,1,4,Match 4,3991,140.0
2880,2023-07-29,1,5,Match 3,96516,30.0
2880,2023-07-29,1,6,Match 2,990791,0.0
2881,2023-08-02,1,1,Match 6,0,5396374.0
2881,2023-08-02,1,2,Match 5 plus Bonus,2,1000000.0
2881,2023-08-02,1,3,Match 5,62,1750.0
2881,2023-08-02,1,4,Match 4,4570,140.0
2881,2023-08-02,1,5,Match 3,93895,30.0
2881,2023-08-02,1,6,Match 2,772717,0.0
2882,2023-08-05,1,1,Match 6,0,7706455.0
2882,2023-08-05,1,2,Match 5 plus Bonus,1,1000000.0
2882,2023-08-05,1,3,Match 5,59,1750.0
2882,2023-08-05,1,4,Match 4,3933,140.0
2882,2023-08-05,1,5,Match 3,102434,60.0
2882,2023-08-05,1,6,Match 2,1060862,0.0
2883,2023-08-09,1,1,Match 6,0,9178739.0
2883,2023-08-09,1,2,Match 5 plus Bonus,0,1000000.0
2883,2023-08-09,1,3,Match 5,64,1750.0
2883,2023-08-09,1,4,Match 4,3946,140.0
2883,2023-08-09,1,5,Match 3,87157,30.0
2883,2023-08-09,1,6,Match 2,781740,0.0
2884,2023-08-12,1,1,Match 6,0,11868266.0
2884,2023-08-12,1,2,Match 5 plus Bonus,3,10000001043800.0
2884,2023-08-12,1,3,Match 5,99,17503962.0
2884,2023-08-12,1,4,Match 4,7733,140179.0
2884,2023-08-12,1,5,Match 3,169935,3051.0
2884,2023-08-12,1,6,Match 2,1497647,5.0
2885,2023-08-16,1,1,Match 6,1,2000000.0
2885,2023-08-16,1,2,Match 5 plus Bonus,2,1000000.0
2885,2023-08-16,1,3,Match 5,31,1750.0
2885,2023-08-16,1,4,Match 4,1979,140.0
2885,2023-08-16,1,5,Match 3,50899,30.0
2885,2023-08-16,1,6,Match 2,551668,0.0
2886,2023-08-19,1,1,Match 6,0,3800000.0
2886,2023-08-19,1,2,Match 5 plus Bonus,5,1000000.0
2886,2023-08-19,1,3,Match 5,161,1750.0
2886,2023-08-19,1,4,Match 4,8962,140.0
2886,2023-08-19,1,5,Match 3,164810,30.0
2886,2023-08-19,1,6,Match 2,1248617,0.0
2887,2023-08-23,1,1,Match 6,1,5106856.0
2887,2023-08-23,1,2,Match 5 plus Bonus,0,1000000.0
2887,2023-08-23,1,3,Match 5,44,1750.0
2887,2023-08-23,1,4,Match 4,2539,140.0
2887,2023-08-23,1,5,Match 3,62983,30.0
2887,2023-08-23,1,6,Match 2,628741,0.0
2888,2023-08-26,1,1,Match 6,0,3800000.0
2888,2023-08-26,1,2,Match 5 plus Bonus,1,1000000.0
2888,2023-08-26,1,3,Match 5,28,1750.0
2888,2023-08-26,1,4,Match 4,3318,140.0
2888,2023-08-26,1,5,Match 3,84657,30.0
2888,2023-08-26,1,6,Match 2,922124,0.0
2889,2023-08-30,1,1,Match 6,0,5048828.0
2889,2023-08-30,1,2,Match 5 plus Bonus,1,1000000.0
2889,2023-08-30,1,3,Match 5,47,1750.0
2889,2023-08-30,1,4,Match 4,2548,140.0
2889,2023-08-30,1,5,Match 3,66280,30.0
2889,2023-08-30,1,6,Match 2,650793,0.0
2890,2023-09-02,1,1,Match 6,0,20000000.0
2890,2023-09-02,1,2,Match 5 plus Bonus,1,10000001386330.0
2890,2023-09-02,1,3,Match 5,73,175010570.0
2890,2023-09-02,1,4,Match 4,5368,140307.0
2890,2023-09-02,1,5,Match 3,135785,30110.0
2890,2023-09-02,1,6,Match 2,1424464,5.0
2891,2023-09-06,1,1,Match 6,0,2000000.0
2891,2023-09-06,1,2,Match 5 plus Bonus,0,1000000.0
2891,2023-09-06,1,3,Match 5,32,1750.0
2891,2023-09-06,1,4,Match 4,2207,140.0
2891,2023-09-06,1,5,Match 3,57672,30.0
2891,2023-09-06,1,6,Match 2,595356,0.0
2892,2023-09-09,1,1,Match 6,0,4015491.0
2892,2023-09-09,1,2,Match 5 plus Bonus,0,1000000.0
2892,2023-09-09,1,3,Match 5,47,1750.0
2892,2023-09-09,1,4,Match 4,2998,140.0
2892,2023-09-09,1,5,Match 3,78648,30.0
2892,2023-09-09,1,6,Match 2,831377,0.0
2893,2023-09-13,1,1,Match 6,0,5269228.0
2893,2023-09-13,1,2,Match 5 plus Bonus,3,1000000.0
2893,2023-09-13,1,3,Match 5,113,1750.0
2893,2023-09-13,1,4,Match 4,5859,140.0
2893,2023-09-13,1,5,Match 3,104036,30.0
2893,2023-09-13,1,6,Match 2,789757,0.0
2894,2023-09-16,1,1,Match 6,1,7441399.0
2894,2023-09-16,1,2,Match 5 plus Bonus,1,1000000.0
2894,2023-09-16,1,3,Match 5,94,1750.0
2894,2023-09-16,1,4,Match 4,6709,140.0
2894,2023-09-16,1,5,Match 3,142632,30.0
2894,2023-09-16,1,6,Match 2,1227819,0.0
2895,2023-09-20,1,1,Match 6,0,2000000.0
2895,2023-09-20,1,2,Match 5 plus Bonus,0,1000000.0
2895,2023-09-20,1,3,Match 5,37,1750.0
2895,2023-09-20,1,4,Match 4,2476,140.0
2895,2023-09-20,1,5,Match 3,57558,30.0
2895,2023-09-20,1,6,Match 2,564681,0.0
2896,2023-09-23,1,1,Match 6,0,4001306.0
2896,2023-09-23,1,2,Match 5 plus Bonus,1,1000000.0
2896,2023-09-23,1,3,Match 5,53,1750.0
2896,2023-09-23,1,4,Match 4,3081,140.0
2896,2023-09-23,1,5,Match 3,74039,30.0
2896,2023-09-23,1,6,Match 2,767460,0.0
2897,2023-09-27,1,1,Match 6,1,5238028.0
2897,2023-09-27,1,2,Match 5 plus Bonus,3,1000000.0
2897,2023-09-27,1,3,Match 5,136,1750.0
2897,2023-09-27,1,4,Match 4,5754,140.0
2897,2023-09-27,1,5,Match 3,105753,30.0
2897,2023-09-27,1,6,Match 2,794007,0.0
2898,2023-09-30,1,1,Match 6,1,3800000.0
2898,2023-09-30,1,2,Match 5 plus Bonus,2,1000000.0
2898,2023-09-30,1,3,Match 5,136,1750.0
2898,2023-09-30,1,4,Match 4,7553,140.0
2898,2023-09-30,1,5,Match 3,146318,30.0
2898,2023-09-30,1,6,Match 2,1157449,0.0
2899,2023-10-04,1,1,Match 6,0,2000000.0
2899,2023-10-04,1,2,Match 5 plus Bonus,0,1000000.0
2899,2023-10-04,1,3,Match 5,25,1750.0
2899,2023-10-04,1,4,Match 4,2006,140.0
2899,2023-10-04,1,5,Match 3,49456,30.0
2899,2023-10-04,1,6,Match 2,536393,0.0
2900,2023-10-07,1,1,Match 6,1,3994329.0
2900,2023-10-07,1,2,Match 5 plus Bonus,1,1000000.0
2900,2023-10-07,1,3,Match 5,58,1750.0
2900,2023-10-07,1,4,Match 4,4415,140.0
2900,2023-10-07,1,5,Match 3,105840,30.0
2900,2023-10-07,1,6,Match 2,1011054,0.0
2901,2023-10-11,1,1,Match 6,1,2000000.0
2901,2023-10-11,1,2,Match 5 plus Bonus,2,1000000.0
2901,2023-10-11,1,3,Match 5,145,1750.0
2901,2023-10-11,1,4,Match 4,7329,140.0
2901,2023-10-11,1,5,Match 3,112939,30.0
2901,2023-10-11,1,6,Match 2,783473,0.0
2902,2023-10-14,1,1,Match 6,0,3800000.0
2902,2023-10-14,1,2,Match 5 plus Bonus,0,1000000.0
2902,2023-10-14,1,3,Match 5,48,1750.0
2902,2023-10-14,1,4,Match 4,3511,140.0
2902,2023-10-14,1,5,Match 3,91471,30.0
2902,2023-10-14,1,6,Match 2,948456,0.0
2903,2023-10-18,1,1,Match 6,0,5022531.0
2903,2023-10-18,1,2,Match 5 plus Bonus,0,1000000.0
2903,2023-10-18,1,3,Match 5,49,1750.0
2903,2023-10-18,1,4,Match 4,3600,140.0
2903,2023-10-18,1,5,Match 3,81210,30.0
2903,2023-10-18,1,6,Match 2,721532,0.0
2904,2023-10-21,1,1,Match 6,0,7111041.0
2904,2023-10-21,1,2,Match 5 plus Bonus,1,1000000.0
2904,2023-10-21,1,3,Match 5,50,1750.0
2904,2023-10-21,1,4,Match 4,3721,140.0
2904,2023-10-21,1,5,Match 3,91907,30.0
2904,2023-10-21,1,6,Match 2,938147,0.0
2905,2023-10-25,1,1,Match 6,0,8448269.0
2905,2023-10-25,1,2,Match 5 plus Bonus,1,1000000.0
2905,2023-10-25,1,3,Match 5,41,1750.0
2905,2023-10-25,1,4,Match 4,2348,140.0
2905,2023-10-25,1,5,Match 3,56874,30.0
2905,2023-10-25,1,6,Match 2,576345,0.0
2906,2023-10-28,1,1,Match 6,0,10807968.0
2906,2023-10-28,1,2,Match 5 plus Bonus,2,1000000.0
2906,2023-10-28,1,3,Match 5,64,1750.0
2906,2023-10-28,1,4,Match 4,4020,140.0
2906,2023-10-28,1,5,Match 3,103383,60.0
2906,2023-10-28,1,6,Match 2,1067122,0.0
2907,2023-11-01,1,1,Match 6,0,12805232.0
2907,2023-11-01,1,2,Match 5 plus Bonus,1,10000001236481.0
2907,2023-11-01,1,3,Match 5,56,17508788.0
2907,2023-11-01,1,4,Match 4,4725,140256.0
2907,2023-11-01,1,5,Match 3,103001,3095.0
2907,2023-11-01,1,6,Match 2,984504,5.0
2908,2023-11-04,1,1,Match 6,0,3800000.0
2908,2023-11-04,1,2,Match 5 plus Bonus,0,1000000.0
2908,2023-11-04,1,3,Match 5,56,1750.0
2908,2023-11-04,1,4,Match 4,3082,140.0
2908,2023-11-04,1,5,Match 3,71676,30.0
2908,2023-11-04,1,6,Match 2,724572,0.0
2909,2023-11-08,1,1,Match 6,0,5026741.0
2909,2023-11-08,1,2,Match 5 plus Bonus,0,1000000.0
2909,2023-11-08,1,3,Match 5,37,1750.0
2909,2023-11-08,1,4,Match 4,3247,140.0
2909,2023-11-08,1,5,Match 3,77555,30.0
2909,2023-11-08,1,6,Match 2,699581,0.0
2910,2023-11-11,1,1,Match 6,0,7158445.0
2910,2023-11-11,1,2,Match 5 plus Bonus,2,1000000.0
2910,2023-11-11,1,3,Match 5,87,1750.0
2910,2023-11-11,1,4,Match 4,5223,140.0
2910,2023-11-11,1,5,Match 3,118035,30.0
2910,2023-11-11,1,6,Match 2,1091073,0.0
2911,2023-11-15,1,1,Match 6,0,8539673.0
2911,2023-11-15,1,2,Match 5 plus Bonus,0,1000000.0
2911,2023-11-15,1,3,Match 5,40,1750.0
2911,2023-11-15,1,4,Match 4,3378,140.0
2911,2023-11-15,1,5,Match 3,71648,30.0
2911,2023-11-15,1,6,Match 2,716469,0.0
2912,2023-11-18,1,1,Match 6,0,10808389.0
2912,2023-11-18,1,2,Match 5 plus Bonus,2,1000000.0
2912,2023-11-18,1,3,Match 5,128,1750.0
2912,2023-11-18,1,4,Match 4,8939,140.0
2912,2023-11-18,1,5,Match 3,171391,30.0
2912,2023-11-18,1,6,Match 2,1368903,0.0
2913,2023-11-22,1,1,Match 6,0,12849272.0
2913,2023-11-22,1,2,Match 5 plus Bonus,4,10000001061282.0
2913,2023-11-22,1,3,Match 5,42,175011477.0
2913,2023-11-22,1,4,Match 4,3567,140300.0
2913,2023-11-22,1,5,Match 3,90778,30106.0
2913,2023-11-22,1,6,Match 2,935655,5.0
2914,2023-11-25,1,1,Match 6,0,3800000.0
2914,2023-11-25,1,2,Match 5 plus Bonus,2,1000000.0
2914,2023-11-25,1,3,Match 5,64,1750.0
2914,2023-11-25,1,4,Match 4,4857,140.0
2914,2023-11-25,1,5,Match 3,113521,30.0
2914,2023-11-25,1,6,Match 2,1074326,0.0
2915,2023-11-29,1,1,Match 6,0,5068371.0
2915,2023-11-29,1,2,Match 5 plus Bonus,2,1000000.0
2915,2023-11-29,1,3,Match 5,44,1750.0
2915,2023-11-29,1,4,Match 4,2599,140.0
2915,2023-11-29,1,5,Match 3,61866,30.0
2915,2023-11-29,1,6,Match 2,602335,0.0
2916,2023-12-02,1,1,Match 6,0,7184056.0
2916,2023-12-02,1,2,Match 5 plus Bonus,4,1000000.0
2916,2023-12-02,1,3,Match 5,166,1750.0
2916,2023-12-02,1,4,Match 4,10156,140.0
2916,2023-12-02,1,5,Match 3,184064,30.0
2916,2023-12-02,1,6,Match 2,1368905,0.0
2917,2023-12-06,1,1,Match 6,0,8621810.0
2917,2023-12-06,1,2,Match 5 plus Bonus,1,1000000.0
2917,2023-12-06,1,3,Match 5,42,1750.0
2917,2023-12-06,1,4,Match 4,3348,140.0
2917,2023-12-06,1,5,Match 3,84224,30.0
2917,2023-12-06,1,6,Match 2,780755,0.0
2918,2023-12-09,1,1,Match 6,0,10981323.0
2918,2023-12-09,1,2,Match 5 plus Bonus,0,1000000.0
2918,2023-12-09,1,3,Match 5,69,1750.0
2918,2023-12-09,1,4,Match 4,4985,140.0
2918,2023-12-09,1,5,Match 3,114932,30.0
2918,2023-12-09,1,6,Match 2,1118517,0.0
2919,2023-12-13,1,1,Match 6,1,13035101.0
2919,2023-12-13,1,2,Match 5 plus Bonus,0,1000000.0
2919,2023-12-13,1,3,Match 5,55,1750.0
2919,2023-12-13,1,4,Match 4,4544,140.0
2919,2023-12-13,1,5,Match 3,106505,30.0
2919,2023-12-13,1,6,Match 2,1017769,0.0
2920,2023-12-16,1,1,Match 6,1,3800000.0
2920,2023-12-16,1,2,Match 5 plus Bonus,0,1000000.0
2920,2023-12-16,1,3,Match 5,57,1750.0
2920,2023-12-16,1,4,Match 4,4176,140.0
2920,2023-12-16,1,5,Match 3,106059,30.0
2920,2023-12-16,1,6,Match 2,1026836,0.0
2921,2023-12-20,1,1,Match 6,0,2000000.0
2921,2023-12-20,1,2,Match 5 plus Bonus,0,1000000.0
2921,2023-12-20,1,3,Match 5,42,1750.0
2921,2023-12-20,1,4,Match 4,2301,140.0
2921,2023-12-20,1,5,Match 3,60406,30.0
2921,2023-12-20,1,6,Match 2,621824,0.0
2922,2023-12-23,1,1,Match 6,1,15000000.0
2922,2023-12-23,1,2,Match 5 plus Bonus,2,1000000.0
2922,2023-12-23,1,3,Match 5,98,1750.0
2922,2023-12-23,1,4,Match 4,7812,140.0
2922,2023-12-23,1,5,Match 3,178650,30.0
2922,2023-12-23,1,6,Match 2,1745145,0.0
2923,2023-12-27,1,1,Match 6,1,2000000.0
2923,2023-12-27,1,2,Match 5 plus Bonus,0,1000000.0
2923,2023-12-27,1,3,Match 5,25,1750.0
2923,2023-12-27,1,4,Match 4,3135,140.0
2923,2023-12-27,1,5,Match 3,78356,30.0
2923,2023-12-27,1,6,Match 2,736287,0.0
2924,2023-12-30,1,1,Match 6,0,15000000.0
2924,2023-12-30,1,2,Match 5 plus Bonus,1,10000001213436.0
2924,2023-12-30,1,3,Match 5,94,17505534.0
2924,2023-12-30,1,4,Match 4,6659,140214.0
2924,2023-12-30,1,5,Match 3,159399,3067.0
2924,2023-12-30,1,6,Match 2,1577087,5.0
2925,2024-01-03,1,1,Match 6,0,2000000.0
2925,2024-01-03,1,2,Match 5 plus Bonus,0,1000000.0
2925,2024-01-03,1,3,Match 5,53,1750.0
2925,2024-01-03,1,4,Match 4,3592,140.0
2925,2024-01-03,1,5,Match 3,81492,30.0
2925,2024-01-03,1,6,Match 2,717949,0.0
2926,2024-01-06,1,1,Match 6,0,4103062.0
2926,2024-01-06,1,2,Match 5 plus Bonus,2,1000000.0
2926,2024-01-06,1,3,Match 5,51,1750.0
2926,2024-01-06,1,4,Match 4,3220,140.0
2926,2024-01-06,1,5,Match 3,86002,30.0
2926,2024-01-06,1,6,Match 2,884806,0.0
2927,2024-01-10,1,1,Match 6,0,5405949.0
2927,2024-01-10,1,2,Match 5 plus Bonus,2,1000000.0
2927,2024-01-10,1,3,Match 5,130,1750.0
2927,2024-01-10,1,4,Match 4,5172,140.0
2927,2024-01-10,1,5,Match 3,77748,30.0
2927,2024-01-10,1,6,Match 2,682093,0.0
2928,2024-01-13,1,1,Match 6,0,7638259.0
2928,2024-01-13,1,2,Match 5 plus Bonus,1,1000000.0
2928,2024-01-13,1,3,Match 5,109,1750.0
2928,2024-01-13,1,4,Match 4,6421,140.0
2928,2024-01-13,1,5,Match 3,138447,30.0
2928,2024-01-13,1,6,Match 2,1220767,0.0
2929,2024-01-17,1,1,Match 6,0,9152637.0
2929,2024-01-17,1,2,Match 5 plus Bonus,2,1000000.0
2929,2024-01-17,1,3,Match 5,75,1750.0
2929,2024-01-17,1,4,Match 4,4267,140.0
2929,2024-01-17,1,5,Match 3,96762,30.0
2929,2024-01-17,1,6,Match 2,844936,0.0
2930,2024-01-20,1,1,Match 6,0,11972432.0
2930,2024-01-20,1,2,Match 5 plus Bonus,3,10000001042922.0
2930,2024-01-20,1,3,Match 5,147,17503209.0
2930,2024-01-20,1,4,Match 4,8563,140175.0
2930,2024-01-20,1,5,Match 3,175831,3050.0
2930,2024-01-20,1,6,Match 2,1536046,5.0
2931,2024-01-24,1,1,Match 6,0,2000000.0
2931,2024-01-24,1,2,Match 5 plus Bonus,0,1000000.0
2931,2024-01-24,1,3,Match 5,24,1750.0
2931,2024-01-24,1,4,Match 4,2439,140.0
2931,2024-01-24,1,5,Match 3,61274,30.0
2931,2024-01-24,1,6,Match 2,618065,0.0
2932,2024-01-27,1,1,Match 6,0,4090454.0
2932,2024-01-27,1,2,Match 5 plus Bonus,0,1000000.0
2932,2024-01-27,1,3,Match 5,52,1750.0
2932,2024-01-27,1,4,Match 4,3746,140.0
2932,2024-01-27,1,5,Match 3,93397,30.0
2932,2024-01-27,1,6,Match 2,952729,0.0
2933,2024-01-31,1,1,Match 6,0,5411667.0
2933,2024-01-31,1,2,Match 5 plus Bonus,0,1000000.0
2933,2024-01-31,1,3,Match 5,76,1750.0
2933,2024-01-31,1,4,Match 4,5306,140.0
2933,2024-01-31,1,5,Match 3,102614,30.0
2933,2024-01-31,1,6,Match 2,819260,0.0
2934,2024-02-03,1,1,Match 6,0,7630439.0
2934,2024-02-03,1,2,Match 5 plus Bonus,0,1000000.0
2934,2024-02-03,1,3,Match 5,68,1750.0
2934,2024-02-03,1,4,Match 4,5770,140.0
2934,2024-02-03,1,5,Match 3,135935,30.0
2934,2024-02-03,1,6,Match 2,1221790,0.0
2935,2024-02-07,1,1,Match 6,0,9127555.0
2935,2024-02-07,1,2,Match 5 plus Bonus,1,1000000.0
2935,2024-02-07,1,3,Match 5,34,1750.0
2935,2024-02-07,1,4,Match 4,2933,140.0
2935,2024-02-07,1,5,Match 3,71884,30.0
2935,2024-02-07,1,6,Match 2,738665,0.0
2936,2024-02-10,1,1,Match 6,0,11888763.0
2936,2024-02-10,1,2,Match 5 plus Bonus,3,10000001048373.0
2936,2024-02-10,1,3,Match 5,94,17504323.0
2936,2024-02-10,1,4,Match 4,6157,140194.0
2936,2024-02-10,1,5,Match 3,149487,3057.0
2936,2024-02-10,1,6,Match 2,1410282,5.0
2937,2024-02-14,1,1,Match 6,0,2000000.0
2937,2024-02-14,1,2,Match 5 plus Bonus,2,1000000.0
2937,2024-02-14,1,3,Match 5,39,1750.0
2937,2024-02-14,1,4,Match 4,3602,140.0
2937,2024-02-14,1,5,Match 3,67039,30.0
2937,2024-02-14,1,6,Match 2,638689,0.0
2938,2024-02-17,1,1,Match 6,0,4091406.0
2938,2024-02-17,1,2,Match 5 plus Bonus,0,1000000.0
2938,2024-02-17,1,3,Match 5,106,1750.0
2938,2024-02-17,1,4,Match 4,5887,140.0
2938,2024-02-17,1,5,Match 3,124407,30.0
2938,2024-02-17,1,6,Match 2,1118977,0.0
2939,2024-02-21,1,1,Match 6,0,5434354.0
2939,2024-02-21,1,2,Match 5 plus Bonus,1,1000000.0
2939,2024-02-21,1,3,Match 5,24,1750.0
2939,2024-02-21,1,4,Match 4,1905,140.0
2939,2024-02-21,1,5,Match 3,46664,30.0
2939,2024-02-21,1,6,Match 2,506254,0.0
2940,2024-02-24,1,1,Match 6,0,7626305.0
2940,2024-02-24,1,2,Match 5 plus Bonus,1,1000000.0
2940,2024-02-24,1,3,Match 5,59,1750.0
2940,2024-02-24,1,4,Match 4,5234,140.0
2940,2024-02-24,1,5,Match 3,131065,30.0
2940,2024-02-24,1,6,Match 2,1215765,0.0
2941,2024-02-28,1,1,Match 6,0,9124362.0
2941,2024-02-28,1,2,Match 5 plus Bonus,1,1000000.0
2941,2024-02-28,1,3,Match 5,43,1750.0
2941,2024-02-28,1,4,Match 4,2738,140.0
2941,2024-02-28,1,5,Match 3,69291,30.0
2941,2024-02-28,1,6,Match 2,701899,0.0
2942,2024-03-02,1,1,Match 6,1,15000000.0
2942,2024-03-02,1,2,Match 5 plus Bonus,2,1000000.0
2942,2024-03-02,1,3,Match 5,84,1750.0
2942,2024-03-02,1,4,Match 4,5553,140.0
2942,2024-03-02,1,5,Match 3,130423,30.0
2942,2024-03-02,1,6,Match 2,1318141,0.0
2943,2024-03-06,1,1,Match 6,0,2000000.0
2943,2024-03-06,1,2,Match 5 plus Bonus,1,1000000.0
2943,2024-03-06,1,3,Match 5,30,1750.0
2943,2024-03-06,1,4,Match 4,2657,140.0
2943,2024-03-06,1,5,Match 3,64500,30.0
2943,2024-03-06,1,6,Match 2,634739,0.0
2944,2024-03-09,1,1,Match 6,0,4085324.0
2944,2024-03-09,1,2,Match 5 plus Bonus,2,1000000.0
2944,2024-03-09,1,3,Match 5,46,1750.0
2944,2024-03-09,1,4,Match 4,3267,140.0
2944,2024-03-09,1,5,Match 3,84958,30.0
2944,2024-03-09,1,6,Match 2,926209,0.0
2945,2024-03-13,1,1,Match 6,0,5377171.0
2945,2024-03-13,1,2,Match 5 plus Bonus,1,1000000.0
2945,2024-03-13,1,3,Match 5,32,1750.0
2945,2024-03-13,1,4,Match 4,2410,140.0
2945,2024-03-13,1,5,Match 3,60135,30.0
2945,2024-03-13,1,6,Match 2,623836,0.0
2946,2024-03-16,1,1,Match 6,0,7539659.0
2946,2024-03-16,1,2,Match 5 plus Bonus,0,1000000.0
2946,2024-03-16,1,3,Match 5,65,1750.0
2946,2024-03-16,1,4,Match 4,5340,140.0
2946,2024-03-16,1,5,Match 3,127159,30.0
2946,2024-03-16,1,6,Match 2,1185275,0.0
2947,2024-03-20,1,1,Match 6,0,8953344.0
2947,2024-03-20,1,2,Match 5 plus Bonus,2,1000000.0
2947,2024-03-20,1,3,Match 5,94,1750.0
2947,2024-03-20,1,4,Match 4,5366,140.0
2947,2024-03-20,1,5,Match 3,103190,30.0
2947,2024-03-20,1,6,Match 2,836735,0.0
2948,2024-03-23,1,1,Match 6,0,11669564.0
2948,2024-03-23,1,2,Match 5 plus Bonus,1,10000001161913.0
2948,2024-03-23,1,3,Match 5,58,17506402.0
2948,2024-03-23,1,4,Match 4,5104,140214.0
2948,2024-03-23,1,5,Match 3,124016,3066.0
2948,2024-03-23,1,6,Match 2,1254488,5.0
2949,2024-03-27,1,1,Match 6,0,2000000.0
2949,2024-03-27,1,2,Match 5 plus Bonus,4,1000000.0
2949,2024-03-27,1,3,Match 5,59,1750.0
2949,2024-03-27,1,4,Match 4,3632,140.0
2949,2024-03-27,1,5,Match 3,84222,30.0
2949,2024-03-27,1,6,Match 2,728383,0.0
2950,2024-03-30,1,1,Match 6,0,4108976.0
2950,2024-03-30,1,2,Match 5 plus Bonus,1,1000000.0
2950,2024-03-30,1,3,Match 5,63,1750.0
2950,2024-03-30,1,4,Match 4,3692,140.0
2950,2024-03-30,1,5,Match 3,92676,30.0
2950,2024-03-30,1,6,Match 2,972720,0.0
2951,2024-04-03,1,1,Match 6,0,5395739.0
2951,2024-04-03,1,2,Match 5 plus Bonus,1,1000000.0
2951,2024-04-03,1,3,Match 5,44,1750.0
2951,2024-04-03,1,4,Match 4,2321,140.0
2951,2024-04-03,1,5,Match 3,59119,30.0
2951,2024-04-03,1,6,Match 2,585567,0.0
2952,2024-04-06,1,1,Match 6,1,7530298.0
2952,2024-04-06,1,2,Match 5 plus Bonus,1,1000000.0
2952,2024-04-06,1,3,Match 5,262,1750.0
2952,2024-04-06,1,4,Match 4,10512,140.0
2952,2024-04-06,1,5,Match 3,177505,30.0
2952,2024-04-06,1,6,Match 2,1322560,0.0
2953,2024-04-10,1,1,Match 6,0,2000000.0
2953,2024-04-10,1,2,Match 5 plus Bonus,2,1000000.0
2953,2024-04-10,1,3,Match 5,28,1750.0
2953,2024-04-10,1,4,Match 4,2906,140.0
2953,2024-04-10,1,5,Match 3,68211,30.0
2953,2024-04-10,1,6,Match 2,637000,0.0
2954,2024-04-13,1,1,Match 6,0,4006444.0
2954,2024-04-13,1,2,Match 5 plus Bonus,3,1000000.0
2954,2024-04-13,1,3,Match 5,75,1750.0
2954,2024-04-13,1,4,Match 4,4865,140.0
2954,2024-04-13,1,5,Match 3,109236,30.0
2954,2024-04-13,1,6,Match 2,1014279,0.0
2955,2024-04-17,1,1,Match 6,1,5281290.0
2955,2024-04-17,1,2,Match 5 plus Bonus,1,1000000.0
2955,2024-04-17,1,3,Match 5,38,1750.0
2955,2024-04-17,1,4,Match 4,3152,140.0
2955,2024-04-17,1,5,Match 3,74091,30.0
2955,2024-04-17,1,6,Match 2,688322,0.0
2956,2024-04-20,1,1,Match 6,0,3800000.0
2956,2024-04-20,1,2,Match 5 plus Bonus,0,1000000.0
2956,2024-04-20,1,3,Match 5,44,1750.0
2956,2024-04-20,1,4,Match 4,3133,140.0
2956,2024-04-20,1,5,Match 3,81334,30.0
2956,2024-04-20,1,6,Match 2,866409,0.0
2957,2024-04-24,1,1,Match 6,0,5043064.0
2957,2024-04-24,1,2,Match 5 plus Bonus,0,1000000.0
2957,2024-04-24,1,3,Match 5,29,1750.0
2957,2024-04-24,1,4,Match 4,1806,140.0
2957,2024-04-24,1,5,Match 3,46067,30.0
2957,2024-04-24,1,6,Match 2,515583,0.0
2958,2024-04-27,1,1,Match 6,0,7141148.0
2958,2024-04-27,1,2,Match 5 plus Bonus,2,1000000.0
2958,2024-04-27,1,3,Match 5,33,1750.0
2958,2024-04-27,1,4,Match 4,3710,140.0
2958,2024-04-27,1,5,Match 3,96074,30.0
2958,2024-04-27,1,6,Match 2,987381,0.0
2959,2024-05-01,1,1,Match 6,0,8528659.0
2959,2024-05-01,1,2,Match 5 plus Bonus,0,1000000.0
2959,2024-05-01,1,3,Match 5,43,1750.0
2959,2024-05-01,1,4,Match 4,3020,140.0
2959,2024-05-01,1,5,Match 3,78023,30.0
2959,2024-05-01,1,6,Match 2,728419,0.0
2960,2024-05-04,1,1,Match 6,0,10767270.0
2960,2024-05-04,1,2,Match 5 plus Bonus,2,1000000.0
2960,2024-05-04,1,3,Match 5,54,1750.0
2960,2024-05-04,1,4,Match 4,4346,140.0
2960,2024-05-04,1,5,Match 3,110231,30.0
2960,2024-05-04,1,6,Match 2,1105107,0.0
2961,2024-05-08,1,1,Match 6,0,12644545.0
2961,2024-05-08,1,2,Match 5 plus Bonus,1,10000001248208.0
2961,2024-05-08,1,3,Match 5,58,17508882.0
2961,2024-05-08,1,4,Match 4,3681,140297.0
2961,2024-05-08,1,5,Match 3,89746,30108.0
2961,2024-05-08,1,6,Match 2,874189,5.0
2962,2024-05-11,1,1,Match 6,0,15000000.0
2962,2024-05-11,1,2,Match 5 plus Bonus,3,10000001087363.0
2962,2024-05-11,1,3,Match 5,68,17508173.0
2962,2024-05-11,1,4,Match 4,4552,140274.0
2962,2024-05-11,1,5,Match 3,116276,3093.0
2962,2024-05-11,1,6,Match 2,1252721,5.0
2963,2024-05-15,1,1,Match 6,0,2000000.0
2963,2024-05-15,1,2,Match 5 plus Bonus,0,1000000.0
2963,2024-05-15,1,3,Match 5,31,1750.0
2963,2024-05-15,1,4,Match 4,2288,140.0
2963,2024-05-15,1,5,Match 3,57607,30.0
2963,2024-05-15,1,6,Match 2,591927,0.0
2964,2024-05-18,1,1,Match 6,1,3967428.0
2964,2024-05-18,1,2,Match 5 plus Bonus,0,1000000.0
2964,2024-05-18,1,3,Match 5,51,1750.0
2964,2024-05-18,1,4,Match 4,4789,140.0
2964,2024-05-18,1,5,Match 3,112528,30.0
2964,2024-05-18,1,6,Match 2,1037098,0.0
2965,2024-05-22,1,1,Match 6,0,2000000.0
2965,2024-05-22,1,2,Match 5 plus Bonus,4,1000000.0
2965,2024-05-22,1,3,Match 5,38,1750.0
2965,2024-05-22,1,4,Match 4,3392,140.0
2965,2024-05-22,1,5,Match 3,76397,30.0
2965,2024-05-22,1,6,Match 2,674593,0.0
2966,2024-05-25,1,1,Match 6,0,3989017.0
2966,2024-05-25,1,2,Match 5 plus Bonus,2,1000000.0
2966,2024-05-25,1,3,Match 5,48,1750.0
2966,2024-05-25,1,4,Match 4,3110,140.0
2966,2024-05-25,1,5,Match 3,81401,30.0
2966,2024-05-25,1,6,Match 2,867533,0.0
2967,2024-05-29,1,1,Match 6,0,5257712.0
2967,2024-05-29,1,2,Match 5 plus Bonus,5,1000000.0
2967,2024-05-29,1,3,Match 5,46,1750.0
2967,2024-05-29,1,4,Match 4,3926,140.0
2967,2024-05-29,1,5,Match 3,81968,30.0
2967,2024-05-29,1,6,Match 2,705308,0.0
2968,2024-06-01,1,1,Match 6,0,7373052.0
2968,2024-06-01,1,2,Match 5 plus Bonus,0,1000000.0
2968,2024-06-01,1,3,Match 5,62,1750.0
2968,2024-06-01,1,4,Match 4,5672,140.0
2968,2024-06-01,1,5,Match 3,121566,30.0
2968,2024-06-01,1,6,Match 2,1129188,0.0
2969,2024-06-05,1,1,Match 6,0,8765924.0
2969,2024-06-05,1,2,Match 5 plus Bonus,1,1000000.0
2969,2024-06-05,1,3,Match 5,53,1750.0
2969,2024-06-05,1,4,Match 4,3754,140.0
2969,2024-06-05,1,5,Match 3,86225,30.0
2969,2024-06-05,1,6,Match 2,759597,0.0
2970,2024-06-08,1,1,Match 6,1,11449068.0
2970,2024-06-08,1,2,Match 5 plus Bonus,1,1000000.0
2970,2024-06-08,1,3,Match 5,186,1750.0
2970,2024-06-08,1,4,Match 4,12142,140.0
2970,2024-06-08,1,5,Match 3,222468,30.0
2970,2024-06-08,1,6,Match 2,1678011,0.0
2971,2024-06-12,1,1,Match 6,0,2000000.0
2971,2024-06-12,1,2,Match 5 plus Bonus,0,1000000.0
2971,2024-06-12,1,3,Match 5,23,1750.0
2971,2024-06-12,1,4,Match 4,1796,140.0
2971,2024-06-12,1,5,Match 3,45169,30.0
2971,2024-06-12,1,6,Match 2,480398,0.0
2972,2024-06-15,1,1,Match 6,0,3975857.0
2972,2024-06-15,1,2,Match 5 plus Bonus,1,1000000.0
2972,2024-06-15,1,3,Match 5,66,1750.0
2972,2024-06-15,1,4,Match 4,5120,140.0
2972,2024-06-15,1,5,Match 3,120148,30.0
2972,2024-06-15,1,6,Match 2,1080438,0.0
2973,2024-06-19,1,1,Match 6,0,5260136.0
2973,2024-06-19,1,2,Match 5 plus Bonus,1,1000000.0
2973,2024-06-19,1,3,Match 5,89,1750.0
2973,2024-06-19,1,4,Match 4,5866,140.0
2973,2024-06-19,1,5,Match 3,104435,30.0
2973,2024-06-19,1,6,Match 2,785050,0.0
2974,2024-06-22,1,1,Match 6,0,7351116.0
2974,2024-06-22,1,2,Match 5 plus Bonus,2,1000000.0
2974,2024-06-22,1,3,Match 5,96,1750.0
2974,2024-06-22,1,4,Match 4,5812,140.0
2974,2024-06-22,1,5,Match 3,125375,30.0
2974,2024-06-22,1,6,Match 2,1132643,0.0
2975,2024-06-26,1,1,Match 6,0,8792560.0
2975,2024-06-26,1,2,Match 5 plus Bonus,2,1000000.0
2975,2024-06-26,1,3,Match 5,44,1750.0
2975,2024-06-26,1,4,Match 4,2631,140.0
2975,2024-06-26,1,5,Match 3,65757,30.0
2975,2024-06-26,1,6,Match 2,662955,0.0
2976,2024-06-29,1,1,Match 6,0,11473912.0
2976,2024-06-29,1,2,Match 5 plus Bonus,9,10000001009730.0
2976,2024-06-29,1,3,Match 5,445,17502077.0
2976,2024-06-29,1,4,Match 4,16500,140152.0
2976,2024-06-29,1,5,Match 3,248179,3039.0
2976,2024-06-29,1,6,Match 2,1710946,5.0
2977,2024-07-03,1,1,Match 6,0,2000000.0
2977,2024-07-03,1,2,Match 5 plus Bonus,1,1000000.0
2977,2024-07-03,1,3,Match 5,26,1750.0
2977,2024-07-03,1,4,Match 4,1995,140.0
2977,2024-07-03,1,5,Match 3,51479,30.0
2977,2024-07-03,1,6,Match 2,560135,0.0
2978,2024-07-06,1,1,Match 6,1,15000000.0
2978,2024-07-06,1,2,Match 5 plus Bonus,2,1000000.0
2978,2024-07-06,1,3,Match 5,79,1750.0
2978,2024-07-06,1,4,Match 4,6101,140.0
2978,2024-07-06,1,5,Match 3,146070,30.0
2978,2024-07-06,1,6,Match 2,1426606,0.0
2979,2024-07-10,1,1,Match 6,0,2000000.0
2979,2024-07-10,1,2,Match 5 plus Bonus,0,1000000.0
2979,2024-07-10,1,3,Match 5,86,1750.0
2979,2024-07-10,1,4,Match 4,5278,140.0
2979,2024-07-10,1,5,Match 3,100478,30.0
2979,2024-07-10,1,6,Match 2,788141,0.0
2980,2024-07-13,1,1,Match 6,0,4026647.0
2980,2024-07-13,1,2,Match 5 plus Bonus,2,1000000.0
2980,2024-07-13,1,3,Match 5,44,1750.0
2980,2024-07-13,1,4,Match 4,3394,140.0
2980,2024-07-13,1,5,Match 3,86074,30.0
2980,2024-07-13,1,6,Match 2,895028,0.0
2981,2024-07-17,1,1,Match 6,0,5269627.0
2981,2024-07-17,1,2,Match 5 plus Bonus,2,1000000.0
2981,2024-07-17,1,3,Match 5,39,1750.0
2981,2024-07-17,1,4,Match 4,3169,140.0
2981,2024-07-17,1,5,Match 3,74380,30.0
2981,2024-07-17,1,6,Match 2,677648,0.0
2982,2024-07-20,1,1,Match 6,1,7233404.0
2982,2024-07-20,1,2,Match 5 plus Bonus,0,1000000.0
2982,2024-07-20,1,3,Match 5,40,1750.0
2982,2024-07-20,1,4,Match 4,3385,140.0
2982,2024-07-20,1,5,Match 3,85294,30.0
2982,2024-07-20,1,6,Match 2,900510,0.0
2983,2024-07-24,1,1,Match 6,0,2000000.0
2983,2024-07-24,1,2,Match 5 plus Bonus,1,1000000.0
2983,2024-07-24,1,3,Match 5,71,1750.0
2983,2024-07-24,1,4,Match 4,4546,140.0
2983,2024-07-24,1,5,Match 3,88620,30.0
2983,2024-07-24,1,6,Match 2,701545,0.0
2984,2024-07-27,1,1,Match 6,0,4007501.0
2984,2024-07-27,1,2,Match 5 plus Bonus,1,1000000.0
2984,2024-07-27,1,3,Match 5,71,1750.0
2984,2024-07-27,1,4,Match 4,6019,140.0
2984,2024-07-27,1,5,Match 3,125294,30.0
2984,2024-07-27,1,6,Match 2,1095254,0.0
2985,2024-07-31,1,1,Match 6,0,5300769.0
2985,2024-07-31,1,2,Match 5 plus Bonus,0,1000000.0
2985,2024-07-31,1,3,Match 5,37,1750.0
2985,2024-07-31,1,4,Match 4,2206,140.0
2985,2024-07-31,1,5,Match 3,56368,30.0
2985,2024-07-31,1,6,Match 2,591084,0.0
2986,2024-08-03,1,1,Match 6,0,15000000.0
2986,2024-08-03,1,2,Match 5 plus Bonus,1,10000001211569.0
2986,2024-08-03,1,3,Match 5,112,17504898.0
2986,2024-08-03,1,4,Match 4,8691,140196.0
2986,2024-08-03,1,5,Match 3,185371,3062.0
2986,2024-08-03,1,6,Match 2,1589537,5.0
2987,2024-08-07,1,1,Match 6,0,2000000.0
2987,2024-08-07,1,2,Match 5 plus Bonus,1,1000000.0
2987,2024-08-07,1,3,Match 5,46,1750.0
2987,2024-08-07,1,4,Match 4,2497,140.0
2987,2024-08-07,1,5,Match 3,65557,30.0
2987,2024-08-07,1,6,Match 2,654186,0.0
2988,2024-08-10,1,1,Match 6,0,4002090.0
2988,2024-08-10,1,2,Match 5 plus Bonus,0,1000000.0
2988,2024-08-10,1,3,Match 5,44,1750.0
2988,2024-08-10,1,4,Match 4,3469,140.0
2988,2024-08-10,1,5,Match 3,86118,30.0
2988,2024-08-10,1,6,Match 2,894339,0.0
2989,2024-08-14,1,1,Match 6,1,5262943.0
2989,2024-08-14,1,2,Match 5 plus Bonus,1,1000000.0
2989,2024-08-14,1,3,Match 5,48,1750.0
2989,2024-08-14,1,4,Match 4,3196,140.0
2989,2024-08-14,1,5,Match 3,70843,30.0
2989,2024-08-14,1,6,Match 2,662916,0.0
2990,2024-08-17,1,1,Match 6,0,3800000.0
2990,2024-08-17,1,2,Match 5 plus Bonus,2,1000000.0
2990,2024-08-17,1,3,Match 5,54,1750.0
2990,2024-08-17,1,4,Match 4,4246,140.0
2990,2024-08-17,1,5,Match 3,107660,30.0
2990,2024-08-17,1,6,Match 2,1023607,0.0
2991,2024-08-21,1,1,Match 6,0,5051614.0
2991,2024-08-21,1,2,Match 5 plus Bonus,0,1000000.0
2991,2024-08-21,1,3,Match 5,26,1750.0
2991,2024-08-21,1,4,Match 4,2369,140.0
2991,2024-08-21,1,5,Match 3,53856,30.0
2991,2024-08-21,1,6,Match 2,550019,0.0
2992,2024-08-24,1,1,Match 6,0,7127514.0
2992,2024-08-24,1,2,Match 5 plus Bonus,2,1000000.0
2992,2024-08-24,1,3,Match 5,90,1750.0
2992,2024-08-24,1,4,Match 4,5225,140.0
2992,2024-08-24,1,5,Match 3,112783,30.0
2992,2024-08-24,1,6,Match 2,1052745,0.0
2993,2024-08-28,1,1,Match 6,0,8460930.0
2993,2024-08-28,1,2,Match 5 plus Bonus,0,1000000.0
2993,2024-08-28,1,3,Match 5,47,1750.0
2993,2024-08-28,1,4,Match 4,3368,140.0
2993,2024-08-28,1,5,Match 3,76490,30.0
2993,2024-08-28,1,6,Match 2,701370,0.0
2994,2024-08-31,1,1,Match 6,0,10721591.0
2994,2024-08-31,1,2,Match 5 plus Bonus,2,1000000.0
2994,2024-08-31,1,3,Match 5,65,1750.0
2994,2024-08-31,1,4,Match 4,4057,140.0
2994,2024-08-31,1,5,Match 3,106141,30.0
2994,2024-08-31,1,6,Match 2,1110861,0.0
2995,2024-09-04,1,1,Match 6,1,12626193.0
2995,2024-09-04,1,2,Match 5 plus Bonus,7,1000000.0
2995,2024-09-04,1,3,Match 5,93,1750.0
2995,2024-09-04,1,4,Match 4,6521,140.0
2995,2024-09-04,1,5,Match 3,130097,30.0
2995,2024-09-04,1,6,Match 2,1082907,0.0
2996,2024-09-07,1,1,Match 6,0,15000000.0
2996,2024-09-07,1,2,Match 5 plus Bonus,2,10000001127504.0
2996,2024-09-07,1,3,Match 5,81,17506997.0
2996,2024-09-07,1,4,Match 4,5162,140255.0
2996,2024-09-07,1,5,Match 3,125436,3087.0
2996,2024-09-07,1,6,Match 2,1299945,5.0
2997,2024-09-11,1,1,Match 6,0,2000000.0
2997,2024-09-11,1,2,Match 5 plus Bonus,1,1000000.0
2997,2024-09-11,1,3,Match 5,35,1750.0
2997,2024-09-11,1,4,Match 4,2221,140.0
2997,2024-09-11,1,5,Match 3,58098,30.0
2997,2024-09-11,1,6,Match 2,586885,0.0
2998,2024-09-14,1,1,Match 6,0,3990111.0
2998,2024-09-14,1,2,Match 5 plus Bonus,0,1000000.0
2998,2024-09-14,1,3,Match 5,51,1750.0
2998,2024-09-14,1,4,Match 4,3446,140.0
2998,2024-09-14,1,5,Match 3,87444,30.0
2998,2024-09-14,1,6,Match 2,893742,0.0
2999,2024-09-18,1,1,Match 6,0,5252313.0
2999,2024-09-18,1,2,Match 5 plus Bonus,1,1000000.0
2999,2024-09-18,1,3,Match 5,26,1750.0
2999,2024-09-18,1,4,Match 4,1825,140.0
2999,2024-09-18,1,5,Match 3,45863,30.0
2999,2024-09-18,1,6,Match 2,507611,0.0
3000,2024-09-21,1,1,Match 6,0,7303317.0
3000,2024-09-21,1,2,Match 5 plus Bonus,1,1000000.0
3000,2024-09-21,1,3,Match 5,58,1750.0
3000,2024-09-21,1,4,Match 4,4170,140.0
3000,2024-09-21,1,5,Match 3,102745,30.0
3000,2024-09-21,1,6,Match 2,1008660,0.0
3001,2024-09-25,1,1,Match 6,0,8665211.0
3001,2024-09-25,1,2,Match 5 plus Bonus,1,1000000.0
3001,2024-09-25,1,3,Match 5,25,1750.0
3001,2024-09-25,1,4,Match 4,2523,140.0
3001,2024-09-25,1,5,Match 3,67873,30.0
3001,2024-09-25,1,6,Match 2,678873,0.0
3002,2024-09-28,1,1,Match 6,0,11310063.0
3002,2024-09-28,1,2,Match 5 plus Bonus,3,10000001052357.0
3002,2024-09-28,1,3,Match 5,81,17504981.0
3002,2024-09-28,1,4,Match 4,5092,140211.0
3002,2024-09-28,1,5,Match 3,123578,3066.0
3002,2024-09-28,1,6,Match 2,1214853,5.0
3003,2024-10-02,1,1,Match 6,0,2000000.0
3003,2024-10-02,1,2,Match 5 plus Bonus,0,1000000.0
3003,2024-10-02,1,3,Match 5,54,1750.0
3003,2024-10-02,1,4,Match 4,3461,140.0
3003,2024-10-02,1,5,Match 3,79436,30.0
3003,2024-10-02,1,6,Match 2,702394,0.0
3004,2024-10-05,1,1,Match 6,0,4021501.0
3004,2024-10-05,1,2,Match 5 plus Bonus,1,1000000.0
3004,2024-10-05,1,3,Match 5,81,1750.0
3004,2024-10-05,1,4,Match 4,6210,140.0
3004,2024-10-05,1,5,Match 3,138341,30.0
3004,2024-10-05,1,6,Match 2,1183165,0.0
3005,2024-10-09,1,1,Match 6,0,5330124.0
3005,2024-10-09,1,2,Match 5 plus Bonus,0,1000000.0
3005,2024-10-09,1,3,Match 5,34,1750.0
3005,2024-10-09,1,4,Match 4,2094,140.0
3005,2024-10-09,1,5,Match 3,57067,30.0
3005,2024-10-09,1,6,Match 2,609619,0.0
3006,2024-10-12,1,1,Match 6,1,7422407.0
3006,2024-10-12,1,2,Match 5 plus Bonus,2,1000000.0
3006,2024-10-12,1,3,Match 5,129,1750.0
3006,2024-10-12,1,4,Match 4,6614,140.0
3006,2024-10-12,1,5,Match 3,139443,30.0
3006,2024-10-12,1,6,Match 2,1205591,0.0
3007,2024-10-16,1,1,Match 6,0,2000000.0
3007,2024-10-16,1,2,Match 5 plus Bonus,2,1000000.0
3007,2024-10-16,1,3,Match 5,55,1750.0
3007,2024-10-16,1,4,Match 4,3092,140.0
3007,2024-10-16,1,5,Match 3,73412,30.0
3007,2024-10-16,1,6,Match 2,673680,0.0
3008,2024-10-19,1,1,Match 6,0,3997249.0
3008,2024-10-19,1,2,Match 5 plus Bonus,0,1000000.0
3008,2024-10-19,1,3,Match 5,39,1750.0
3008,2024-10-19,1,4,Match 4,3374,140.0
3008,2024-10-19,1,5,Match 3,81142,30.0
3008,2024-10-19,1,6,Match 2,855596,0.0
3009,2024-10-23,1,1,Match 6,0,5243988.0
3009,2024-10-23,1,2,Match 5 plus Bonus,2,1000000.0
3009,2024-10-23,1,3,Match 5,45,1750.0
3009,2024-10-23,1,4,Match 4,3674,140.0
3009,2024-10-23,1,5,Match 3,82988,30.0
3009,2024-10-23,1,6,Match 2,701936,0.0
3010,2024-10-26,1,1,Match 6,1,7359568.0
3010,2024-10-26,1,2,Match 5 plus Bonus,3,1000000.0
3010,2024-10-26,1,3,Match 5,70,1750.0
3010,2024-10-26,1,4,Match 4,5502,140.0
3010,2024-10-26,1,5,Match 3,121633,30.0
3010,2024-10-26,1,6,Match 2,1116034,0.0
3011,2024-10-30,1,1,Match 6,0,2000000.0
3011,2024-10-30,1,2,Match 5 plus Bonus,0,1000000.0
3011,2024-10-30,1,3,Match 5,15,1750.0
3011,2024-10-30,1,4,Match 4,1788,140.0
3011,2024-10-30,1,5,Match 3,44413,30.0
3011,2024-10-30,1,6,Match 2,454292,0.0
3012,2024-11-02,1,1,Match 6,0,3986658.0
3012,2024-11-02,1,2,Match 5 plus Bonus,0,1000000.0
3012,2024-11-02,1,3,Match 5,51,1750.0
3012,2024-11-02,1,4,Match 4,4130,140.0
3012,2024-11-02,1,5,Match 3,107787,30.0
3012,2024-11-02,1,6,Match 2,1071829,0.0
3013,2024-11-06,1,1,Match 6,2,2637641.0
3013,2024-11-06,1,2,Match 5 plus Bonus,1,1000000.0
3013,2024-11-06,1,3,Match 5,69,1750.0
3013,2024-11-06,1,4,Match 4,4122,140.0
3013,2024-11-06,1,5,Match 3,87607,30.0
3013,2024-11-06,1,6,Match 2,752827,0.0
3014,2024-11-09,1,1,Match 6,0,15000000.0
3014,2024-11-09,1,2,Match 5 plus Bonus,1,10000001262917.0
3014,2024-11-09,1,3,Match 5,72,17507836.0
3014,2024-11-09,1,4,Match 4,4920,140264.0
3014,2024-11-09,1,5,Match 3,119231,3092.0
3014,2024-11-09,1,6,Match 2,1247215,5.0
3015,2024-11-13,1,1,Match 6,0,2000000.0
3015,2024-11-13,1,2,Match 5 plus Bonus,0,1000000.0
3015,2024-11-13,1,3,Match 5,43,1750.0
3015,2024-11-13,1,4,Match 4,2528,140.0
3015,2024-11-13,1,5,Match 3,65946,30.0
3015,2024-11-13,1,6,Match 2,651067,0.0
3016,2024-11-16,1,1,Match 6,0,4026427.0
3016,2024-11-16,1,2,Match 5 plus Bonus,0,1000000.0
3016,2024-11-16,1,3,Match 5,53,1750.0
3016,2024-11-16,1,4,Match 4,2994,140.0
3016,2024-11-16,1,5,Match 3,81073,30.0
3016,2024-11-16,1,6,Match 2,880829,0.0
3017,2024-11-20,1,1,Match 6,0,5297691.0
3017,2024-11-20,1,2,Match 5 plus Bonus,0,1000000.0
3017,2024-11-20,1,3,Match 5,35,1750.0
3017,2024-11-20,1,4,Match 4,3143,140.0
3017,2024-11-20,1,5,Match 3,74234,30.0
3017,2024-11-20,1,6,Match 2,675665,0.0
3018,2024-11-23,1,1,Match 6,1,7418062.0
3018,2024-11-23,1,2,Match 5 plus Bonus,0,1000000.0
3018,2024-11-23,1,3,Match 5,186,1750.0
3018,2024-11-23,1,4,Match 4,8880,140.0
3018,2024-11-23,1,5,Match 3,159054,30.0
3018,2024-11-23,1,6,Match 2,1236904,0.0
3019,2024-11-27,1,1,Match 6,0,2000000.0
3019,2024-11-27,1,2,Match 5 plus Bonus,0,1000000.0
3019,2024-11-27,1,3,Match 5,18,1750.0
3019,2024-11-27,1,4,Match 4,2044,140.0
3019,2024-11-27,1,5,Match 3,50631,30.0
3019,2024-11-27,1,6,Match 2,523085,0.0
3020,2024-11-30,1,1,Match 6,0,3995882.0
3020,2024-11-30,1,2,Match 5 plus Bonus,1,1000000.0
3020,2024-11-30,1,3,Match 5,84,1750.0
3020,2024-11-30,1,4,Match 4,5937,140.0
3020,2024-11-30,1,5,Match 3,129524,30.0
3020,2024-11-30,1,6,Match 2,1143615,0.0
3021,2024-12-04,1,1,Match 6,0,5296513.0
3021,2024-12-04,1,2,Match 5 plus Bonus,1,1000000.0
3021,2024-12-04,1,3,Match 5,33,1750.0
3021,2024-12-04,1,4,Match 4,3122,140.0
3021,2024-12-04,1,5,Match 3,72253,30.0
3021,2024-12-04,1,6,Match 2,672685,0.0
3022,2024-12-07,1,1,Match 6,1,7389095.0
3022,2024-12-07,1,2,Match 5 plus Bonus,3,1000000.0
3022,2024-12-07,1,3,Match 5,115,1750.0
3022,2024-12-07,1,4,Match 4,7235,140.0
3022,2024-12-07,1,5,Match 3,146398,30.0
3022,2024-12-07,1,6,Match 2,1198686,0.0
3023,2024-12-11,1,1,Match 6,0,2000000.0
3023,2024-12-11,1,2,Match 5 plus Bonus,0,1000000.0
3023,2024-12-11,1,3,Match 5,26,1750.0
3023,2024-12-11,1,4,Match 4,1886,140.0
3023,2024-12-11,1,5,Match 3,47191,30.0
3023,2024-12-11,1,6,Match 2,496273,0.0
3024,2024-12-14,1,1,Match 6,0,3956775.0
3024,2024-12-14,1,2,Match 5 plus Bonus,5,1000000.0
3024,2024-12-14,1,3,Match 5,75,1750.0
3024,2024-12-14,1,4,Match 4,6239,140.0
3024,2024-12-14,1,5,Match 3,136368,30.0
3024,2024-12-14,1,6,Match 2,1177612,0.0
3025,2024-12-18,1,1,Match 6,0,5298353.0
3025,2024-12-18,1,2,Match 5 plus Bonus,0,1000000.0
3025,2024-12-18,1,3,Match 5,32,1750.0
3025,2024-12-18,1,4,Match 4,2272,140.0
3025,2024-12-18,1,5,Match 3,55524,30.0
3025,2024-12-18,1,6,Match 2,570090,0.0
3026,2024-12-21,1,1,Match 6,0,7461142.0
3026,2024-12-21,1,2,Match 5 plus Bonus,1,1000000.0
3026,2024-12-21,1,3,Match 5,52,1750.0
3026,2024-12-21,1,4,Match 4,5275,140.0
3026,2024-12-21,1,5,Match 3,127676,30.0
3026,2024-12-21,1,6,Match 2,1185167,0.0
3027,2024-12-25,1,1,Match 6,0,15000000.0
3027,2024-12-25,1,2,Match 5 plus Bonus,2,10000001097472.0
3027,2024-12-25,1,3,Match 5,111,17504677.0
3027,2024-12-25,1,4,Match 4,7473,140200.0
3027,2024-12-25,1,5,Match 3,178521,3060.0
3027,2024-12-25,1,6,Match 2,1700370,5.0
3028,2024-12-28,1,1,Match 6,0,3800000.0
3028,2024-12-28,1,2,Match 5 plus Bonus,0,1000000.0
3028,2024-12-28,1,3,Match 5,58,1750.0
3028,2024-12-28,1,4,Match 4,3545,140.0
3028,2024-12-28,1,5,Match 3,83197,30.0
3028,2024-12-28,1,6,Match 2,871248,0.0
3029,2025-01-01,1,1,Match 6,0,5427783.0
3029,2025-01-01,1,2,Match 5 plus Bonus,1,1000000.0
3029,2025-01-01,1,3,Match 5,45,1750.0
3029,2025-01-01,1,4,Match 4,2853,140.0
3029,2025-01-01,1,5,Match 3,71037,30.0
3029,2025-01-01,1,6,Match 2,716372,0.0
3030,2025-01-04,1,1,Match 6,1,7533329.0
3030,2025-01-04,1,2,Match 5 plus Bonus,1,1000000.0
3030,2025-01-04,1,3,Match 5,100,1750.0
3030,2025-01-04,1,4,Match 4,6445,140.0
3030,2025-01-04,1,5,Match 3,141069,30.0
3030,2025-01-04,1,6,Match 2,1211698,0.0
3031,2025-01-08,1,1,Match 6,0,2000000.0
3031,2025-01-08,1,2,Match 5 plus Bonus,3,1000000.0
3031,2025-01-08,1,3,Match 5,87,1750.0
3031,2025-01-08,1,4,Match 4,4916,140.0
3031,2025-01-08,1,5,Match 3,98871,30.0
3031,2025-01-08,1,6,Match 2,751908,0.0
3032,2025-01-11,1,1,Match 6,1,4033571.0
3032,2025-01-11,1,2,Match 5 plus Bonus,2,1000000.0
3032,2025-01-11,1,3,Match 5,385,1750.0
3032,2025-01-11,1,4,Match 4,14593,140.0
3032,2025-01-11,1,5,Match 3,203724,30.0
3032,2025-01-11,1,6,Match 2,1341527,0.0
3033,2025-01-15,1,1,Match 6,0,2000000.0
3033,2025-01-15,1,2,Match 5 plus Bonus,1,1000000.0
3033,2025-01-15,1,3,Match 5,28,1750.0
3033,2025-01-15,1,4,Match 4,1895,140.0
3033,2025-01-15,1,5,Match 3,49906,30.0
3033,2025-01-15,1,6,Match 2,518953,0.0
3034,2025-01-18,1,1,Match 6,1,4004523.0
3034,2025-01-18,1,2,Match 5 plus Bonus,0,1000000.0
3034,2025-01-18,1,3,Match 5,85,1750.0
3034,2025-01-18,1,4,Match 4,5428,140.0
3034,2025-01-18,1,5,Match 3,120508,30.0
3034,2025-01-18,1,6,Match 2,1083493,0.0
3035,2025-01-22,1,1,Match 6,0,2000000.0
3035,2025-01-22,1,2,Match 5 plus Bonus,1,1000000.0
3035,2025-01-22,1,3,Match 5,44,1750.0
3035,2025-01-22,1,4,Match 4,3269,140.0
3035,2025-01-22,1,5,Match 3,74969,30.0
3035,2025-01-22,1,6,Match 2,662431,0.0
3036,2025-01-25,1,1,Match 6,0,4014574.0
3036,2025-01-25,1,2,Match 5 plus Bonus,0,1000000.0
3036,2025-01-25,1,3,Match 5,57,1750.0
3036,2025-01-25,1,4,Match 4,3807,140.0
3036,2025-01-25,1,5,Match 3,97271,30.0
3036,2025-01-25,1,6,Match 2,958579,0.0
3037,2025-01-29,1,1,Match 6,0,5336678.0
3037,2025-01-29,1,2,Match 5 plus Bonus,0,1000000.0
3037,2025-01-29,1,3,Match 5,59,1750.0
3037,2025-01-29,1,4,Match 4,3689,140.0
3037,2025-01-29,1,5,Match 3,83004,30.0
3037,2025-01-29,1,6,Match 2,735165,0.0
3038,2025-02-01,1,1,Match 6,0,15000000.0
3038,2025-02-01,1,2,Match 5 plus Bonus,1,10000001216628.0
3038,2025-02-01,1,3,Match 5,84,17506048.0
3038,2025-02-01,1,4,Match 4,6939,140212.0
3038,2025-02-01,1,5,Match 3,166145,3066.0
3038,2025-02-01,1,6,Match 2,1555808,5.0
3039,2025-02-05,1,1,Match 6,0,2000000.0
3039,2025-02-05,1,2,Match 5 plus Bonus,3,1000000.0
3039,2025-02-05,1,3,Match 5,34,1750.0
3039,2025-02-05,1,4,Match 4,1996,140.0
3039,2025-02-05,1,5,Match 3,49071,30.0
3039,2025-02-05,1,6,Match 2,522035,0.0
3040,2025-02-08,1,1,Match 6,0,4043469.0
3040,2025-02-08,1,2,Match 5 plus Bonus,0,1000000.0
3040,2025-02-08,1,3,Match 5,44,1750.0
3040,2025-02-08,1,4,Match 4,3921,140.0
3040,2025-02-08,1,5,Match 3,92959,30.0
3040,2025-02-08,1,6,Match 2,937290,0.0
3041,2025-02-12,1,1,Match 6,0,5359596.0
3041,2025-02-12,1,2,Match 5 plus Bonus,0,1000000.0
3041,2025-02-12,1,3,Match 5,33,1750.0
3041,2025-02-12,1,4,Match 4,1929,140.0
3041,2025-02-12,1,5,Match 3,46137,30.0
3041,2025-02-12,1,6,Match 2,486502,0.0
3042,2025-02-15,1,1,Match 6,1,7483933.0
3042,2025-02-15,1,2,Match 5 plus Bonus,1,1000000.0
3042,2025-02-15,1,3,Match 5,35,1750.0
3042,2025-02-15,1,4,Match 4,3334,140.0
3042,2025-02-15,1,5,Match 3,81564,30.0
3042,2025-02-15,1,6,Match 2,855864,0.0
3043,2025-02-19,1,1,Match 6,0,2000000.0
3043,2025-02-19,1,2,Match 5 plus Bonus,0,1000000.0
3043,2025-02-19,1,3,Match 5,25,1750.0
3043,2025-02-19,1,4,Match 4,2726,140.0
3043,2025-02-19,1,5,Match 3,63246,30.0
3043,2025-02-19,1,6,Match 2,615849,0.0
3044,2025-02-22,1,1,Match 6,0,3984470.0
3044,2025-02-22,1,2,Match 5 plus Bonus,2,1000000.0
3044,2025-02-22,1,3,Match 5,80,1750.0
3044,2025-02-22,1,4,Match 4,6998,140.0
3044,2025-02-22,1,5,Match 3,148607,30.0
3044,2025-02-22,1,6,Match 2,1201127,0.0
3045,2025-02-26,1,1,Match 6,3,1772335.0
3045,2025-02-26,1,2,Match 5 plus Bonus,2,1000000.0
3045,2025-02-26,1,3,Match 5,95,1750.0
3045,2025-02-26,1,4,Match 4,5400,140.0
3045,2025-02-26,1,5,Match 3,99587,30.0
3045,2025-02-26,1,6,Match 2,778757,0.0
3046,2025-03-01,1,1,Match 6,2,1900000.0
3046,2025-03-01,1,2,Match 5 plus Bonus,0,1000000.0
3046,2025-03-01,1,3,Match 5,92,1750.0
3046,2025-03-01,1,4,Match 4,6308,140.0
3046,2025-03-01,1,5,Match 3,136499,30.0
3046,2025-03-01,1,6,Match 2,1161678,0.0
3047,2025-03-05,1,1,Match 6,0,2000000.0
3047,2025-03-05,1,2,Match 5 plus Bonus,0,1000000.0
3047,2025-03-05,1,3,Match 5,57,1750.0
3047,2025-03-05,1,4,Match 4,3626,140.0
3047,2025-03-05,1,5,Match 3,80474,30.0
3047,2025-03-05,1,6,Match 2,702689,0.0
3048,2025-03-08,1,1,Match 6,0,4014596.0
3048,2025-03-08,1,2,Match 5 plus Bonus,2,1000000.0
3048,2025-03-08,1,3,Match 5,91,1750.0
3048,2025-03-08,1,4,Match 4,5676,140.0
3048,2025-03-08,1,5,Match 3,124037,30.0
3048,2025-03-08,1,6,Match 2,1109496,0.0
3049,2025-03-12,1,1,Match 6,0,5332422.0
3049,2025-03-12,1,2,Match 5 plus Bonus,0,1000000.0
3049,2025-03-12,1,3,Match 5,32,1750.0
3049,2025-03-12,1,4,Match 4,2056,140.0
3049,2025-03-12,1,5,Match 3,47895,30.0
3049,2025-03-12,1,6,Match 2,492643,0.0
3050,2025-03-15,1,1,Match 6,0,7441273.0
3050,2025-03-15,1,2,Match 5 plus Bonus,2,1000000.0
3050,2025-03-15,1,3,Match 5,111,1750.0
3050,2025-03-15,1,4,Match 4,6563,140.0
3050,2025-03-15,1,5,Match 3,146640,30.0
3050,2025-03-15,1,6,Match 2,1263911,0.0
3051,2025-03-19,1,1,Match 6,0,8943271.0
3051,2025-03-19,1,2,Match 5 plus Bonus,0,1000000.0
3051,2025-03-19,1,3,Match 5,58,1750.0
3051,2025-03-19,1,4,Match 4,3822,140.0
3051,2025-03-19,1,5,Match 3,82278,30.0
3051,2025-03-19,1,6,Match 2,756922,0.0
3052,2025-03-22,1,1,Match 6,1,11772176.0
3052,2025-03-22,1,2,Match 5 plus Bonus,1,1000000.0
3052,2025-03-22,1,3,Match 5,83,1750.0
3052,2025-03-22,1,4,Match 4,4702,140.0
3052,2025-03-22,1,5,Match 3,117616,30.0
3052,2025-03-22,1,6,Match 2,1263748,0.0
3053,2025-03-26,1,1,Match 6,0,2000000.0
3053,2025-03-26,1,2,Match 5 plus Bonus,1,1000000.0
3053,2025-03-26,1,3,Match 5,28,1750.0
3053,2025-03-26,1,4,Match 4,1915,140.0
3053,2025-03-26,1,5,Match 3,49535,30.0
3053,2025-03-26,1,6,Match 2,535783,0.0
3054,2025-03-29,1,1,Match 6,0,4012978.0
3054,2025-03-29,1,2,Match 5 plus Bonus,1,1000000.0
3054,2025-03-29,1,3,Match 5,78,1750.0
3054,2025-03-29,1,4,Match 4,4467,140.0
3054,2025-03-29,1,5,Match 3,110610,30.0
3054,2025-03-29,1,6,Match 2,1034804,0.0
3055,2025-04-02,1,1,Match 6,0,5297193.0
3055,2025-04-02,1,2,Match 5 plus Bonus,1,1000000.0
3055,2025-04-02,1,3,Match 5,41,1750.0
3055,2025-04-02,1,4,Match 4,2492,140.0
3055,2025-04-02,1,5,Match 3,58553,30.0
3055,2025-04-02,1,6,Match 2,595402,0.0
3056,2025-04-05,1,1,Match 6,1,7335269.0
3056,2025-04-05,1,2,Match 5 plus Bonus,0,1000000.0
3056,2025-04-05,1,3,Match 5,36,1750.0
3056,2025-04-05,1,4,Match 4,2967,140.0
3056,2025-04-05,1,5,Match 3,74326,30.0
3056,2025-04-05,1,6,Match 2,800868,0.0
3057,2025-04-09,1,1,Match 6,0,2000000.0
3057,2025-04-09,1,2,Match 5 plus Bonus,0,1000000.0
3057,2025-04-09,1,3,Match 5,44,1750.0
3057,2025-04-09,1,4,Match 4,3131,140.0
3057,2025-04-09,1,5,Match 3,69526,30.0
3057,2025-04-09,1,6,Match 2,627826,0.0
3058,2025-04-12,1,1,Match 6,0,3926411.0
3058,2025-04-12,1,2,Match 5 plus Bonus,0,1000000.0
3058,2025-04-12,1,3,Match 5,54,1750.0
3058,2025-04-12,1,4,Match 4,4302,140.0
3058,2025-04-12,1,5,Match 3,104697,30.0
3058,2025-04-12,1,6,Match 2,995940,0.0
3059,2025-04-16,1,1,Match 6,1,5208504.0
3059,2025-04-16,1,2,Match 5 plus Bonus,0,1000000.0
3059,2025-04-16,1,3,Match 5,29,1750.0
3059,2025-04-16,1,4,Match 4,2077,140.0
3059,2025-04-16,1,5,Match 3,48090,30.0
3059,2025-04-16,1,6,Match 2,500573,0.0
3060,2025-04-19,1,1,Match 6,0,15000000.0
3060,2025-04-19,1,2,Match 5 plus Bonus,3,10000001066291.0
3060,2025-04-19,1,3,Match 5,119,17504535.0
3060,2025-04-19,1,4,Match 4,9031,140191.0
3060,2025-04-19,1,5,Match 3,197645,3058.0
3060,2025-04-19,1,6,Match 2,1674165,5.0
3061,2025-04-23,1,1,Match 6,0,2000000.0
3061,2025-04-23,1,2,Match 5 plus Bonus,0,1000000.0
3061,2025-04-23,1,3,Match 5,33,1750.0
3061,2025-04-23,1,4,Match 4,3065,140.0
3061,2025-04-23,1,5,Match 3,72228,30.0
3061,2025-04-23,1,6,Match 2,679241,0.0
3062,2025-04-26,1,1,Match 6,1,3989857.0
3062,2025-04-26,1,2,Match 5 plus Bonus,1,1000000.0
3062,2025-04-26,1,3,Match 5,60,1750.0
3062,2025-04-26,1,4,Match 4,4575,140.0
3062,2025-04-26,1,5,Match 3,117090,30.0
3062,2025-04-26,1,6,Match 2,1113948,0.0
3063,2025-04-30,1,1,Match 6,0,2000000.0
3063,2025-04-30,1,2,Match 5 plus Bonus,0,1000000.0
3063,2025-04-30,1,3,Match 5,17,1750.0
3063,2025-04-30,1,4,Match 4,2290,140.0
3063,2025-04-30,1,5,Match 3,58177,30.0
3063,2025-04-30,1,6,Match 2,571193,0.0
3064,2025-05-03,1,1,Match 6,0,3951589.0
3064,2025-05-03,1,2,Match 5 plus Bonus,3,1000000.0
3064,2025-05-03,1,3,Match 5,73,1750.0
3064,2025-05-03,1,4,Match 4,5062,140.0
3064,2025-05-03,1,5,Match 3,111140,30.0
3064,2025-05-03,1,6,Match 2,1016164,0.0
3065,2025-05-07,1,1,Match 6,0,5216859.0
3065,2025-05-07,1,2,Match 5 plus Bonus,1,1000000.0
3065,2025-05-07,1,3,Match 5,57,1750.0
3065,2025-05-07,1,4,Match 4,4022,140.0
3065,2025-05-07,1,5,Match 3,85374,30.0
3065,2025-05-07,1,6,Match 2,721351,0.0
3066,2025-05-10,1,1,Match 6,0,7285879.0
3066,2025-05-10,1,2,Match 5 plus Bonus,1,1000000.0
3066,2025-05-10,1,3,Match 5,70,1750.0
3066,2025-05-10,1,4,Match 4,5133,140.0
3066,2025-05-10,1,5,Match 3,125710,30.0
3066,2025-05-10,1,6,Match 2,1147829,0.0
3067,2025-05-14,1,1,Match 6,0,8729961.0
3067,2025-05-14,1,2,Match 5 plus Bonus,1,1000000.0
3067,2025-05-14,1,3,Match 5,36,1750.0
3067,2025-05-14,1,4,Match 4,2673,140.0
3067,2025-05-14,1,5,Match 3,63180,30.0
3067,2025-05-14,1,6,Match 2,638663,0.0
3068,2025-05-17,1,1,Match 6,0,11343776.0
3068,2025-05-17,1,2,Match 5 plus Bonus,1,10000001165535.0
3068,2025-05-17,1,3,Match 5,59,17506426.0
3068,2025-05-17,1,4,Match 4,4826,140220.0
3068,2025-05-17,1,5,Match 3,116035,3070.0
3068,2025-05-17,1,6,Match 2,1165187,5.0
3069,2025-05-21,1,1,Match 6,2,1000000.0
3069,2025-05-21,1,2,Match 5 plus Bonus,4,1000000.0
3069,2025-05-21,1,3,Match 5,71,1750.0
3069,2025-05-21,1,4,Match 4,4571,140.0
3069,2025-05-21,1,5,Match 3,89286,30.0
3069,2025-05-21,1,6,Match 2,706097,0.0
3070,2025-05-24,1,1,Match 6,1,3800000.0
3070,2025-05-24,1,2,Match 5 plus Bonus,4,1000000.0
3070,2025-05-24,1,3,Match 5,88,1750.0
3070,2025-05-24,1,4,Match 4,6025,140.0
3070,2025-05-24,1,5,Match 3,128467,30.0
3070,2025-05-24,1,6,Match 2,1109968,0.0
3071,2025-05-28,1,1,Match 6,0,2000000.0
3071,2025-05-28,1,2,Match 5 plus Bonus,0,1000000.0
3071,2025-05-28,1,3,Match 5,34,1750.0
3071,2025-05-28,1,4,Match 4,2150,140.0
3071,2025-05-28,1,5,Match 3,56616,30.0
3071,2025-05-28,1,6,Match 2,575631,0.0
3072,2025-05-31,1,1,Match 6,1,3966543.0
3072,2025-05-31,1,2,Match 5 plus Bonus,3,1000000.0
3072,2025-05-31,1,3,Match 5,131,1750.0
3072,2025-05-31,1,4,Match 4,8886,140.0
3072,2025-05-31,1,5,Match 3,162042,30.0
3072,2025-05-31,1,6,Match 2,1249922,0.0
3073,2025-06-04,1,1,Match 6,0,2000000.0
3073,2025-06-04,1,2,Match 5 plus Bonus,2,1000000.0
3073,2025-06-04,1,3,Match 5,41,1750.0
3073,2025-06-04,1,4,Match 4,2850,140.0
3073,2025-06-04,1,5,Match 3,66646,30.0
3073,2025-06-04,1,6,Match 2,634075,0.0
3074,2025-06-07,1,1,Match 6,1,4003513.0
3074,2025-06-07,1,2,Match 5 plus Bonus,0,1000000.0
3074,2025-06-07,1,3,Match 5,84,1750.0
3074,2025-06-07,1,4,Match 4,6180,140.0
3074,2025-06-07,1,5,Match 3,132884,30.0
3074,2025-06-07,1,6,Match 2,1138044,0.0
3075,2025-06-11,1,1,Match 6,0,2000000.0
3075,2025-06-11,1,2,Match 5 plus Bonus,1,1000000.0
3075,2025-06-11,1,3,Match 5,36,1750.0
3075,2025-06-11,1,4,Match 4,2413,140.0
3075,2025-06-11,1,5,Match 3,56528,30.0
3075,2025-06-11,1,6,Match 2,563992,0.0
3076,2025-06-14,1,1,Match 6,0,3967860.0
3076,2025-06-14,1,2,Match 5 plus Bonus,1,1000000.0
3076,2025-06-14,1,3,Match 5,41,1750.0
3076,2025-06-14,1,4,Match 4,3753,140.0
3076,2025-06-14,1,5,Match 3,88524,30.0
3076,2025-06-14,1,6,Match 2,892787,0.0
3077,2025-06-18,1,1,Match 6,1,5259007.0
3077,2025-06-18,1,2,Match 5 plus Bonus,0,1000000.0
3077,2025-06-18,1,3,Match 5,61,1750.0
3077,2025-06-18,1,4,Match 4,3241,140.0
3077,2025-06-18,1,5,Match 3,73308,30.0
3077,2025-06-18,1,6,Match 2,678793,0.0
3078,2025-06-21,1,1,Match 6,0,3800000.0
3078,2025-06-21,1,2,Match 5 plus Bonus,0,1000000.0
3078,2025-06-21,1,3,Match 5,63,1750.0
3078,2025-06-21,1,4,Match 4,6020,140.0
3078,2025-06-21,1,5,Match 3,128179,30.0
3078,2025-06-21,1,6,Match 2,1083864,0.0
3079,2025-06-25,1,1,Match 6,0,5080097.0
3079,2025-06-25,1,2,Match 5 plus Bonus,1,1000000.0
3079,2025-06-25,1,3,Match 5,32,1750.0
3079,2025-06-25,1,4,Match 4,2407,140.0
3079,2025-06-25,1,5,Match 3,60207,30.0
3079,2025-06-25,1,6,Match 2,602243,0.0
3080,2025-06-28,1,1,Match 6,0,7088541.0
3080,2025-06-28,1,2,Match 5 plus Bonus,3,1000000.0
3080,2025-06-28,1,3,Match 5,75,1750.0
3080,2025-06-28,1,4,Match 4,4716,140.0
3080,2025-06-28,1,5,Match 3,109271,30.0
3080,2025-06-28,1,6,Match 2,1033420,0.0
3081,2025-07-02,1,1,Match 6,1,8434748.0
3081,2025-07-02,1,2,Match 5 plus Bonus,2,1000000.0
3081,2025-07-02,1,3,Match 5,20,1750.0
3081,2025-07-02,1,4,Match 4,2062,140.0
3081,2025-07-02,1,5,Match 3,50889,30.0
3081,2025-07-02,1,6,Match 2,557103,0.0
3082,2025-07-05,1,1,Match 6,0,15000000.0
3082,2025-07-05,1,2,Match 5 plus Bonus,6,10000001036946.0
3082,2025-07-05,1,3,Match 5,137,17504446.0
3082,2025-07-05,1,4,Match 4,7834,140206.0
3082,2025-07-05,1,5,Match 3,172560,3066.0
3082,2025-07-05,1,6,Match 2,1522131,5.0
3083,2025-07-09,1,1,Match 6,0,2000000.0
3083,2025-07-09,1,2,Match 5 plus Bonus,0,1000000.0
3083,2025-07-09,1,3,Match 5,28,1750.0
3083,2025-07-09,1,4,Match 4,2504,140.0
3083,2025-07-09,1,5,Match 3,63993,30.0
3083,2025-07-09,1,6,Match 2,622241,0.0
3084,2025-07-12,1,1,Match 6,0,3925025.0
3084,2025-07-12,1,2,Match 5 plus Bonus,0,1000000.0
3084,2025-07-12,1,3,Match 5,66,1750.0
3084,2025-07-12,1,4,Match 4,5301,140.0
3084,2025-07-12,1,5,Match 3,119854,30.0
3084,2025-07-12,1,6,Match 2,1052519,0.0
3085,2025-07-16,1,1,Match 6,0,5218941.0
3085,2025-07-16,1,2,Match 5 plus Bonus,0,1000000.0
3085,2025-07-16,1,3,Match 5,49,1750.0
3085,2025-07-16,1,4,Match 4,3899,140.0
3085,2025-07-16,1,5,Match 3,81664,30.0
3085,2025-07-16,1,6,Match 2,723294,0.0
3086,2025-07-19,1,1,Match 6,0,7298768.0
3086,2025-07-19,1,2,Match 5 plus Bonus,1,1000000.0
3086,2025-07-19,1,3,Match 5,85,1750.0
3086,2025-07-19,1,4,Match 4,6338,140.0
3086,2025-07-19,1,5,Match 3,140362,30.0
3086,2025-07-19,1,6,Match 2,1216712,0.0
3087,2025-07-23,1,1,Match 6,0,8735166.0
3087,2025-07-23,1,2,Match 5 plus Bonus,2,1000000.0
3087,2025-07-23,1,3,Match 5,144,1750.0
3087,2025-07-23,1,4,Match 4,7509,140.0
3087,2025-07-23,1,5,Match 3,128839,30.0
3087,2025-07-23,1,6,Match 2,926185,0.0
3088,2025-07-26,1,1,Match 6,0,11438016.0
3088,2025-07-26,1,2,Match 5 plus Bonus,4,10000001031924.0
3088,2025-07-26,1,3,Match 5,87,17504196.0
3088,2025-07-26,1,4,Match 4,6225,140187.0
3088,2025-07-26,1,5,Match 3,151215,3053.0
3088,2025-07-26,1,6,Match 2,1436295,5.0
3089,2025-07-30,1,1,Match 6,0,2000000.0
3089,2025-07-30,1,2,Match 5 plus Bonus,1,1000000.0
3089,2025-07-30,1,3,Match 5,154,1750.0
3089,2025-07-30,1,4,Match 4,7586,140.0
3089,2025-07-30,1,5,Match 3,120822,30.0
3089,2025-07-30,1,6,Match 2,841224,0.0
3090,2025-08-02,1,1,Match 6,0,4007837.0
3090,2025-08-02,1,2,Match 5 plus Bonus,1,1000000.0
3090,2025-08-02,1,3,Match 5,100,1750.0
3090,2025-08-02,1,4,Match 4,5886,140.0
3090,2025-08-02,1,5,Match 3,126578,30.0
3090,2025-08-02,1,6,Match 2,1093023,0.0
3091,2025-08-06,1,1,Match 6,0,5302085.0
3091,2025-08-06,1,2,Match 5 plus Bonus,0,1000000.0
3091,2025-08-06,1,3,Match 5,53,1750.0
3091,2025-08-06,1,4,Match 4,3559,140.0
3091,2025-08-06,1,5,Match 3,79569,30.0
3091,2025-08-06,1,6,Match 2,715224,0.0
3092,2025-08-09,1,1,Match 6,1,7394521.0
3092,2025-08-09,1,2,Match 5 plus Bonus,0,1000000.0
3092,2025-08-09,1,3,Match 5,39,1750.0
3092,2025-08-09,1,4,Match 4,4499,140.0
3092,2025-08-09,1,5,Match 3,108272,30.0
3092,2025-08-09,1,6,Match 2,1045470,0.0
3093,2025-08-13,1,1,Match 6,0,2000000.0
3093,2025-08-13,1,2,Match 5 plus Bonus,0,1000000.0
3093,2025-08-13,1,3,Match 5,26,1750.0
3093,2025-08-13,1,4,Match 4,1832,140.0
3093,2025-08-13,1,5,Match 3,47286,30.0
3093,2025-08-13,1,6,Match 2,511981,0.0
3094,2025-08-16,1,1,Match 6,0,3899678.0
3094,2025-08-16,1,2,Match 5 plus Bonus,1,1000000.0
3094,2025-08-16,1,3,Match 5,94,1750.0
3094,2025-08-16,1,4,Match 4,5530,140.0
3094,2025-08-16,1,5,Match 3,125180,30.0
3094,2025-08-16,1,6,Match 2,1089854,0.0
3095,2025-08-20,1,1,Match 6,0,5208913.0
3095,2025-08-20,1,2,Match 5 plus Bonus,6,1000000.0
3095,2025-08-20,1,3,Match 5,45,1750.0
3095,2025-08-20,1,4,Match 4,2753,140.0
3095,2025-08-20,1,5,Match 3,70992,30.0
3095,2025-08-20,1,6,Match 2,690001,0.0
3096,2025-08-23,1,1,Match 6,0,7265037.0
3096,2025-08-23,1,2,Match 5 plus Bonus,2,1000000.0
3096,2025-08-23,1,3,Match 5,54,1750.0
3096,2025-08-23,1,4,Match 4,3411,140.0
3096,2025-08-23,1,5,Match 3,84976,30.0
3096,2025-08-23,1,6,Match 2,907148,0.0
3097,2025-08-27,1,1,Match 6,1,8655122.0
3097,2025-08-27,1,2,Match 5 plus Bonus,0,1000000.0
3097,2025-08-27,1,3,Match 5,41,1750.0
3097,2025-08-27,1,4,Match 4,3551,140.0
3097,2025-08-27,1,5,Match 3,65439,30.0
3097,2025-08-27,1,6,Match 2,635497,0.0
3098,2025-08-30,1,1,Match 6,0,3800000.0
3098,2025-08-30,1,2,Match 5 plus Bonus,3,1000000.0
3098,2025-08-30,1,3,Match 5,70,1750.0
3098,2025-08-30,1,4,Match 4,4829,140.0
3098,2025-08-30,1,5,Match 3,111277,30.0
3098,2025-08-30,1,6,Match 2,1013320,0.0
3099,2025-09-03,1,1,Match 6,0,5063522.0
3099,2025-09-03,1,2,Match 5 plus Bonus,3,1000000.0
3099,2025-09-03,1,3,Match 5,43,1750.0
3099,2025-09-03,1,4,Match 4,3922,140.0
3099,2025-09-03,1,5,Match 3,80450,30.0
3099,2025-09-03,1,6,Match 2,697916,0.0
3100,2025-09-06,1,1,Match 6,0,7082906.0
3100,2025-09-06,1,2,Match 5 plus Bonus,1,1000000.0
3100,2025-09-06,1,3,Match 5,48,1750.0
3100,2025-09-06,1,4,Match 4,3653,140.0
3100,2025-09-06,1,5,Match 3,88297,30.0
3100,2025-09-06,1,6,Match 2,901348,0.0
3101,2025-09-10,1,1,Match 6,0,8430747.0
3101,2025-09-10,1,2,Match 5 plus Bonus,1,1000000.0
3101,2025-09-10,1,3,Match 5,125,1750.0
3101,2025-09-10,1,4,Match 4,5936,140.0
3101,2025-09-10,1,5,Match 3,100966,30.0
3101,2025-09-10,1,6,Match 2,787640,0.0
3102,2025-09-13,1,1,Match 6,0,15000000.0
3102,2025-09-13,1,2,Match 5 plus Bonus,1,10000001249806.0
3102,2025-09-13,1,3,Match 5,48,175010423.0
3102,2025-09-13,1,4,Match 4,5254,140250.0
3102,2025-09-13,1,5,Match 3,128276,3085.0
3102,2025-09-13,1,6,Match 2,1334625,5.0
3103,2025-09-17,1,1,Match 6,4,1000000.0
3103,2025-09-17,1,2,Match 5 plus Bonus,5,1000000.0
3103,2025-09-17,1,3,Match 5,131,1750.0
3103,2025-09-17,1,4,Match 4,6729,140.0
3103,2025-09-17,1,5,Match 3,107724,30.0
3103,2025-09-17,1,6,Match 2,787394,0.0
3104,2025-09-20,1,1,Match 6,0,3800000.0
3104,2025-09-20,1,2,Match 5 plus Bonus,1,1000000.0
3104,2025-09-20,1,3,Match 5,38,1750.0
3104,2025-09-20,1,4,Match 4,2950,140.0
3104,2025-09-20,1,5,Match 3,77228,30.0
3104,2025-09-20,1,6,Match 2,837316,0.0
3105,2025-09-24,1,1,Match 6,0,5029330.0
3105,2025-09-24,1,2,Match 5 plus Bonus,0,1000000.0
3105,2025-09-24,1,3,Match 5,61,1750.0
3105,2025-09-24,1,4,Match 4,3961,140.0
3105,2025-09-24,1,5,Match 3,82388,30.0
3105,2025-09-24,1,6,Match 2,692884,0.0
3106,2025-09-27,1,1,Match 6,0,7075979.0
3106,2025-09-27,1,2,Match 5 plus Bonus,3,1000000.0
3106,2025-09-27,1,3,Match 5,66,1750.0
3106,2025-09-27,1,4,Match 4,4950,140.0
3106,2025-09-27,1,5,Match 3,115129,30.0
3106,2025-09-27,1,6,Match 2,1069136,0.0
3107,2025-10-01,1,1,Match 6,0,8458823.0
3107,2025-10-01,1,2,Match 5 plus Bonus,0,1000000.0
3107,2025-10-01,1,3,Match 5,37,1750.0
3107,2025-10-01,1,4,Match 4,2227,140.0
3107,2025-10-01,1,5,Match 3,56062,30.0
3107,2025-10-01,1,6,Match 2,593114,0.0
3108,2025-10-04,1,1,Match 6,1,10633323.0
3108,2025-10-04,1,2,Match 5 plus Bonus,0,1000000.0
3108,2025-10-04,1,3,Match 5,78,1750.0
3108,2025-10-04,1,4,Match 4,5030,140.0
3108,2025-10-04,1,5,Match 3,122779,30.0
3108,2025-10-04,1,6,Match 2,1149274,0.0
3109,2025-10-08,1,1,Match 6,1,2000000.0
3109,2025-10-08,1,2,Match 5 plus Bonus,0,1000000.0
3109,2025-10-08,1,3,Match 5,28,1750.0
3109,2025-10-08,1,4,Match 4,1899,140.0
3109,2025-10-08,1,5,Match 3,47421,30.0
3109,2025-10-08,1,6,Match 2,510004,0.0
3110,2025-10-11,1,1,Match 6,0,3800000.0
3110,2025-10-11,1,2,Match 5 plus Bonus,0,1000000.0
3110,2025-10-11,1,3,Match 5,52,1750.0
3110,2025-10-11,1,4,Match 4,3745,140.0
3110,2025-10-11,1,5,Match 3,95663,30.0
3110,2025-10-11,1,6,Match 2,940606,0.0
3111,2025-10-15,1,1,Match 6,0,5057815.0
3111,2025-10-15,1,2,Match 5 plus Bonus,0,1000000.0
3111,2025-10-15,1,3,Match 5,36,1750.0
3111,2025-10-15,1,4,Match 4,2049,140.0
3111,2025-10-15,1,5,Match 3,50836,30.0
3111,2025-10-15,1,6,Match 2,521770,0.0
3112,2025-10-18,1,1,Match 6,0,7053955.0
3112,2025-10-18,1,2,Match 5 plus Bonus,0,1000000.0
3112,2025-10-18,1,3,Match 5,40,1750.0
3112,2025-10-18,1,4,Match 4,2837,140.0
3112,2025-10-18,1,5,Match 3,70310,30.0
3112,2025-10-18,1,6,Match 2,718597,0.0
3113,2025-10-22,1,1,Match 6,0,8360535.0
3113,2025-10-22,1,2,Match 5 plus Bonus,0,1000000.0
3113,2025-10-22,1,3,Match 5,50,1750.0
3113,2025-10-22,1,4,Match 4,2673,140.0
3113,2025-10-22,1,5,Match 3,66661,30.0
3113,2025-10-22,1,6,Match 2,664120,0.0
3114,2025-10-25,1,1,Match 6,0,10513580.0
3114,2025-10-25,1,2,Match 5 plus Bonus,1,1000000.0
3114,2025-10-25,1,3,Match 5,82,1750.0
3114,2025-10-25,1,4,Match 4,4558,140.0
3114,2025-10-25,1,5,Match 3,114337,30.0
3114,2025-10-25,1,6,Match 2,1112050,0.0
3115,2025-10-29,1,1,Match 6,0,12423596.0
3115,2025-10-29,1,2,Match 5 plus Bonus,0,10000001000000.0
3115,2025-10-29,1,3,Match 5,53,17509351.0
3115,2025-10-29,1,4,Match 4,3701,140290.0
3115,2025-10-29,1,5,Match 3,93013,30102.0
3115,2025-10-29,1,6,Match 2,935178,5.0
3116,2025-11-01,1,1,Match 6,0,3800000.0
3116,2025-11-01,1,2,Match 5 plus Bonus,2,1000000.0
3116,2025-11-01,1,3,Match 5,53,1750.0
3116,2025-11-01,1,4,Match 4,3250,140.0
3116,2025-11-01,1,5,Match 3,86653,30.0
3116,2025-11-01,1,6,Match 2,923239,0.0
3117,2025-11-05,1,1,Match 6,0,5088088.0
3117,2025-11-05,1,2,Match 5 plus Bonus,0,1000000.0
3117,2025-11-05,1,3,Match 5,28,1750.0
3117,2025-11-05,1,4,Match 4,2204,140.0
3117,2025-11-05,1,5,Match 3,57149,30.0
3117,2025-11-05,1,6,Match 2,594719,0.0
3118,2025-11-08,1,1,Match 6,0,7154196.0
3118,2025-11-08,1,2,Match 5 plus Bonus,2,1000000.0
3118,2025-11-08,1,3,Match 5,53,1750.0
3118,2025-11-08,1,4,Match 4,4074,140.0
3118,2025-11-08,1,5,Match 3,96817,30.0
3118,2025-11-08,1,6,Match 2,1029860,0.0
3119,2025-11-12,1,1,Match 6,0,8527555.0
3119,2025-11-12,1,2,Match 5 plus Bonus,1,1000000.0
3119,2025-11-12,1,3,Match 5,52,1750.0
3119,2025-11-12,1,4,Match 4,2404,140.0
3119,2025-11-12,1,5,Match 3,59417,30.0
3119,2025-11-12,1,6,Match 2,621700,0.0
3120,2025-11-15,1,1,Match 6,1,15000000.0
3120,2025-11-15,1,2,Match 5 plus Bonus,0,1000000.0
3120,2025-11-15,1,3,Match 5,130,1750.0
3120,2025-11-15,1,4,Match 4,8843,140.0
3120,2025-11-15,1,5,Match 3,190681,30.0
3120,2025-11-15,1,6,Match 2,1691722,0.0
3121,2025-11-19,1,1,Match 6,0,2000000.0
3121,2025-11-19,1,2,Match 5 plus Bonus,1,1000000.0
3121,2025-11-19,1,3,Match 5,28,1750.0
3121,2025-11-19,1,4,Match 4,1841,140.0
3121,2025-11-19,1,5,Match 3,44397,30.0
3121,2025-11-19,1,6,Match 2,479969,0.0
3122,2025-11-22,1,1,Match 6,0,3925712.0
3122,2025-11-22,1,2,Match 5 plus Bonus,3,1000000.0
3122,2025-11-22,1,3,Match 5,39,1750.0
3122,2025-11-22,1,4,Match 4,3689,140.0
3122,2025-11-22,1,5,Match 3,97714,30.0
3122,2025-11-22,1,6,Match 2,988167,0.0
3123,2025-11-26,1,1,Match 6,0,5191223.0
3123,2025-11-26,1,2,Match 5 plus Bonus,1,1000000.0
3123,2025-11-26,1,3,Match 5,24,1750.0
3123,2025-11-26,1,4,Match 4,1708,140.0
3123,2025-11-26,1,5,Match 3,44320,30.0
3123,2025-11-26,1,6,Match 2,481920,0.0
3124,2025-11-29,1,1,Match 6,0,7253446.0
3124,2025-11-29,1,2,Match 5 plus Bonus,1,1000000.0
3124,2025-11-29,1,3,Match 5,105,1750.0
3124,2025-11-29,1,4,Match 4,7221,140.0
3124,2025-11-29,1,5,Match 3,146730,30.0
3124,2025-11-29,1,6,Match 2,1214199,0.0
3125,2025-12-03,1,1,Match 6,1,8667563.0
3125,2025-12-03,1,2,Match 5 plus Bonus,0,1000000.0
3125,2025-12-03,1,3,Match 5,28,1750.0
3125,2025-12-03,1,4,Match 4,2400,140.0
3125,2025-12-03,1,5,Match 3,62501,30.0
3125,2025-12-03,1,6,Match 2,651835,0.0
3126,2025-12-06,1,1,Match 6,2,1900000.0
3126,2025-12-06,1,2,Match 5 plus Bonus,1,1000000.0
3126,2025-12-06,1,3,Match 5,161,1750.0
3126,2025-12-06,1,4,Match 4,8552,140.0
3126,2025-12-06,1,5,Match 3,161678,30.0
3126,2025-12-06,1,6,Match 2,1247558,0.0
3127,2025-12-10,1,1,Match 6,0,2000000.0
3127,2025-12-10,1,2,Match 5 plus Bonus,1,1000000.0
3127,2025-12-10,1,3,Match 5,55,1750.0
3127,2025-12-10,1,4,Match 4,3374,140.0
3127,2025-12-10,1,5,Match 3,72636,30.0
3127,2025-12-10,1,6,Match 2,657877,0.0
3128,2025-12-13,1,1,Match 6,0,3926423.0
3128,2025-12-13,1,2,Match 5 plus Bonus,0,1000000.0
3128,2025-12-13,1,3,Match 5,40,1750.0
3128,2025-12-13,1,4,Match 4,2926,140.0
3128,2025-12-13,1,5,Match 3,76457,30.0
3128,2025-12-13,1,6,Match 2,815262,0.0
3129,2025-12-17,1,1,Match 6,0,5199766.0
3129,2025-12-17,1,2,Match 5 plus Bonus,1,1000000.0
3129,2025-12-17,1,3,Match 5,24,1750.0
3129,2025-12-17,1,4,Match 4,1693,140.0
3129,2025-12-17,1,5,Match 3,42511,30.0
3129,2025-12-17,1,6,Match 2,457646,0.0
3130,2025-12-20,1,1,Match 6,0,7291827.0
3130,2025-12-20,1,2,Match 5 plus Bonus,0,1000000.0
3130,2025-12-20,1,3,Match 5,64,1750.0
3130,2025-12-20,1,4,Match 4,4262,140.0
3130,2025-12-20,1,5,Match 3,102449,30.0
3130,2025-12-20,1,6,Match 2,1014114,0.0
3131,2025-12-24,1,1,Match 6,0,15000000.0
3131,2025-12-24,1,2,Match 5 plus Bonus,3,10000001063399.0
3131,2025-12-24,1,3,Match 5,119,17504413.0
3131,2025-12-24,1,4,Match 4,7807,140196.0
3131,2025-12-24,1,5,Match 3,181679,3059.0
3131,2025-12-24,1,6,Match 2,1732016,5.0
3132,2025-12-27,1,1,Match 6,0,3800000.0
3132,2025-12-27,1,2,Match 5 plus Bonus,0,1000000.0
3132,2025-12-27,1,3,Match 5,31,1750.0
3132,2025-12-27,1,4,Match 4,2979,140.0
3132,2025-12-27,1,5,Match 3,74466,30.0
3132,2025-12-27,1,6,Match 2,777989,0.0
3133,2025-12-31,1,1,Match 6,0,5567982.0
3133,2025-12-31,1,2,Match 5 plus Bonus,2,1000000.0
3133,2025-12-31,1,3,Match 5,60,1750.0
3133,2025-12-31,1,4,Match 4,4736,140.0
3133,2025-12-31,1,5,Match 3,104952,30.0
3133,2025-12-31,1,6,Match 2,950922,0.0
3134,2026-01-03,1,1,Match 6,0,7655751.0
3134,2026-01-03,1,2,Match 5 plus Bonus,2,1000000.0
3134,2026-01-03,1,3,Match 5,55,1750.0
3134,2026-01-03,1,4,Match 4,4329,140.0
3134,2026-01-03,1,5,Match 3,101806,30.0
3134,2026-01-03,1,6,Match 2,986031,0.0
3135,2026-01-07,1,1,Match 6,0,9056239.0
3135,2026-01-07,1,2,Match 5 plus Bonus,1,1000000.0
3135,2026-01-07,1,3,Match 5,66,1750.0
3135,2026-01-07,1,4,Match 4,3571,140.0
3135,2026-01-07,1,5,Match 3,80629,30.0
3135,2026-01-07,1,6,Match 2,732092,0.0
3136,2026-01-10,1,1,Match 6,0,11258220.0
3136,2026-01-10,1,2,Match 5 plus Bonus,3,1000000.0
3136,2026-01-10,1,3,Match 5,87,1750.0
3136,2026-01-10,1,4,Match 4,6642,140.0
3136,2026-01-10,1,5,Match 3,145964,30.0
3136,2026-01-10,1,6,Match 2,1263646,0.0
3137,2026-01-14,1,1,Match 6,1,13310618.0
3137,2026-01-14,1,2,Match 5 plus Bonus,2,1000000.0
3137,2026-01-14,1,3,Match 5,63,1750.0
3137,2026-01-14,1,4,Match 4,4813,140.0
3137,2026-01-14,1,5,Match 3,112289,30.0
3137,2026-01-14,1,6,Match 2,1050603,0.0
3138,2026-01-17,1,1,Match 6,0,3800000.0
3138,2026-01-17,1,2,Match 5 plus Bonus,1,1000000.0
3138,2026-01-17,1,3,Match 5,41,1750.0
3138,2026-01-17,1,4,Match 4,3520,140.0
3138,2026-01-17,1,5,Match 3,89325,30.0
3138,2026-01-17,1,6,Match 2,926627,0.0
3139,2026-01-21,1,1,Match 6,1,5065547.0
3139,2026-01-21,1,2,Match 5 plus Bonus,3,1000000.0
3139,2026-01-21,1,3,Match 5,24,1750.0
3139,2026-01-21,1,4,Match 4,2380,140.0
3139,2026-01-21,1,5,Match 3,59128,30.0
3139,2026-01-21,1,6,Match 2,604112,0.0
3140,2026-01-24,1,1,Match 6,0,3800000.0
3140,2026-01-24,1,2,Match 5 plus Bonus,1,1000000.0
3140,2026-01-24,1,3,Match 5,69,1750.0
3140,2026-01-24,1,4,Match 4,4604,140.0
3140,2026-01-24,1,5,Match 3,116976,30.0
3140,2026-01-24,1,6,Match 2,1044523,0.0
3141,2026-01-28,1,1,Match 6,0,5031368.0
3141,2026-01-28,1,2,Match 5 plus Bonus,0,0.0
3141,2026-01-28,1,3,Match 5,20,1750.0
3141,2026-01-28,1,4,Match 4,1771,140.0
3141,2026-01-28,1,5,Match 3,40512,30.0
3141,2026-01-28,1,6,Match 2,413365,0.0
3142,2026-01-31,1,1,Match 6,0,6971375.0
3142,2026-01-31,1,2,Match 5 plus Bonus,2,1000000.0
3142,2026-01-31,1,3,Match 5,112,1750.0
3142,2026-01-31,1,4,Match 4,6848,140.0
3142,2026-01-31,1,5,Match 3,142057,30.0
3142,2026-01-31,1,6,Match 2,1166307,0.0
3143,2026-02-04,1,1,Match 6,0,8274349.0
3143,2026-02-04,1,2,Match 5 plus Bonus,0,0.0
3143,2026-02-04,1,3,Match 5,41,1750.0
3143,2026-02-04,1,4,Match 4,2261,140.0
3143,2026-02-04,1,5,Match 3,61186,30.0
3143,2026-02-04,1,6,Match 2,629485,0.0
3144,2026-02-07,1,1,Match 6,0,10276622.0
3144,2026-02-07,1,2,Match 5 plus Bonus,0,0.0
3144,2026-02-07,1,3,Match 5,51,1750.0
3144,2026-02-07,1,4,Match 4,3572,140.0
3144,2026-02-07,1,5,Match 3,92674,30.0
3144,2026-02-07,1,6,Match 2,957817,0.0
3145,2026-02-11,1,1,Match 6,0,12011099.0
3145,2026-02-11,1,2,Match 5 plus Bonus,0,10000000.0
3145,2026-02-11,1,3,Match 5,60,17508110.0
3145,2026-02-11,1,4,Match 4,4565,140255.0
3145,2026-02-11,1,5,Match 3,104132,3091.0
3145,2026-02-11,1,6,Match 2,934390,5.0
3146,2026-02-14,1,1,Match 6,0,3800000.0
3146,2026-02-14,1,2,Match 5 plus Bonus,1,1000000.0
3146,2026-02-14,1,3,Match 5,51,1750.0
3146,2026-02-14,1,4,Match 4,3033,140.0
3146,2026-02-14,1,5,Match 3,75534,30.0
3146,2026-02-14,1,6,Match 2,812616,0.0
3147,2026-02-18,1,1,Match 6,0,4973755.0
3147,2026-02-18,1,2,Match 5 plus Bonus,2,1000000.0
3147,2026-02-18,1,3,Match 5,96,1750.0
3147,2026-02-18,1,4,Match 4,4967,140.0
3147,2026-02-18,1,5,Match 3,92430,30.0
3147,2026-02-18,1,6,Match 2,731223,0.0
3148,2026-02-21,1,1,Match 6,0,6951028.0
3148,2026-02-21,1,2,Match 5 plus Bonus,3,1000000.0
3148,2026-02-21,1,3,Match 5,84,1750.0
3148,2026-02-21,1,4,Match 4,4909,140.0
3148,2026-02-21,1,5,Match 3,108059,30.0
3148,2026-02-21,1,6,Match 2,1016529,0.0
3149,2026-02-25,1,1,Match 6,0,8262434.0
3149,2026-02-25,1,2,Match 5 plus Bonus,0,0.0
3149,2026-02-25,1,3,Match 5,26,1750.0
3149,2026-02-25,1,4,Match 4,1941,140.0
3149,2026-02-25,1,5,Match 3,46098,30.0
3149,2026-02-25,1,6,Match 2,483392,0.0
3150,2026-02-28,1,1,Match 6,0,10336369.0
3150,2026-02-28,1,2,Match 5 plus Bonus,3,1000000.0
3150,2026-02-28,1,3,Match 5,61,1750.0
3150,2026-02-28,1,4,Match 4,6316,140.0
3150,2026-02-28,1,5,Match 3,137344,30.0
3150,2026-02-28,1,6,Match 2,1166331,0.0
3151,2026-03-04,1,1,Match 6,0,12219097.0
3151,2026-03-04,1,2,Match 5 plus Bonus,0,10000000.0
3151,2026-03-04,1,3,Match 5,33,175015003.0
3151,2026-03-04,1,4,Match 4,3152,140332.0
3151,2026-03-04,1,5,Match 3,74421,30129.0
3151,2026-03-04,1,6,Match 2,761585,5.0
3152,2026-03-07,1,1,Match 6,0,3800000.0
3152,2026-03-07,1,2,Match 5 plus Bonus,1,1000000.0
3152,2026-03-07,1,3,Match 5,46,1750.0
3152,2026-03-07,1,4,Match 4,3111,140.0
3152,2026-03-07,1,5,Match 3,79049,30.0
3152,2026-03-07,1,6,Match 2,815102,0.0
3153,2026-03-11,1,1,Match 6,0,5011494.0
3153,2026-03-11,1,2,Match 5 plus Bonus,1,1000000.0
3153,2026-03-11,1,3,Match 5,29,1750.0
3153,2026-03-11,1,4,Match 4,2633,140.0
3153,2026-03-11,1,5,Match 3,66439,30.0
3153,2026-03-11,1,6,Match 2,641216,0.0
3154,2026-03-14,1,1,Match 6,0,6970816.0
3154,2026-03-14,1,2,Match 5 plus Bonus,0,1000000.0
3154,2026-03-14,1,3,Match 5,45,1750.0
3154,2026-03-14,1,4,Match 4,3381,140.0
3154,2026-03-14,1,5,Match 3,87508,30.0
3154,2026-03-14,1,6,Match 2,908922,0.0
3155,2026-03-18,1,1,Match 6,0,8262101.0
3155,2026-03-18,1,2,Match 5 plus Bonus,2,1000000.0
3155,2026-03-18,1,3,Match 5,29,1750.0
3155,2026-03-18,1,4,Match 4,2687,140.0
3155,2026-03-18,1,5,Match 3,64529,30.0
3155,2026-03-18,1,6,Match 2,637403,0.0
3156,2026-03-21,1,1,Match 6,0,10295179.0
3156,2026-03-21,1,2,Match 5 plus Bonus,0,1000000.0
3156,2026-03-21,1,3,Match 5,73,1750.0
3156,2026-03-21,1,4,Match 4,5150,140.0
3156,2026-03-21,1,5,Match 3,119806,30.0
3156,2026-03-21,1,6,Match 2,1090609,0.0
3157,2026-03-25,1,1,Match 6,0,12141356.0
3157,2026-03-25,1,2,Match 5 plus Bonus,2,10000001114588.0
3157,2026-03-25,1,3,Match 5,41,175011066.0
3157,2026-03-25,1,4,Match 4,3869,140278.0
3157,2026-03-25,1,5,Match 3,93406,3099.0
3157,2026-03-25,1,6,Match 2,900421,5.0
3158,2026-03-28,1,1,Match 6,0,15000000.0
3158,2026-03-28,1,2,Match 5 plus Bonus,4,10000001061576.0
3158,2026-03-28,1,3,Match 5,94,17506117.0
3158,2026-03-28,1,4,Match 4,5933,140236.0
3158,2026-03-28,1,5,Match 3,137651,3080.0
3158,2026-03-28,1,6,Match 2,1357966,5.0
3159,2026-04-01,1,1,Match 6,0,2000000.0
3159,2026-04-01,1,2,Match 5 plus Bonus,1,1000000.0
3159,2026-04-01,1,3,Match 5,56,1750.0
3159,2026-04-01,1,4,Match 4,4137,140.0
3159,2026-04-01,1,5,Match 3,84784,30.0
3159,2026-04-01,1,6,Match 2,720235,0.0
3160,2026-04-04,1,1,Match 6,1,3943065.0
3160,2026-04-04,1,2,Match 5 plus Bonus,1,1000000.0
3160,2026-04-04,1,3,Match 5,67,1750.0
3160,2026-04-04,1,4,Match 4,6660,140.0
3160,2026-04-04,1,5,Match 3,107570,30.0
3160,2026-04-04,1,6,Match 2,986207,0.0
3161,2026-04-08,1,1,Match 6,0,2000000.0
3161,2026-04-08,1,2,Match 5 plus Bonus,0,0.0
3161,2026-04-08,1,3,Match 5,20,1750.0
3161,2026-04-08,1,4,Match 4,1845,140.0
3161,2026-04-08,1,5,Match 3,47065,30.0
3161,2026-04-08,1,6,Match 2,491525,0.0
3162,2026-04-11,1,1,Match 6,0,3848037.0
3162,2026-04-11,1,2,Match 5 plus Bonus,0,1000000.0
3162,2026-04-11,1,3,Match 5,101,1750.0
3162,2026-04-11,1,4,Match 4,7269,140.0
3162,2026-04-11,1,5,Match 3,149852,30.0
3162,2026-04-11,1,6,Match 2,1166393,0.0
3163,2026-04-15,1,1,Match 6,0,5118132.0
3163,2026-04-15,1,2,Match 5 plus Bonus,1,1000000.0
3163,2026-04-15,1,3,Match 5,26,1750.0
3163,2026-04-15,1,4,Match 4,1820,140.0
3163,2026-04-15,1,5,Match 3,43841,30.0
3163,2026-04-15,1,6,Match 2,456352,0.0
3164,2026-04-18,1,1,Match 6,0,7064486.0
3164,2026-04-18,1,2,Match 5 plus Bonus,2,1000000.0
3164,2026-04-18,1,3,Match 5,97,1750.0
3164,2026-04-18,1,4,Match 4,5549,140.0
3164,2026-04-18,1,5,Match 3,125025,30.0
3164,2026-04-18,1,6,Match 2,1101821,0.0
3165,2026-04-22,1,1,Match 6,0,8389046.0
3165,2026-04-22,1,2,Match 5 plus Bonus,2,1000000.0
3165,2026-04-22,1,3,Match 5,41,1750.0
3165,2026-04-22,1,4,Match 4,3530,140.0
3165,2026-04-22,1,5,Match 3,78127,30.0
3165,2026-04-22,1,6,Match 2,695005,0.0
3166,2026-04-25,1,1,Match 6,0,10852914.0
3166,2026-04-25,1,2,Match 5 plus Bonus,1,10000001126231.0
3166,2026-04-25,1,3,Match 5,77,17504482.0
3166,2026-04-25,1,4,Match 4,6065,140188.0
3166,2026-04-25,1,5,Match 3,143621,3054.0
3166,2026-04-25,1,6,Match 2,1329041,5.0
3167,2026-04-29,1,1,Match 6,0,2000000.0
3167,2026-04-29,1,2,Match 5 plus Bonus,1,1000000.0
3167,2026-04-29,1,3,Match 5,27,1750.0
3167,2026-04-29,1,4,Match 4,2377,140.0
3167,2026-04-29,1,5,Match 3,60149,30.0
3167,2026-04-29,1,6,Match 2,592056,0.0
3168,2026-05-02,1,1,Match 6,1,3892070.0
3168,2026-05-02,1,2,Match 5 plus Bonus,5,1000000.0
3168,2026-05-02,1,3,Match 5,149,1750.0
3168,2026-05-02,1,4,Match 4,8720,140.0
3168,2026-05-02,1,5,Match 3,161189,30.0
3168,2026-05-02,1,6,Match 2,1197368,0.0
3169,2026-05-06,1,1,Match 6,0,2000000.0
3169,2026-05-06,1,2,Match 5 plus Bonus,2,1000000.0
3169,2026-05-06,1,3,Match 5,25,1750.0
3169,2026-05-06,1,4,Match 4,2161,140.0
3169,2026-05-06,1,5,Match 3,52536,30.0
3169,2026-05-06,1,6,Match 2,547120,0.0
3170,2026-05-09,1,1,Match 6,0,3850428.0
3170,2026-05-09,1,2,Match 5 plus Bonus,1,1000000.0
3170,2026-05-09,1,3,Match 5,87,1750.0
3170,2026-05-09,1,4,Match 4,5997,140.0
3170,2026-05-09,1,5,Match 3,129864,30.0
3170,2026-05-09,1,6,Match 2,1087752,0.0
3171,2026-05-13,1,1,Match 6,0,5089975.0
3171,2026-05-13,1,2,Match 5 plus Bonus,0,0.0
3171,2026-05-13,1,3,Match 5,50,1750.0
3171,2026-05-13,1,4,Match 4,3401,140.0
3171,2026-05-13,1,5,Match 3,78078,30.0
3171,2026-05-13,1,6,Match 2,701675,0.0
3172,2026-05-16,1,1,Match 6,0,7036354.0
3172,2026-05-16,1,2,Match 5 plus Bonus,0,0.0
3172,2026-05-16,1,3,Match 5,50,1750.0
3172,2026-05-16,1,4,Match 4,4349,140.0
3172,2026-05-16,1,5,Match 3,107671,30.0
3172,2026-05-16,1,6,Match 2,1027499,0.0
3173,2026-05-20,1,1,Match 6,0,8340934.0
3173,2026-05-20,1,2,Match 5 plus Bonus,3,1000000.0
3173,2026-05-20,1,3,Match 5,34,1750.0
3173,2026-05-20,1,4,Match 4,1992,140.0
3173,2026-05-20,1,5,Match 3,50684,30.0
3173,2026-05-20,1,6,Match 2,545999,0.0
3174,2026-05-23,1,1,Match 6,1,10733012.0
3174,2026-05-23,1,2,Match 5 plus Bonus,2,1000000.0
3174,2026-05-23,1,3,Match 5,200,1750.0
3174,2026-05-23,1,4,Match 4,13010,140.0
3174,2026-05-23,1,5,Match 3,229234,30.0
3174,2026-05-23,1,6,Match 2,1613944,0.0
3175,2026-05-27,1,1,Match 6,1,2000000.0
3175,2026-05-27,1,2,Match 5 plus Bonus,0,1000000.0
3175,2026-05-27,1,3,Match 5,36,1750.0
3175,2026-05-27,1,4,Match 4,1908,140.0
3175,2026-05-27,1,5,Match 3,46476,30.0
3175,2026-05-27,1,6,Match 2,488643,0.0
3176,2026-05-30,1,1,Match 6,0,3800000.0
3176,2026-05-30,1,2,Match 5 plus Bonus,0,1000000.0
3176,2026-05-30,1,3,Match 5,80,1750.0
3176,2026-05-30,1,4,Match 4,4896,140.0
3176,2026-05-30,1,5,Match 3,111915,30.0
3176,2026-05-30,1,6,Match 2,1008951,0.0
3177,2026-06-03,1,1,Match 6,0,5027398.0
3177,2026-06-03,1,2,Match 5 plus Bonus,0,1000000.0
3177,2026-06-03,1,3,Match 5,24,1750.0
3177,2026-06-03,1,4,Match 4,1961,140.0
3177,2026-06-03,1,5,Match 3,51477,30.0
3177,2026-06-03,1,6,Match 2,543593,0.0
3178,2026-06-06,1,1,Match 6,1,12000000.0
3178,2026-06-06,1,2,Match 5 plus Bonus,1,1000000.0
3178,2026-06-06,1,3,Match 5,140,1750.0
3178,2026-06-06,1,4,Match 4,8306,140.0
3178,2026-06-06,1,5,Match 3,176678,30.0
3178,2026-06-06,1,6,Match 2,1516733,0.0
3179,2026-06-10,1,1,Match 6,0,2000000.0
3179,2026-06-10,1,2,Match 5 plus Bonus,0,1000000.0
3179,2026-06-10,1,3,Match 5,51,1000.0
3179,2026-06-10,1,4,Match 4,3272,50.0
3179,2026-06-10,1,5,Match 3,72801,10.0
3179,2026-06-10,1,6,Match 2,661424,1.0
3179,2026-06-10,2,1,Match 6,0,2000000.0
3179,2026-06-10,2,2,Match 5 plus Bonus,0,1000000.0
3179,2026-06-10,2,3,Match 5,43,1000.0
3179,2026-06-10,2,4,Match 4,2899,50.0
3179,2026-06-10,2,5,Match 3,70199,10.0
3179,2026-06-10,2,6,Match 2,657356,1.0
3180,2026-06-13,1,1,Match 6,0,3681650.0
3180,2026-06-13,1,2,Match 5 plus Bonus,0,0.0
3180,2026-06-13,1,3,Match 5,48,1000.0
3180,2026-06-13,1,4,Match 4,3110,50.0
3180,2026-06-13,1,5,Match 3,82855,10.0
3180,2026-06-13,1,6,Match 2,863054,1.0
3180,2026-06-13,2,1,Match 6,0,3681650.0
3180,2026-06-13,2,2,Match 5 plus Bonus,3,0.0
3180,2026-06-13,2,3,Match 5,36,1000.0
3180,2026-06-13,2,4,Match 4,2536,50.0
3180,2026-06-13,2,5,Match 3,64034,10.0
3180,2026-06-13,2,6,Match 2,698928,1.0
3181,2026-06-17,1,1,Match 6,0,4706314.0
3181,2026-06-17,1,2,Match 5 plus Bonus,0,0.0
3181,2026-06-17,1,3,Match 5,23,1000.0
3181,2026-06-17,1,4,Match 4,1712,50.0
3181,2026-06-17,1,5,Match 3,42425,10.0
3181,2026-06-17,1,6,Match 2,456327,1.0
3181,2026-06-17,2,1,Match 6,0,4706314.0
3181,2026-06-17,2,2,Match 5 plus Bonus,1,0.0
3181,2026-06-17,2,3,Match 5,29,1000.0
3181,2026-06-17,2,4,Match 4,1990,50.0
3181,2026-06-17,2,5,Match 3,51040,10.0
3181,2026-06-17,2,6,Match 2,529026,1.0
3182,2026-06-20,1,1,Match 6,0,6348233.0
3182,2026-06-20,1,2,Match 5 plus Bonus,0,0.0
3182,2026-06-20,1,3,Match 5,30,1000.0
3182,2026-06-20,1,4,Match 4,2976,50.0
3182,2026-06-20,1,5,Match 3,78339,10.0
3182,2026-06-20,1,6,Match 2,825681,1.0
3182,2026-06-20,2,1,Match 6,0,6348233.0
3182,2026-06-20,2,2,Match 5 plus Bonus,0,0.0
3182,2026-06-20,2,3,Match 5,43,1000.0
3182,2026-06-20,2,4,Match 4,2657,50.0
3182,2026-06-20,2,5,Match 3,59802,10.0
3182,2026-06-20,2,6,Match 2,645585,1.0
3183,2026-06-24,1,1,Match 6,0,7357143.0
3183,2026-06-24,1,2,Match 5 plus Bonus,4,1000000.0
3183,2026-06-24,1,3,Match 5,107,1000.0
3183,2026-06-24,1,4,Match 4,5670,50.0
3183,2026-06-24,1,5,Match 3,102736,10.0
3183,2026-06-24,1,6,Match 2,751580,1.0
3183,2026-06-24,2,1,Match 6,0,7357143.0
3183,2026-06-24,2,2,Match 5 plus Bonus,0,1000000.0
3183,2026-06-24,2,3,Match 5,26,1000.0
3183,2026-06-24,2,4,Match 4,1906,50.0
3183,2026-06-24,2,5,Match 3,45889,10.0
3183,2026-06-24,2,6,Match 2,470345,1.0
3184,2026-06-27,1,1,Match 6,0,9269710.0
3184,2026-06-27,1,2,Match 5 plus Bonus,0,0.0
3184,2026-06-27,1,3,Match 5,41,1000.0
3184,2026-06-27,1,4,Match 4,3264,50.0
3184,2026-06-27,1,5,Match 3,78376,10.0
3184,2026-06-27,1,6,Match 2,808504,1.0
3184,2026-06-27,2,1,Match 6,1,9269710.0
3184,2026-06-27,2,2,Match 5 plus Bonus,0,0.0
3184,2026-06-27,2,3,Match 5,46,1000.0
3184,2026-06-27,2,4,Match 4,4630,50.0
3184,2026-06-27,2,5,Match 3,107013,10.0
3184,2026-06-27,2,6,Match 2,1052659,1.0
3185,2026-07-01,1,1,Match 6,0,2000000.0
3185,2026-07-01,1,2,Match 5 plus Bonus,1,1000000.0
3185,2026-07-01,1,3,Match 5,11,1000.0
3185,2026-07-01,1,4,Match 4,1509,50.0
3185,2026-07-01,1,5,Match 3,41903,10.0
3185,2026-07-01,1,6,Match 2,413790,1.0
3185,2026-07-01,2,1,Match 6,0,2000000.0
3185,2026-07-01,2,2,Match 5 plus Bonus,3,1000000.0
3185,2026-07-01,2,3,Match 5,53,1000.0
3185,2026-07-01,2,4,Match 4,3359,50.0
3185,2026-07-01,2,5,Match 3,67172,10.0
3185,2026-07-01,2,6,Match 2,581723,1.0
3186,2026-07-04,1,1,Match 6,0,4061212.0
3186,2026-07-04,1,2,Match 5 plus Bonus,3,1000000.0
3186,2026-07-04,1,3,Match 5,58,1000.0
3186,2026-07-04,1,4,Match 4,4066,50.0
3186,2026-07-04,1,5,Match 3,96610,10.0
3186,2026-07-04,1,6,Match 2,1011605,1.0
3186,2026-07-04,2,1,Match 6,0,4061212.0
3186,2026-07-04,2,2,Match 5 plus Bonus,1,1000000.0
3186,2026-07-04,2,3,Match 5,81,1000.0
3186,2026-07-04,2,4,Match 4,4900,50.0
3186,2026-07-04,2,5,Match 3,113780,10.0
3186,2026-07-04,2,6,Match 2,1088929,1.0
3187,2026-07-08,1,1,Match 6,0,5043330.0
3187,2026-07-08,1,2,Match 5 plus Bonus,1,1000000.0
3187,2026-07-08,1,3,Match 5,26,1000.0
3187,2026-07-08,1,4,Match 4,1551,50.0
3187,2026-07-08,1,5,Match 3,38215,10.0
3187,2026-07-08,1,6,Match 2,408884,1.0
3187,2026-07-08,2,1,Match 6,0,5043330.0
3187,2026-07-08,2,2,Match 5 plus Bonus,1,1000000.0
3187,2026-07-08,2,3,Match 5,40,1000.0
3187,2026-07-08,2,4,Match 4,1714,50.0
3187,2026-07-08,2,5,Match 3,45013,10.0
3187,2026-07-08,2,6,Match 2,490976,1.0
3188,2026-07-11,1,1,Match 6,0,6643227.0
3188,2026-07-11,1,2,Match 5 plus Bonus,3,1000000.0
3188,2026-07-11,1,3,Match 5,99,1000.0
3188,2026-07-11,1,4,Match 4,5095,50.0
3188,2026-07-11,1,5,Match 3,107784,10.0
3188,2026-07-11,1,6,Match 2,932421,1.0
3188,2026-07-11,2,1,Match 6,0,6643227.0
3188,2026-07-11,2,2,Match 5 plus Bonus,0,1000000.0
3188,2026-07-11,2,3,Match 5,46,1000.0
3188,2026-07-11,2,4,Match 4,3795,50.0
3188,2026-07-11,2,5,Match 3,88715,10.0
3188,2026-07-11,2,6,Match 2,854998,1.0
3189,2026-07-15,1,1,Match 6,0,7663813.0
3189,2026-07-15,1,2,Match 5 plus Bonus,1,1000000.0
3189,2026-07-15,1,3,Match 5,124,1000.0
3189,2026-07-15,1,4,Match 4,5918,50.0
3189,2026-07-15,1,5,Match 3,98814,10.0
3189,2026-07-15,1,6,Match 2,719846,1.0
3189,2026-07-15,2,1,Match 6,0,7663813.0
3189,2026-07-15,2,2,Match 5 plus Bonus,1,1000000.0
3189,2026-07-15,2,3,Match 5,12,1000.0
3189,2026-07-15,2,4,Match 4,1506,50.0
3189,2026-07-15,2,5,Match 3,35905,10.0
3189,2026-07-15,2,6,Match 2,389640,1.0
3190,2026-07-18,1,1,Match 6,0,9559451.0
3190,2026-07-18,1,2,Match 5 plus Bonus,0,10000000.0
3190,2026-07-18,1,3,Match 5,48,1000.0
3190,2026-07-18,1,4,Match 4,3421,50.0
3190,2026-07-18,1,5,Match 3,82350,1024.0
3190,2026-07-18,1,6,Match 2,830337,15.0
3190,2026-07-18,2,1,Match 6,0,9559451.0
3190,2026-07-18,2,2,Match 5 plus Bonus,0,10000000.0
3190,2026-07-18,2,3,Match 5,39,1000.0
3190,2026-07-18,2,4,Match 4,3511,50.0
3190,2026-07-18,2,5,Match 3,87088,1024.0
3190,2026-07-18,2,6,Match 2,926053,15.0
3191,2026-07-22,1,1,Match 6,0,2000000.0
3191,2026-07-22,1,2,Match 5 plus Bonus,0,0.0
3191,2026-07-22,1,3,Match 5,44,1000.0
3191,2026-07-22,1,4,Match 4,3506,50.0
3191,2026-07-22,1,5,Match 3,73375,10.0
3191,2026-07-22,1,6,Match 2,593248,1.0
3191,2026-07-22,2,1,Match 6,0,2000000.0
3191,2026-07-22,2,2,Match 5 plus Bonus,1,0.0
3191,2026-07-22,2,3,Match 5,22,1000.0
3191,2026-07-22,2,4,Match 4,1709,50.0
3191,2026-07-22,2,5,Match 3,43540,10.0
3191,2026-07-22,2,6,Match 2,456532,1.0
