draw_date,draw_number,sales_gbp,lines_sold,pct_chg
1994-11-19,1,48965792,48965792,0.0
1994-11-26,2,47943564,47943564,-2.1
1994-12-03,3,48263533,48263533,0.7
1994-12-10,4,61495564,61495564,27.4
1994-12-17,5,54673700,54673700,-11.1
1994-12-24,6,55234642,55234642,1.0
1994-12-31,7,53293047,53293047,-3.5
1995-01-07,8,57529347,57529347,7.9
1995-01-14,9,69846979,69846979,21.4
1995-01-21,10,61157534,61157534,-12.4
1995-01-28,11,61290932,61290932,0.2
1995-02-04,12,62170560,62170560,1.4
1995-02-11,13,61721793,61721793,-0.7
1995-02-18,14,60985534,60985534,-1.2
1995-02-25,15,61301422,61301422,0.5
1995-03-04,16,61302793,61302793,0.0
1995-03-11,17,67688637,67688637,10.4
1995-03-18,18,62479486,62479486,-7.7
1995-03-25,19,62227682,62227682,-0.4
1995-04-01,20,76269508,76269508,22.6
1995-04-08,21,63753399,63753399,-16.4
1995-04-15,22,64128388,64128388,0.6
1995-04-22,23,63309485,63309485,-1.3
1995-04-29,24,74379636,74379636,17.5
1995-05-06,25,62725409,62725409,-15.7
1995-05-13,26,62879549,62879549,0.2
1995-05-20,27,62298146,62298146,-0.9
1995-05-27,28,74771757,74771757,20.0
1995-06-03,29,64826761,64826761,-13.3
1995-06-10,30,72201984,72201984,11.4
1995-06-17,31,66006436,66006436,-8.6
1995-06-24,32,64505245,64505245,-2.3
1995-07-01,33,63881931,63881931,-1.0
1995-07-08,34,73414008,73414008,14.9
1995-07-15,35,65607043,65607043,-10.6
1995-07-22,36,63924721,63924721,-2.6
1995-07-29,37,63812748,63812748,-0.2
1995-08-05,38,63405879,63405879,-0.6
1995-08-12,39,63525142,63525142,0.2
1995-08-19,40,74575649,74575649,17.4
1995-08-26,41,65833755,65833755,-11.7
1995-09-02,42,65050696,65050696,-1.2
1995-09-09,43,64604276,64604276,-0.7
1995-09-16,44,76663008,76663008,18.7
1995-09-23,45,66212779,66212779,-13.6
1995-09-30,46,65805302,65805302,-0.6
1995-10-07,47,65608291,65608291,-0.3
1995-10-14,48,65828800,65828800,0.3
1995-10-21,49,65759630,65759630,-0.1
1995-10-28,50,65944108,65944108,0.3
1995-11-04,51,65551611,65551611,-0.6
1995-11-11,52,65805646,65805646,0.4
1995-11-18,53,66693414,66693414,1.3
1995-11-25,54,65820282,65820282,-1.3
1995-12-02,55,65437794,65437794,-0.6
1995-12-09,56,65060440,65060440,-0.6
1995-12-16,57,64973661,64973661,-0.1
1995-12-23,58,67920715,67920715,4.5
1995-12-30,59,78428855,78428855,15.5
1996-01-06,60,127824795,127824795,63.0
1996-01-13,61,74832559,74832559,-41.5
1996-01-20,62,86753064,86753064,15.9
1996-01-27,63,106159714,106159714,22.4
1996-02-03,64,78125931,78125931,-26.4
1996-02-10,65,75496220,75496220,-3.4
1996-02-17,66,73903189,73903189,-2.1
1996-02-24,67,73962371,73962371,0.1
1996-03-02,68,73026110,73026110,-1.3
1996-03-09,69,70279408,70279408,-3.8
1996-03-16,70,68975891,68975891,-1.9
1996-03-23,71,69251936,69251936,0.4
1996-03-30,72,69098713,69098713,-0.2
1996-04-06,73,79821776,79821776,15.5
1996-04-13,74,69652526,69652526,-12.7
1996-04-20,75,69363752,69363752,-0.4
1996-04-27,76,68877731,68877731,-0.7
1996-05-04,77,79882225,79882225,16.0
1996-05-11,78,70174699,70174699,-12.2
1996-05-18,79,69687983,69687983,-0.7
1996-05-25,80,69781658,69781658,0.1
1996-06-01,81,68733675,68733675,-1.5
1996-06-08,82,67580316,67580316,-1.7
1996-06-15,83,66461361,66461361,-1.7
1996-06-22,84,77736654,77736654,17.0
1996-06-29,85,68626062,68626062,-11.7
1996-07-06,86,68289582,68289582,-0.5
1996-07-13,87,78487718,78487718,14.9
1996-07-20,88,68102609,68102609,-13.2
1996-07-27,89,68196294,68196294,0.1
1996-08-03,90,67828482,67828482,-0.5
1996-08-10,91,67503030,67503030,-0.5
1996-08-17,92,66784509,66784509,-1.1
1996-08-24,93,67864651,67864651,1.6
1996-08-31,94,67640227,67640227,-0.3
1996-09-07,95,67704249,67704249,0.1
1996-09-14,96,67769246,67769246,0.1
1996-09-21,97,68459299,68459299,1.0
1996-09-28,98,68644687,68644687,0.3
1996-10-05,99,68915135,68915135,0.4
1996-10-12,100,70065289,70065289,1.7
1996-10-19,101,69179660,69179660,-1.3
1996-10-26,102,83704409,83704409,21.0
1996-11-02,103,70473976,70473976,-15.8
1996-11-09,104,69982850,69982850,-0.7
1996-11-16,105,83692804,83692804,19.6
1996-11-23,106,71437490,71437490,-14.6
1996-11-30,107,70878270,70878270,-0.8
1996-12-07,108,69971972,69971972,-1.3
1996-12-14,109,69590484,69590484,-0.5
1996-12-21,110,70754021,70754021,1.7
1996-12-28,111,69197766,69197766,-2.2
1997-01-04,112,68852702,68852702,-0.5
1997-01-11,113,69141121,69141121,0.4
1997-01-18,114,69157372,69157372,0.0
1997-01-25,115,68717073,68717073,-0.6
1997-02-01,116,77658065,77658065,13.0
1997-02-05,117,32978341,32978341,-57.5
1997-02-08,118,63799683,63799683,-17.8
1997-02-12,119,29707786,29707786,-9.9
1997-02-15,120,63037350,63037350,-1.2
1997-02-19,121,28494520,28494520,-4.1
1997-02-22,122,62828990,62828990,-0.3
1997-02-26,123,28571270,28571270,0.3
1997-03-01,124,62694583,62694583,-0.2
1997-03-05,125,27717110,27717110,-3.0
1997-03-08,126,61970334,61970334,-1.2
1997-03-12,127,26886315,26886315,-3.0
1997-03-15,128,61364875,61364875,-1.0
1997-03-19,129,26640638,26640638,-0.9
1997-03-22,130,64546216,64546216,5.2
1997-03-26,131,27061405,27061405,1.6
1997-03-29,132,66235413,66235413,2.6
1997-04-02,133,26286073,26286073,-2.9
1997-04-05,134,61149709,61149709,-7.7
1997-04-09,135,25900774,25900774,-1.5
1997-04-12,136,59959500,59959500,-1.9
1997-04-16,137,25712829,25712829,-0.7
1997-04-19,138,60080178,60080178,0.2
1997-04-23,139,25715330,25715330,0.0
1997-04-26,140,60018699,60018699,-0.1
1997-04-30,141,25339461,25339461,-1.5
1997-05-03,142,59240714,59240714,-1.3
1997-05-07,143,25317531,25317531,-0.1
1997-05-10,144,59665871,59665871,0.7
1997-05-14,145,25631554,25631554,1.2
1997-05-17,146,58856046,58856046,-1.4
1997-05-21,147,25339005,25339005,-1.1
1997-05-24,148,63138076,63138076,7.3
1997-05-28,149,25129823,25129823,-0.8
1997-05-31,150,58635591,58635591,-7.1
1997-06-04,151,25034690,25034690,-0.4
1997-06-07,152,62401085,62401085,6.4
1997-06-11,153,25847103,25847103,3.2
1997-06-14,154,64550792,64550792,3.4
1997-06-18,155,26161186,26161186,1.2
1997-06-21,156,59674321,59674321,-7.6
1997-06-25,157,26267888,26267888,0.4
1997-06-28,158,59549453,59549453,-0.2
1997-07-02,159,38092277,38092277,45.0
1997-07-05,160,59000030,59000030,-0.9
1997-07-09,161,38716089,38716089,1.6
1997-07-12,162,58551284,58551284,-0.8
1997-07-16,163,28298431,28298431,-26.9
1997-07-19,164,57896277,57896277,-1.1
1997-07-23,165,27646490,27646490,-2.3
1997-07-26,166,58314746,58314746,0.7
1997-07-30,167,27887919,27887919,0.9
1997-08-02,168,58332761,58332761,0.0
1997-08-06,169,27614797,27614797,-1.0
1997-08-09,170,62400415,62400415,7.0
1997-08-13,171,27281835,27281835,-1.2
1997-08-16,172,57126940,57126940,-8.5
1997-08-20,173,27103614,27103614,-0.7
1997-08-23,174,57788173,57788173,1.2
1997-08-27,175,27597040,27597040,1.8
1997-08-30,176,57909697,57909697,0.2
1997-09-03,177,26641840,26641840,-3.5
1997-09-07,178,54062432,54062432,-6.6
1997-09-10,179,26577126,26577126,-0.2
1997-09-13,180,57021778,57021778,5.5
1997-09-17,181,27144972,27144972,2.1
1997-09-20,182,56857765,56857765,-0.3
1997-09-24,183,39366717,39366717,45.0
1997-09-27,184,88306161,88306161,55.3
1997-10-01,185,29091272,29091272,-26.1
1997-10-04,186,60340622,60340622,-31.7
1997-10-08,187,28931948,28931948,-0.5
1997-10-11,188,59463401,59463401,-1.5
1997-10-15,189,28625076,28625076,-1.1
1997-10-18,190,59467553,59467553,0.0
1997-10-22,191,28424236,28424236,-0.7
1997-10-25,192,58970891,58970891,-0.8
1997-10-29,193,28262504,28262504,-0.6
1997-11-01,194,58849046,58849046,-0.2
1997-11-05,195,28003903,28003903,-0.9
1997-11-08,196,58832714,58832714,-0.0
1997-11-12,197,41372692,41372692,47.7
1997-11-15,198,63045269,63045269,7.2
1997-11-19,199,41634181,41634181,0.6
1997-11-22,200,78640564,78640564,24.7
1997-11-26,201,30980069,30980069,-25.6
1997-11-29,202,60700443,60700443,-22.8
1997-12-03,203,29913147,29913147,-3.4
1997-12-06,204,65811152,65811152,8.4
1997-12-10,205,29689955,29689955,-0.7
1997-12-13,206,59617587,59617587,-9.4
1997-12-17,207,28817093,28817093,-2.9
1997-12-20,208,75870753,75870753,27.3
1997-12-24,209,35641748,35641748,23.7
1997-12-27,210,58896450,58896450,-22.4
1997-12-31,211,34513590,34513590,-3.2
1998-01-03,212,59246901,59246901,0.6
1998-01-07,213,29900585,29900585,-13.4
1998-01-10,214,59766168,59766168,0.9
1998-01-14,215,29961129,29961129,0.2
1998-01-17,216,67439157,67439157,12.8
1998-01-21,217,30025300,30025300,0.2
1998-01-24,218,59972780,59972780,-11.1
1998-01-28,219,30249553,30249553,0.7
1998-01-31,220,60485882,60485882,0.9
1998-02-04,221,30304919,30304919,0.2
1998-02-07,222,60073671,60073671,-0.7
1998-02-11,223,30098873,30098873,-0.7
1998-02-14,224,67433962,67433962,12.3
1998-02-18,225,30262506,30262506,0.5
1998-02-21,226,60616673,60616673,-10.1
1998-02-25,227,30301763,30301763,0.1
1998-02-28,228,60296290,60296290,-0.5
1998-03-04,229,30128877,30128877,-0.6
1998-03-07,230,59607688,59607688,-1.1
1998-03-11,231,29718641,29718641,-1.4
1998-03-14,232,59221094,59221094,-0.6
1998-03-18,233,29638993,29638993,-0.3
1998-03-21,234,58774812,58774812,-0.8
1998-03-25,235,29354959,29354959,-1.0
1998-03-28,236,58417251,58417251,-0.6
1998-04-01,237,29267101,29267101,-0.3
1998-04-04,238,65162078,65162078,11.5
1998-04-08,239,29098892,29098892,-0.6
1998-04-11,240,58579687,58579687,-10.1
1998-04-15,241,28606043,28606043,-1.7
1998-04-18,242,57818388,57818388,-1.3
1998-04-22,243,28904347,28904347,1.0
1998-04-25,244,64537494,64537494,11.6
1998-04-29,245,32959726,32959726,14.0
1998-05-02,246,58076451,58076451,-10.0
1998-05-06,247,29157117,29157117,-11.5
1998-05-09,248,57014328,57014328,-1.8
1998-05-13,249,28633365,28633365,-1.8
1998-05-16,250,61108624,61108624,7.2
1998-05-20,251,28854385,28854385,0.8
1998-05-23,252,69563480,69563480,13.8
1998-05-27,253,30732307,30732307,6.5
1998-05-30,254,57765432,57765432,-17.0
1998-06-03,255,29206052,29206052,-5.0
1998-06-06,256,57340567,57340567,-0.7
1998-06-10,257,28527482,28527482,-2.3
1998-06-13,258,56499075,56499075,-1.5
1998-06-17,259,28415524,28415524,-0.4
1998-06-20,260,55580257,55580257,-1.6
1998-06-24,261,28000379,28000379,-1.5
1998-06-27,262,55556987,55556987,-0.0
1998-07-01,263,28089894,28089894,0.3
1998-07-04,264,62374827,62374827,12.3
1998-07-08,265,35881605,35881605,27.7
1998-07-11,266,64816506,64816506,3.9
1998-07-15,267,29118810,29118810,-18.8
1998-07-18,268,61439767,61439767,-5.2
1998-07-22,269,28947365,28947365,-0.6
1998-07-25,270,56168630,56168630,-8.6
1998-07-29,271,28891280,28891280,-0.2
1998-08-01,272,56314043,56314043,0.3
1998-08-05,273,28399925,28399925,-1.7
1998-08-08,274,55049006,55049006,-2.2
1998-08-12,275,28086521,28086521,-1.1
1998-08-15,276,55085737,55085737,0.1
1998-08-19,277,27947714,27947714,-0.5
1998-08-22,278,54976469,54976469,-0.2
1998-08-26,279,28183477,28183477,0.8
1998-08-29,280,54949980,54949980,-0.0
1998-09-02,281,27711327,27711327,-1.7
1998-09-05,282,54711952,54711952,-0.4
1998-09-09,283,28156330,28156330,1.6
1998-09-12,284,59929997,59929997,9.5
1998-09-16,285,28236359,28236359,0.3
1998-09-19,286,55694468,55694468,-7.1
1998-09-23,287,37096526,37096526,31.4
1998-09-26,288,55651068,55651068,-0.1
1998-09-30,289,29006025,29006025,-21.8
1998-10-03,290,60946486,60946486,9.5
1998-10-07,291,28939588,28939588,-0.2
1998-10-10,292,55718781,55718781,-8.6
1998-10-14,293,28552723,28552723,-1.3
1998-10-17,294,55225424,55225424,-0.9
1998-10-21,295,28456934,28456934,-0.3
1998-10-24,296,55040812,55040812,-0.3
1998-10-28,297,28350889,28350889,-0.4
1998-10-31,298,55019378,55019378,-0.0
1998-11-04,299,28209331,28209331,-0.5
1998-11-07,300,55066344,55066344,0.1
1998-11-11,301,28363679,28363679,0.5
1998-11-14,302,55384944,55384944,0.6
1998-11-18,303,28499966,28499966,0.5
1998-11-21,304,68633722,68633722,23.9
1998-11-25,305,28559121,28559121,0.2
1998-11-28,306,62278118,62278118,-9.3
1998-12-02,307,28968128,28968128,1.4
1998-12-05,308,56239245,56239245,-9.7
1998-12-09,309,28513885,28513885,-1.6
1998-12-12,310,55606315,55606315,-1.1
1998-12-16,311,28379041,28379041,-0.5
1998-12-19,312,63185293,63185293,13.6
1998-12-23,313,30084118,30084118,6.0
1998-12-26,314,52570901,52570901,-16.8
1998-12-30,315,30232121,30232121,0.5
1999-01-02,316,55821665,55821665,6.2
1999-01-06,317,28849729,28849729,-4.6
1999-01-09,318,55856740,55856740,0.1
1999-01-13,319,28773758,28773758,-0.3
1999-01-16,320,55490788,55490788,-0.7
1999-01-20,321,28889120,28889120,0.4
1999-01-23,322,55691993,55691993,0.4
1999-01-27,323,28893037,28893037,0.0
1999-01-30,324,55903254,55903254,0.4
1999-02-03,325,28769664,28769664,-0.4
1999-02-06,326,55250438,55250438,-1.2
1999-02-10,327,28317221,28317221,-1.6
1999-02-13,328,54863321,54863321,-0.7
1999-02-17,329,28097330,28097330,-0.8
1999-02-20,330,54521666,54521666,-0.6
1999-02-24,331,28187848,28187848,0.3
1999-02-27,332,54701068,54701068,0.3
1999-03-03,333,41650444,41650444,47.8
1999-03-06,334,55179209,55179209,0.9
1999-03-10,335,28790191,28790191,-30.9
1999-03-13,336,54193854,54193854,-1.8
1999-03-17,337,28173730,28173730,-2.1
1999-03-20,338,61516275,61516275,13.5
1999-03-24,339,28455102,28455102,1.0
1999-03-27,340,54035250,54035250,-12.2
1999-03-31,341,28136774,28136774,-1.1
1999-04-03,342,54037062,54037062,0.0
1999-04-07,343,27697493,27697493,-1.6
1999-04-10,344,53545822,53545822,-0.9
1999-04-14,345,27781564,27781564,0.3
1999-04-17,346,53266376,53266376,-0.5
1999-04-21,347,28070675,28070675,1.0
1999-04-24,348,53536140,53536140,0.5
1999-04-28,349,27780701,27780701,-1.0
1999-05-01,350,68612518,68612518,28.2
1999-05-05,351,27673705,27673705,-0.4
1999-05-08,352,54229226,54229226,-21.0
1999-05-12,353,27864827,27864827,0.7
1999-05-15,354,53572688,53572688,-1.2
1999-05-19,355,27501424,27501424,-1.3
1999-05-22,356,53081729,53081729,-0.9
1999-05-26,357,27741578,27741578,0.9
1999-05-29,358,59634577,59634577,12.3
1999-06-02,359,27343124,27343124,-1.4
1999-06-05,360,53085124,53085124,-11.0
1999-06-09,361,27058385,27058385,-1.0
1999-06-12,362,57267193,57267193,7.9
1999-06-16,363,26488382,26488382,-2.1
1999-06-19,364,50888819,50888819,-11.1
1999-06-23,365,26542511,26542511,0.2
1999-06-26,366,50221086,50221086,-1.3
1999-06-30,367,26663995,26663995,0.5
1999-07-03,368,50570150,50570150,0.7
1999-07-07,369,26283533,26283533,-1.4
1999-07-10,370,48863426,48863426,-3.4
1999-07-14,371,26450391,26450391,0.6
1999-07-17,372,61085201,61085201,25.0
1999-07-21,373,26709172,26709172,1.0
1999-07-24,374,50676804,50676804,-17.0
1999-07-28,375,26229316,26229316,-1.8
1999-07-31,376,50173627,50173627,-1.0
1999-08-04,377,26252417,26252417,0.1
1999-08-07,378,50692231,50692231,1.0
1999-08-11,379,26742648,26742648,1.9
1999-08-14,380,58110290,58110290,14.6
1999-08-18,381,26774132,26774132,0.1
1999-08-21,382,57696877,57696877,-0.7
1999-08-25,383,26884872,26884872,0.4
1999-08-28,384,51416551,51416551,-10.9
1999-09-01,385,26219058,26219058,-2.5
1999-09-04,386,52611942,52611942,2.3
1999-09-08,387,26513951,26513951,1.1
1999-09-11,388,53066629,53066629,0.9
1999-09-15,389,26258882,26258882,-1.0
1999-09-18,390,53015012,53015012,-0.1
1999-09-22,391,26682259,26682259,1.6
1999-09-25,392,53375388,53375388,0.7
1999-09-29,393,26342766,26342766,-1.3
1999-10-02,394,50840243,50840243,-4.7
1999-10-06,395,26378267,26378267,0.1
1999-10-09,396,51290460,51290460,0.9
1999-10-13,397,26165833,26165833,-0.8
1999-10-16,398,56599497,56599497,10.4
1999-10-20,399,26259599,26259599,0.4
1999-10-23,400,51446517,51446517,-9.1
1999-10-27,401,26157343,26157343,-0.4
1999-10-30,402,51370355,51370355,-0.1
1999-11-03,403,26537621,26537621,1.5
1999-11-06,404,51218701,51218701,-0.3
1999-11-10,405,26158840,26158840,-1.4
1999-11-13,406,51043286,51043286,-0.3
1999-11-17,407,26218113,26218113,0.2
1999-11-20,408,60935416,60935416,19.4
1999-11-24,409,26128443,26128443,-0.3
1999-11-27,410,51545966,51545966,-15.4
1999-12-01,411,26027137,26027137,-0.4
1999-12-04,412,51005930,51005930,-1.0
1999-12-08,413,25632525,25632525,-1.5
1999-12-11,414,56175070,56175070,10.1
1999-12-15,415,25466077,25466077,-0.6
1999-12-18,416,50987283,50987283,-9.2
1999-12-22,417,25857606,25857606,1.5
1999-12-24,418,56430134,56430134,10.7
1999-12-29,419,26183675,26183675,1.3
2000-01-01,420,47803587,47803587,-15.3
2000-01-05,421,25296753,25296753,-3.4
2000-01-08,422,63632807,63632807,33.1
2000-01-12,423,64102613,64102613,153.4
2000-01-15,424,53469706,53469706,-16.0
2000-01-19,425,27972547,27972547,-56.4
2000-01-22,426,52396283,52396283,-2.0
2000-01-26,427,27592204,27592204,-1.4
2000-01-29,428,52252488,52252488,-0.3
2000-02-02,429,27427077,27427077,-0.6
2000-02-05,430,51880069,51880069,-0.7
2000-02-09,431,39819850,39819850,45.2
2000-02-12,432,51959579,51959579,0.2
2000-02-16,433,27720938,27720938,-30.4
2000-02-19,434,51453579,51453579,-1.0
2000-02-23,435,27322702,27322702,-1.4
2000-02-26,436,51068684,51068684,-0.7
2000-03-01,437,27280911,27280911,-0.2
2000-03-04,438,50836525,50836525,-0.5
2000-03-08,439,27010448,27010448,-1.0
2000-03-11,440,50464428,50464428,-0.7
2000-03-15,441,37768134,37768134,39.8
2000-03-18,442,50613779,50613779,0.3
2000-03-22,443,27166394,27166394,-28.1
2000-03-25,444,55549460,55549460,9.8
2000-03-29,445,26959083,26959083,-0.8
2000-04-01,446,56317684,56317684,1.4
2000-04-05,447,27257329,27257329,1.1
2000-04-08,448,58837707,58837707,4.5
2000-04-12,449,35817240,35817240,31.4
2000-04-15,450,60214642,60214642,2.3
2000-04-19,451,27604938,27604938,-22.9
2000-04-22,452,51701761,51701761,-14.1
2000-04-26,453,27001122,27001122,-2.2
2000-04-29,454,50436328,50436328,-2.4
2000-05-03,455,26665798,26665798,-1.2
2000-05-06,456,49707146,49707146,-1.4
2000-05-10,457,26853880,26853880,0.7
2000-05-13,458,55920360,55920360,12.5
2000-05-17,459,48872436,48872436,82.0
2000-05-20,460,50711628,50711628,-9.3
2000-05-24,461,27497883,27497883,-43.7
2000-05-27,462,50032712,50032712,-1.3
2000-05-31,463,26754762,26754762,-2.7
2000-06-03,464,49410982,49410982,-1.2
2000-06-07,465,26770116,26770116,0.1
2000-06-10,466,48844374,48844374,-1.1
2000-06-14,467,26384541,26384541,-1.4
2000-06-17,468,48120152,48120152,-1.5
2000-06-21,469,26170485,26170485,-0.8
2000-06-24,470,48445646,48445646,0.7
2000-06-28,471,26241310,26241310,0.3
2000-07-01,472,48583161,48583161,0.3
2000-07-05,473,37566395,37566395,43.2
2000-07-08,474,48910563,48910563,0.7
2000-07-12,475,38617369,38617369,2.8
2000-07-15,476,48993369,48993369,0.2
2000-07-19,477,26875747,26875747,-30.4
2000-07-22,478,54311618,54311618,10.9
2000-07-26,479,27044310,27044310,0.6
2000-07-29,480,55364229,55364229,1.9
2000-08-02,481,27578839,27578839,2.0
2000-08-05,482,55624467,55624467,0.5
2000-08-09,483,27252667,27252667,-1.2
2000-08-12,484,49802029,49802029,-10.5
2000-08-16,485,27357404,27357404,0.4
2000-08-19,486,49428113,49428113,-0.8
2000-08-23,487,38708140,38708140,41.5
2000-08-26,488,50116459,50116459,1.4
2000-08-30,489,27384441,27384441,-29.3
2000-09-02,490,49361178,49361178,-1.5
2000-09-06,491,27311602,27311602,-0.3
2000-09-09,492,48929773,48929773,-0.9
2000-09-13,493,26868602,26868602,-1.6
2000-09-16,494,57441758,57441758,17.4
2000-09-20,495,26874246,26874246,0.0
2000-09-23,496,49082420,49082420,-14.6
2000-09-27,497,26690625,26690625,-0.7
2000-09-30,498,55548437,55548437,13.2
2000-10-04,499,26956298,26956298,1.0
2000-10-07,500,49005052,49005052,-11.8
2000-10-11,501,26397771,26397771,-2.1
2000-10-14,502,48576296,48576296,-0.9
2000-10-18,503,26373469,26373469,-0.1
2000-10-21,504,48602364,48602364,0.1
2000-10-25,505,26469426,26469426,0.4
2000-10-28,506,55767155,55767155,14.7
2000-11-01,507,26959309,26959309,1.9
2000-11-04,508,59470915,59470915,6.6
2000-11-08,509,26630344,26630344,-1.2
2000-11-11,510,49610233,49610233,-16.6
2000-11-15,511,26441305,26441305,-0.7
2000-11-18,512,48948322,48948322,-1.3
2000-11-22,513,25877762,25877762,-2.1
2000-11-25,514,48421137,48421137,-1.1
2000-11-29,515,25745213,25745213,-0.5
2000-12-02,516,48125801,48125801,-0.6
2000-12-06,517,25523487,25523487,-0.9
2000-12-09,518,47697635,47697635,-0.9
2000-12-13,519,25109234,25109234,-1.6
2000-12-16,520,52937263,52937263,11.0
2000-12-20,521,25772169,25772169,2.6
2000-12-23,522,55270861,55270861,4.4
2000-12-27,523,25299806,25299806,-1.8
2000-12-30,524,49205792,49205792,-11.0
2001-01-03,525,25020473,25020473,-1.1
2001-01-06,526,47659599,47659599,-3.1
2001-01-10,527,25390865,25390865,1.5
2001-01-13,528,56086244,56086244,17.7
2001-01-17,529,25927800,25927800,2.1
2001-01-20,530,48071310,48071310,-14.3
2001-01-24,531,25350259,25350259,-2.2
2001-01-27,532,47650161,47650161,-0.9
2001-01-31,533,25324665,25324665,-0.1
2001-02-03,534,53032375,53032375,11.3
2001-02-07,535,25395436,25395436,0.3
2001-02-10,536,47634845,47634845,-10.2
2001-02-14,537,32975605,32975605,29.8
2001-02-17,538,47419454,47419454,-0.5
2001-02-21,539,25629472,25629472,-22.3
2001-02-24,540,47271414,47271414,-0.3
2001-02-28,541,25325745,25325745,-1.2
2001-03-03,542,47151345,47151345,-0.3
2001-03-07,543,25623825,25623825,1.2
2001-03-10,544,47540986,47540986,0.8
2001-03-14,545,25174141,25174141,-1.8
2001-03-17,546,46554404,46554404,-2.1
2001-03-21,547,24934465,24934465,-1.0
2001-03-24,548,54220705,54220705,16.5
2001-03-28,549,25025179,25025179,0.4
2001-03-31,550,52613864,52613864,-3.0
2001-04-04,551,25262434,25262434,0.9
2001-04-07,552,53181513,53181513,1.1
2001-04-11,553,25136897,25136897,-0.5
2001-04-14,554,47868315,47868315,-10.0
2001-04-18,555,24574186,24574186,-2.2
2001-04-21,556,52371053,52371053,9.4
2001-04-25,557,25192338,25192338,2.5
2001-04-28,558,52823170,52823170,0.9
2001-05-02,559,25548480,25548480,1.4
2001-05-05,560,48206713,48206713,-8.7
2001-05-09,561,24741287,24741287,-3.2
2001-05-12,562,50466541,50466541,4.7
2001-05-16,563,24735330,24735330,-0.0
2001-05-19,564,46491778,46491778,-7.9
2001-05-23,565,24296532,24296532,-1.8
2001-05-26,566,46008775,46008775,-1.0
2001-05-30,567,24012424,24012424,-1.2
2001-06-02,568,46055464,46055464,0.1
2001-06-06,569,24600033,24600033,2.4
2001-06-09,570,45958017,45958017,-0.2
2001-06-13,571,24316131,24316131,-1.2
2001-06-16,572,50527653,50527653,9.9
2001-06-20,573,24354780,24354780,0.2
2001-06-23,574,50789708,50789708,0.5
2001-06-27,575,44448970,44448970,82.5
2001-06-30,576,47398375,47398375,-6.7
2001-07-04,577,25032464,25032464,-43.7
2001-07-07,578,45745062,45745062,-3.5
2001-07-11,579,25266443,25266443,0.9
2001-07-14,580,51567421,51567421,12.7
2001-07-18,581,25260100,25260100,-0.0
2001-07-21,582,46133899,46133899,-10.5
2001-07-25,583,24744360,24744360,-2.0
2001-07-28,584,44922084,44922084,-2.6
2001-08-01,585,24374372,24374372,-1.5
2001-08-04,586,45267983,45267983,0.8
2001-08-08,587,24554981,24554981,0.7
2001-08-11,588,50304472,50304472,11.1
2001-08-15,589,24539242,24539242,-0.1
2001-08-18,590,45492629,45492629,-9.6
2001-08-22,591,24533667,24533667,-0.0
2001-08-25,592,45039713,45039713,-1.0
2001-08-29,593,24090461,24090461,-1.8
2001-09-01,594,50257639,50257639,11.6
2001-09-05,595,24867556,24867556,3.2
2001-09-08,596,46031032,46031032,-8.4
2001-09-12,597,24206248,24206248,-2.7
2001-09-15,598,55595069,55595069,20.8
2001-09-19,599,24353395,24353395,0.6
2001-09-22,600,45510621,45510621,-18.1
2001-09-26,601,32740471,32740471,34.4
2001-09-29,602,46007675,46007675,1.1
2001-10-03,603,24877199,24877199,-24.0
2001-10-06,604,50615684,50615684,10.0
2001-10-10,605,24862875,24862875,-0.1
2001-10-13,606,45649200,45649200,-9.8
2001-10-17,607,33450080,33450080,34.5
2001-10-20,608,45822278,45822278,0.4
2001-10-24,609,24996397,24996397,-25.3
2001-10-27,610,45942493,45942493,0.3
2001-10-31,611,25292207,25292207,1.2
2001-11-03,612,55103169,55103169,19.9
2001-11-07,613,25104923,25104923,-0.7
2001-11-10,614,46081850,46081850,-16.4
2001-11-14,615,33868805,33868805,34.9
2001-11-17,616,46335293,46335293,0.5
2001-11-21,617,25423731,25423731,-24.9
2001-11-24,618,46019452,46019452,-0.7
2001-11-28,619,25244714,25244714,-0.7
2001-12-01,620,45745075,45745075,-0.6
2001-12-05,621,25192363,25192363,-0.2
2001-12-08,622,46153642,46153642,0.9
2001-12-12,623,24825590,24825590,-1.5
2001-12-15,624,45439039,45439039,-1.5
2001-12-19,625,24789542,24789542,-0.1
2001-12-22,626,46525030,46525030,2.4
2001-12-26,627,22723866,22723866,-8.3
2001-12-29,628,48878582,48878582,5.1
2002-01-02,629,40606331,40606331,78.7
2002-01-05,630,46307937,46307937,-5.3
2002-01-09,631,26034195,26034195,-35.9
2002-01-12,632,46328161,46328161,0.0
2002-01-16,633,25784495,25784495,-1.0
2002-01-19,634,46067461,46067461,-0.6
2002-01-23,635,25508382,25508382,-1.1
2002-01-26,636,45705033,45705033,-0.8
2002-01-30,637,25535857,25535857,0.1
2002-02-02,638,46445042,46445042,1.6
2002-02-06,639,25534016,25534016,-0.0
2002-02-09,640,57242639,57242639,23.2
2002-02-13,641,25390523,25390523,-0.6
2002-02-16,642,46053615,46053615,-19.5
2002-02-20,643,25446415,25446415,0.2
2002-02-23,644,52108152,52108152,13.1
2002-02-27,645,25544983,25544983,0.4
2002-03-02,646,46422793,46422793,-10.9
2002-03-06,647,25500216,25500216,-0.2
2002-03-09,648,52071670,52071670,12.2
2002-03-13,649,25347254,25347254,-0.6
2002-03-16,650,46184907,46184907,-11.3
2002-03-20,651,25164143,25164143,-0.7
2002-03-23,652,45711332,45711332,-1.0
2002-03-27,653,24869614,24869614,-1.2
2002-03-30,654,45967319,45967319,0.6
2002-04-03,655,24181184,24181184,-2.8
2002-04-06,656,44676136,44676136,-2.8
2002-04-10,657,24414853,24414853,1.0
2002-04-13,658,44683133,44683133,0.0
2002-04-17,659,24580771,24580771,0.7
2002-04-20,660,44718086,44718086,0.1
2002-04-24,661,24228996,24228996,-1.4
2002-04-27,662,44623343,44623343,-0.2
2002-05-01,663,24568103,24568103,1.4
2002-05-04,664,49023009,49023009,9.9
2002-05-08,665,24169337,24169337,-1.6
2002-05-11,666,44368373,44368373,-9.5
2002-05-15,667,24132584,24132584,-0.2
2002-05-18,668,55225279,55225279,24.5
2002-05-22,669,23622029,23622029,-2.1
2002-05-25,670,43561836,43561836,-21.1
2002-05-29,671,23195206,23195206,-1.8
2002-06-01,672,46702979,46702979,7.2
2002-06-05,673,21918328,21918328,-5.5
2002-06-08,674,42321759,42321759,-9.4
2002-06-12,675,22807699,22807699,4.1
2002-06-15,676,41884637,41884637,-1.0
2002-06-19,677,22559077,22559077,-1.1
2002-06-22,678,45613337,45613337,8.9
2002-06-26,679,22754997,22754997,0.9
2002-06-29,680,42308068,42308068,-7.2
2002-07-03,681,22947835,22947835,0.8
2002-07-06,682,41946096,41946096,-0.9
2002-07-10,683,22192284,22192284,-3.3
2002-07-13,684,40085260,40085260,-4.4
2002-07-17,685,27074118,27074118,22.0
2002-07-20,686,40321834,40321834,0.6
2002-07-24,687,22019906,22019906,-18.7
2002-07-27,688,39535080,39535080,-2.0
2002-07-31,689,28102401,28102401,27.6
2002-08-03,690,40004700,40004700,1.2
2002-08-07,691,22065510,22065510,-21.5
2002-08-10,692,43402716,43402716,8.5
2002-08-14,693,22063257,22063257,-0.0
2002-08-17,694,39395943,39395943,-9.2
2002-08-21,695,28077702,28077702,27.3
2002-08-24,696,39822697,39822697,1.1
2002-08-28,697,21859155,21859155,-22.1
2002-08-31,698,39773275,39773275,-0.1
2002-09-04,699,22012630,22012630,0.7
2002-09-07,700,39440560,39440560,-0.8
2002-09-11,701,21731295,21731295,-1.3
2002-09-14,702,42840824,42840824,8.6
2002-09-18,703,29259844,29259844,34.6
2002-09-21,704,39675140,39675140,-7.4
2002-09-25,705,22272699,22272699,-23.9
2002-09-28,706,39538386,39538386,-0.3
2002-10-02,707,28612882,28612882,28.5
2002-10-05,708,39855248,39855248,0.8
2002-10-09,709,29629930,29629930,3.6
2002-10-12,710,39786929,39786929,-0.2
2002-10-16,711,22539656,22539656,-23.9
2002-10-19,712,42835959,42835959,7.7
2002-10-23,713,36111479,36111479,60.2
2002-10-26,714,40214804,40214804,-6.1
2002-10-30,715,22578802,22578802,-37.5
2002-11-02,716,42774734,42774734,6.4
2002-11-06,717,22686884,22686884,0.5
2002-11-09,718,40352394,40352394,-5.7
2002-11-13,719,22490628,22490628,-0.9
2002-11-16,720,39961230,39961230,-1.0
2002-11-20,721,22205213,22205213,-1.3
2002-11-23,722,44042804,44042804,10.2
2002-11-27,723,22079070,22079070,-0.6
2002-11-30,724,39832283,39832283,-9.6
2002-12-04,725,21868584,21868584,-1.0
2002-12-07,726,39215170,39215170,-1.5
2002-12-11,727,21352840,21352840,-2.4
2002-12-14,728,41939196,41939196,6.9
2002-12-18,729,21537016,21537016,0.9
2002-12-21,730,43456789,43456789,3.6
2002-12-24,731,25398927,25398927,17.9
2002-12-28,732,38501959,38501959,-11.4
2003-01-01,733,21999691,21999691,-13.4
2003-01-04,734,43714977,43714977,13.5
2003-01-08,735,21482474,21482474,-2.4
2003-01-11,736,39317738,39317738,-10.1
2003-01-15,737,21558375,21558375,0.4
2003-01-18,738,39176571,39176571,-0.4
2003-01-22,739,21611459,21611459,0.2
2003-01-25,740,39202207,39202207,0.1
2003-01-29,741,21463584,21463584,-0.7
2003-02-01,742,39031923,39031923,-0.4
2003-02-05,743,27152866,27152866,26.5
2003-02-08,744,39166502,39166502,0.3
2003-02-12,745,21592509,21592509,-20.5
2003-02-15,746,38419826,38419826,-1.9
2003-02-19,747,21140982,21140982,-2.1
2003-02-22,748,38215345,38215345,-0.5
2003-02-26,749,21285463,21285463,0.7
2003-03-01,750,42305886,42305886,10.7
2003-03-05,751,21471194,21471194,0.9
2003-03-08,752,38537953,38537953,-8.9
2003-03-12,753,21332370,21332370,-0.6
2003-03-15,754,38346808,38346808,-0.5
2003-03-19,755,21106166,21106166,-1.1
2003-03-22,756,41366348,41366348,7.9
2003-03-26,757,21218885,21218885,0.5
2003-03-29,758,38094071,38094071,-7.9
2003-04-02,759,20958382,20958382,-1.2
2003-04-05,760,41867890,41867890,9.9
2003-04-09,761,20969166,20969166,0.1
2003-04-12,762,38005373,38005373,-9.2
2003-04-16,763,24663228,24663228,17.6
2003-04-19,764,38219510,38219510,0.6
2003-04-23,765,20705838,20705838,-16.0
2003-04-26,766,38000635,38000635,-0.6
2003-04-30,767,21181128,21181128,2.3
2003-05-03,768,37912646,37912646,-0.2
2003-05-07,769,20585682,20585682,-2.8
2003-05-10,770,37557823,37557823,-0.9
2003-05-14,771,20789906,20789906,1.0
2003-05-17,772,37428275,37428275,-0.3
2003-05-21,773,20652763,20652763,-0.7
2003-05-24,774,37158385,37158385,-0.7
2003-05-28,775,24909300,24909300,20.6
2003-05-31,776,36779482,36779482,-1.0
2003-06-04,777,20872916,20872916,-16.2
2003-06-07,778,36797367,36797367,0.0
2003-06-11,779,20717151,20717151,-0.7
2003-06-14,780,43220069,43220069,17.5
2003-06-18,781,20628111,20628111,-0.4
2003-06-21,782,40345690,40345690,-6.7
2003-06-25,783,20702516,20702516,0.4
2003-06-28,784,43473092,43473092,7.8
2003-07-02,785,21122494,21122494,2.0
2003-07-05,786,41758089,41758089,-3.9
2003-07-09,787,20953354,20953354,-0.8
2003-07-12,788,46132353,46132353,10.5
2003-07-16,789,20820881,20820881,-0.6
2003-07-19,790,41774904,41774904,-9.4
2003-07-23,791,21049627,21049627,1.1
2003-07-26,792,38382729,38382729,-8.1
2003-07-30,793,20931221,20931221,-0.6
2003-08-02,794,41383050,41383050,7.8
2003-08-06,795,20391350,20391350,-2.6
2003-08-09,796,40046165,40046165,-3.2
2003-08-13,797,20555271,20555271,0.8
2003-08-16,798,37435617,37435617,-6.5
2003-08-20,799,20573417,20573417,0.1
2003-08-23,800,41156396,41156396,9.9
2003-08-27,801,30353960,30353960,47.5
2003-08-30,802,38459434,38459434,-6.6
2003-09-03,803,21247848,21247848,-30.0
2003-09-06,804,37546771,37546771,-2.4
2003-09-10,805,20934652,20934652,-1.5
2003-09-13,806,46156745,46156745,22.9
2003-09-17,807,20289388,20289388,-3.1
2003-09-20,808,38109765,38109765,-17.4
2003-09-24,809,25605308,25605308,26.2
2003-09-27,810,37790834,37790834,-0.8
2003-10-01,811,26460818,26460818,3.3
2003-10-04,812,37664854,37664854,-0.3
2003-10-08,813,26734070,26734070,1.0
2003-10-11,814,37249997,37249997,-1.1
2003-10-15,815,20805304,20805304,-22.2
2003-10-18,816,37104280,37104280,-0.4
2003-10-22,817,20503641,20503641,-1.4
2003-10-25,818,36942582,36942582,-0.4
2003-10-29,819,20415850,20415850,-0.4
2003-11-01,820,36982191,36982191,0.1
2003-11-05,821,20240967,20240967,-0.9
2003-11-08,822,36966857,36966857,-0.0
2003-11-12,823,20372951,20372951,0.7
2003-11-15,824,36972130,36972130,0.0
2003-11-19,825,20283424,20283424,-0.4
2003-11-22,826,40290283,40290283,9.0
2003-11-26,827,20203140,20203140,-0.4
2003-11-29,828,40611069,40611069,0.8
2003-12-03,829,20249152,20249152,0.2
2003-12-06,830,40738953,40738953,0.3
2003-12-10,831,32553963,32553963,60.8
2003-12-13,832,37443714,37443714,-8.1
2003-12-17,833,27478977,27478977,-15.6
2003-12-20,834,37692435,37692435,0.7
2003-12-24,835,25467569,25467569,-7.3
2003-12-27,836,34885252,34885252,-7.4
2003-12-31,837,23429335,23429335,-8.0
2004-01-03,838,36300860,36300860,4.1
2004-01-07,839,27805900,27805900,18.7
2004-01-10,840,37596742,37596742,3.6
2004-01-14,841,21238840,21238840,-23.6
2004-01-17,842,41149496,41149496,9.4
2004-01-21,843,21348430,21348430,0.5
2004-01-24,844,37609979,37609979,-8.6
2004-01-28,845,26215412,26215412,22.8
2004-01-31,846,37776932,37776932,0.4
2004-02-04,847,21528715,21528715,-17.9
2004-02-07,848,37449942,37449942,-0.9
2004-02-11,849,27285459,27285459,26.7
2004-02-14,850,49353398,49353398,31.8
2004-02-18,851,21285177,21285177,-22.0
2004-02-21,852,37740052,37740052,-23.5
2004-02-25,853,21035366,21035366,-1.2
2004-02-28,854,41585192,41585192,10.2
2004-03-03,855,32549858,32549858,54.7
2004-03-06,856,38248435,38248435,-8.0
2004-03-10,857,21446242,21446242,-34.1
2004-03-13,858,37643696,37643696,-1.6
2004-03-17,859,21112322,21112322,-1.6
2004-03-20,860,37077018,37077018,-1.5
2004-03-24,861,21052278,21052278,-0.3
2004-03-27,862,39583189,39583189,6.8
2004-03-31,863,20853446,20853446,-0.9
2004-04-03,864,37380392,37380392,-5.6
2004-04-07,865,20699235,20699235,-0.7
2004-04-10,866,39923534,39923534,6.8
2004-04-14,867,30152183,30152183,45.7
2004-04-17,868,37402070,37402070,-6.3
2004-04-21,869,21296486,21296486,-29.4
2004-04-24,870,39763023,39763023,6.3
2004-04-28,871,21251123,21251123,-0.2
2004-05-01,872,37592929,37592929,-5.5
2004-05-05,873,20683107,20683107,-2.7
2004-05-08,874,37284325,37284325,-0.8
2004-05-12,875,20581983,20581983,-0.5
2004-05-15,876,36275035,36275035,-2.7
2004-05-19,877,20174176,20174176,-2.0
2004-05-22,878,38845760,38845760,7.1
2004-05-26,879,30510017,30510017,51.2
2004-05-29,880,68411480,68411480,76.1
2004-06-02,881,20711924,20711924,-32.1
2004-06-05,882,37335497,37335497,-45.4
2004-06-09,883,25961894,25961894,25.3
2004-06-12,884,36904736,36904736,-1.2
2004-06-16,885,20662726,20662726,-20.4
2004-06-19,886,36756084,36756084,-0.4
2004-06-23,887,25742169,25742169,24.6
2004-06-26,888,44779335,44779335,21.8
2004-06-30,889,21265741,21265741,-17.4
2004-07-03,890,41047972,41047972,-8.3
2004-07-07,891,21251664,21251664,-0.1
2004-07-10,892,43732144,43732144,6.5
2004-07-14,893,34619067,34619067,62.9
2004-07-17,894,37801659,37801659,-13.6
2004-07-21,895,21755321,21755321,-37.2
2004-07-24,896,43309339,43309339,14.6
2004-07-28,897,22070450,22070450,1.4
2004-07-31,898,37993772,37993772,-12.3
2004-08-04,899,21443930,21443930,-2.8
2004-08-07,900,37660888,37660888,-0.9
2004-08-11,901,21164912,21164912,-1.3
2004-08-14,902,37272439,37272439,-1.0
2004-08-18,903,21074112,21074112,-0.4
2004-08-21,904,36903083,36903083,-1.0
2004-08-25,905,26128478,26128478,24.0
2004-08-28,906,37314110,37314110,1.1
2004-09-01,907,20868446,20868446,-20.1
2004-09-04,908,36645505,36645505,-1.8
2004-09-08,909,20972409,20972409,0.5
2004-09-11,910,36875122,36875122,0.6
2004-09-15,911,20938116,20938116,-0.2
2004-09-18,912,37035821,37035821,0.4
2004-09-22,913,20903887,20903887,-0.2
2004-09-25,914,40748899,40748899,10.0
2004-09-29,915,21008656,21008656,0.5
2004-10-02,916,37418191,37418191,-8.2
2004-10-06,917,20825474,20825474,-0.9
2004-10-09,918,36756214,36756214,-1.8
2004-10-13,919,26217480,26217480,25.9
2004-10-16,920,37031089,37031089,0.7
2004-10-20,921,20865989,20865989,-20.4
2004-10-23,922,36728712,36728712,-0.8
2004-10-27,923,20800099,20800099,-0.3
2004-10-30,924,37008524,37008524,0.8
2004-11-03,925,21143493,21143493,1.7
2004-11-06,926,48417272,48417272,30.8
2004-11-10,927,20826544,20826544,-1.5
2004-11-13,928,41980934,41980934,-13.3
2004-11-17,929,20906606,20906606,0.4
2004-11-20,930,41017333,41017333,-2.3
2004-11-24,931,20831780,20831780,-0.4
2004-11-27,932,37790128,37790128,-7.9
2004-12-01,933,20722710,20722710,-0.5
2004-12-04,934,37100615,37100615,-1.8
2004-12-08,935,20465488,20465488,-1.2
2004-12-11,936,36725556,36725556,-1.0
2004-12-15,937,20624309,20624309,0.8
2004-12-18,938,37175366,37175366,1.2
2004-12-22,939,20761774,20761774,0.7
2004-12-24,940,46369262,46369262,24.7
2004-12-29,941,20693562,20693562,-0.3
2005-01-01,942,38713457,38713457,-16.5
2005-01-05,943,20806078,20806078,0.5
2005-01-08,944,44114366,44114366,14.0
2005-01-12,945,20782988,20782988,-0.1
2005-01-15,946,42076402,42076402,-4.6
2005-01-19,947,31439306,31439306,51.3
2005-01-22,948,43923978,43923978,4.4
2005-01-26,949,21510643,21510643,-31.6
2005-01-29,950,38256631,38256631,-12.9
2005-02-02,951,21315627,21315627,-0.9
2005-02-05,952,37975366,37975366,-0.7
2005-02-09,953,21118747,21118747,-0.9
2005-02-12,954,41125295,41125295,8.3
2005-02-16,955,21088172,21088172,-0.1
2005-02-19,956,41835753,41835753,1.7
2005-02-23,957,20926080,20926080,-0.8
2005-02-26,958,42617714,42617714,1.9
2005-03-02,959,20871459,20871459,-0.3
2005-03-05,960,37693935,37693935,-11.6
2005-03-09,961,20758753,20758753,-0.5
2005-03-12,962,40192198,40192198,6.6
2005-03-16,963,20575839,20575839,-0.9
2005-03-19,964,36884688,36884688,-8.2
2005-03-23,965,20293983,20293983,-1.4
2005-03-26,966,39284245,39284245,6.5
2005-03-30,967,25076603,25076603,23.6
2005-04-02,968,37018536,37018536,-5.8
2005-04-06,969,20480702,20480702,-18.3
2005-04-09,970,40098894,40098894,8.3
2005-04-13,971,20322760,20322760,-0.8
2005-04-16,972,40943147,40943147,2.1
2005-04-20,973,20354057,20354057,0.2
2005-04-23,974,36848823,36848823,-10.0
2005-04-27,975,20147471,20147471,-1.0
2005-04-30,976,40188634,40188634,9.1
2005-05-04,977,19903381,19903381,-1.2
2005-05-07,978,36746606,36746606,-8.6
2005-05-11,979,25452844,25452844,27.9
2005-05-14,980,36666742,36666742,-0.2
2005-05-18,981,20396883,20396883,-19.9
2005-05-21,982,36036369,36036369,-1.7
2005-05-25,983,20200184,20200184,-1.0
2005-05-28,984,39115774,39115774,8.5
2005-06-01,985,19910584,19910584,-1.4
2005-06-04,986,36415071,36415071,-6.9
2005-06-08,987,19860017,19860017,-0.3
2005-06-11,988,35856330,35856330,-1.5
2005-06-15,989,25426284,25426284,28.0
2005-06-18,990,35621747,35621747,-0.7
2005-06-22,991,25020268,25020268,-1.6
2005-06-25,992,40657817,40657817,14.1
2005-06-29,993,20506460,20506460,-18.0
2005-07-02,994,36753848,36753848,-9.6
2005-07-06,995,26062624,26062624,27.1
2005-07-09,996,40234750,40234750,9.5
2005-07-13,997,20250826,20250826,-22.3
2005-07-16,998,38481167,38481167,-4.4
2005-07-20,999,20520066,20520066,1.3
2005-07-23,1000,42613500,42613500,10.7
2005-07-27,1001,20518824,20518824,-0.0
2005-07-30,1002,37373572,37373572,-12.3
2005-08-03,1003,25173013,25173013,22.7
2005-08-06,1004,37162175,37162175,-0.6
2005-08-10,1005,20658145,20658145,-17.9
2005-08-13,1006,36655750,36655750,-1.4
2005-08-17,1007,20337187,20337187,-1.6
2005-08-20,1008,36319060,36319060,-0.9
2005-08-24,1009,20270548,20270548,-0.3
2005-08-27,1010,39651119,39651119,9.2
2005-08-31,1011,20038314,20038314,-1.1
2005-09-03,1012,36271736,36271736,-8.5
2005-09-07,1013,20087986,20087986,0.2
2005-09-10,1014,36204361,36204361,-0.2
2005-09-14,1015,19909112,19909112,-0.9
2005-09-17,1016,35894081,35894081,-0.9
2005-09-21,1017,19824003,19824003,-0.4
2005-09-24,1018,38393973,38393973,7.0
2005-09-28,1019,19830215,19830215,0.0
2005-10-01,1020,36141717,36141717,-5.9
2005-10-05,1021,19934531,19934531,0.5
2005-10-08,1022,35883874,35883874,-0.7
2005-10-12,1023,19832219,19832219,-0.5
2005-10-15,1024,35838431,35838431,-0.1
2005-10-19,1025,19703713,19703713,-0.6
2005-10-22,1026,35848200,35848200,0.0
2005-10-26,1027,19653608,19653608,-0.3
2005-10-29,1028,35644778,35644778,-0.6
2005-11-02,1029,19751608,19751608,0.5
2005-11-05,1030,38491464,38491464,8.0
2005-11-09,1031,19762634,19762634,0.1
2005-11-12,1032,36084450,36084450,-6.3
2005-11-16,1033,19640566,19640566,-0.6
2005-11-19,1034,35509696,35509696,-1.6
2005-11-23,1035,19471482,19471482,-0.9
2005-11-26,1036,38414001,38414001,8.2
2005-11-30,1037,19589636,19589636,0.6
2005-12-03,1038,35591995,35591995,-7.3
2005-12-07,1039,19339851,19339851,-1.3
2005-12-10,1040,35451044,35451044,-0.4
2005-12-14,1041,19148640,19148640,-1.0
2005-12-17,1042,35485098,35485098,0.1
2005-12-21,1043,19499325,19499325,1.8
2005-12-24,1044,49695823,49695823,40.0
2005-12-28,1045,19269156,19269156,-1.2
2005-12-31,1046,39516012,39516012,-20.5
2006-01-04,1047,19778581,19778581,2.6
2006-01-07,1048,42967509,42967509,8.7
2006-01-11,1049,19797373,19797373,0.1
2006-01-14,1050,37275932,37275932,-13.2
2006-01-18,1051,19802560,19802560,0.0
2006-01-21,1052,37070842,37070842,-0.6
2006-01-25,1053,19677276,19677276,-0.6
2006-01-28,1054,36821665,36821665,-0.7
2006-02-01,1055,19624632,19624632,-0.3
2006-02-04,1056,38490044,38490044,4.5
2006-02-08,1057,19566316,19566316,-0.3
2006-02-11,1058,38991362,38991362,1.3
2006-02-15,1059,19424993,19424993,-0.7
2006-02-18,1060,35789811,35789811,-8.2
2006-02-22,1061,19092160,19092160,-1.7
2006-02-25,1062,35271489,35271489,-1.4
2006-03-01,1063,19073503,19073503,-0.1
2006-03-04,1064,35117039,35117039,-0.4
2006-03-08,1065,22654626,22654626,18.8
2006-03-11,1066,41144785,41144785,17.2
2006-03-15,1067,19239343,19239343,-15.1
2006-03-18,1068,37172153,37172153,-9.7
2006-03-22,1069,19040365,19040365,-1.0
2006-03-25,1070,35304546,35304546,-5.0
2006-03-29,1071,18844936,18844936,-1.0
2006-04-01,1072,34976280,34976280,-0.9
2006-04-05,1073,18769784,18769784,-0.4
2006-04-08,1074,34591997,34591997,-1.1
2006-04-12,1075,19166066,19166066,2.1
2006-04-15,1076,35552835,35552835,2.8
2006-04-19,1077,18611130,18611130,-2.9
2006-04-22,1078,34452465,34452465,-3.1
2006-04-26,1079,22732738,22732738,22.1
2006-04-29,1080,36585995,36585995,6.2
2006-05-03,1081,18649208,18649208,-18.0
2006-05-06,1082,34549606,34549606,-5.6
2006-05-10,1083,18656063,18656063,0.0
2006-05-13,1084,36698465,36698465,6.2
2006-05-17,1085,18912722,18912722,1.4
2006-05-20,1086,39448150,39448150,7.5
2006-05-24,1087,18754384,18754384,-0.8
2006-05-27,1088,34832912,34832912,-11.7
2006-05-31,1089,18452334,18452334,-1.6
2006-06-03,1090,39290122,39290122,12.8
2006-06-07,1091,18516657,18516657,0.3
2006-06-10,1092,36332695,36332695,-7.5
2006-06-14,1093,18390372,18390372,-0.7
2006-06-17,1094,33715222,33715222,-7.2
2006-06-21,1095,18290441,18290441,-0.5
2006-06-24,1096,35947146,35947146,6.6
2006-06-28,1097,18326144,18326144,0.2
2006-07-01,1098,34939894,34939894,-2.8
2006-07-05,1099,18096382,18096382,-1.3
2006-07-08,1100,33952654,33952654,-2.8
2006-07-12,1101,18055072,18055072,-0.2
2006-07-15,1102,33077552,33077552,-2.6
2006-07-19,1103,17724159,17724159,-1.8
2006-07-22,1104,35339133,35339133,6.8
2006-07-26,1105,25760240,25760240,45.3
2006-07-29,1106,33757214,33757214,-4.5
2006-08-02,1107,18870334,18870334,-26.7
2006-08-05,1108,36344129,36344129,7.7
2006-08-09,1109,18751841,18751841,-0.6
2006-08-12,1110,36520765,36520765,0.5
2006-08-16,1111,18785867,18785867,0.2
2006-08-19,1112,33868629,33868629,-7.3
2006-08-23,1113,18512965,18512965,-1.5
2006-08-26,1114,33833678,33833678,-0.1
2006-08-30,1115,18253286,18253286,-1.4
2006-09-02,1116,33500173,33500173,-1.0
2006-09-06,1117,18367981,18367981,0.6
2006-09-09,1118,35758988,35758988,6.7
2006-09-13,1119,18431548,18431548,0.3
2006-09-16,1120,36212098,36212098,1.3
2006-09-20,1121,18442599,18442599,0.1
2006-09-23,1122,39302384,39302384,8.5
2006-09-27,1123,18630147,18630147,1.0
2006-09-30,1124,34271117,34271117,-12.8
2006-10-04,1125,18288056,18288056,-1.8
2006-10-07,1126,36181594,36181594,5.6
2006-10-11,1127,26712052,26712052,46.1
2006-10-14,1128,50844323,50844323,40.5
2006-10-18,1129,18879767,18879767,-29.3
2006-10-21,1130,35067528,35067528,-31.0
2006-10-25,1131,18551138,18551138,-1.7
2006-10-28,1132,34948148,34948148,-0.3
2006-11-01,1133,18562442,18562442,0.1
2006-11-04,1134,36795519,36795519,5.3
2006-11-08,1135,18526877,18526877,-0.2
2006-11-11,1136,37095696,37095696,0.8
2006-11-15,1137,18478693,18478693,-0.3
2006-11-18,1138,34471414,34471414,-7.1
2006-11-22,1139,21942636,21942636,18.7
2006-11-25,1140,34437134,34437134,-0.1
2006-11-29,1141,18397491,18397491,-16.2
2006-12-02,1142,33898609,33898609,-1.6
2006-12-06,1143,20490943,20490943,11.4
2006-12-09,1144,33748448,33748448,-0.4
2006-12-13,1145,18123687,18123687,-11.6
2006-12-16,1146,33424584,33424584,-1.0
2006-12-20,1147,18133772,18133772,0.1
2006-12-23,1148,36254558,36254558,8.5
2006-12-27,1149,17436511,17436511,-3.8
2006-12-30,1150,35472560,35472560,-2.2
2007-01-03,1151,17819988,17819988,2.2
2007-01-06,1152,33325985,33325985,-6.1
2007-01-10,1153,18114000,18114000,1.6
2007-01-13,1154,33645342,33645342,1.0
2007-01-17,1155,18060489,18060489,-0.3
2007-01-20,1156,33386321,33386321,-0.8
2007-01-24,1157,17869434,17869434,-1.1
2007-01-27,1158,33597125,33597125,0.6
2007-01-31,1159,18103978,18103978,1.3
2007-02-03,1160,35377674,35377674,5.3
2007-02-07,1161,18115606,18115606,0.1
2007-02-10,1162,33568721,33568721,-5.1
2007-02-14,1163,22453540,22453540,23.9
2007-02-17,1164,33560425,33560425,-0.0
2007-02-21,1165,22516441,22516441,0.3
2007-02-24,1166,33494795,33494795,-0.2
2007-02-28,1167,18389043,18389043,-18.3
2007-03-03,1168,33343419,33343419,-0.5
2007-03-07,1169,18273317,18273317,-0.6
2007-03-10,1170,33058861,33058861,-0.9
2007-03-14,1171,20960861,20960861,14.7
2007-03-17,1172,32862693,32862693,-0.6
2007-03-21,1173,18144091,18144091,-13.4
2007-03-24,1174,33023163,33023163,0.5
2007-03-28,1175,18026848,18026848,-0.6
2007-03-31,1176,32984167,32984167,-0.1
2007-04-04,1177,17980441,17980441,-0.3
2007-04-07,1178,35095839,35095839,6.4
2007-04-11,1179,17699537,17699537,-1.6
2007-04-14,1180,32381506,32381506,-7.7
2007-04-18,1181,17954042,17954042,1.4
2007-04-21,1182,32766750,32766750,1.2
2007-04-25,1183,17941457,17941457,-0.1
2007-04-28,1184,32628672,32628672,-0.4
2007-05-02,1185,17848005,17848005,-0.5
2007-05-05,1186,32588012,32588012,-0.1
2007-05-09,1187,17565772,17565772,-1.6
2007-05-12,1188,32577773,32577773,-0.0
2007-05-16,1189,17793810,17793810,1.3
2007-05-19,1190,34796163,34796163,6.8
2007-05-23,1191,17717136,17717136,-0.4
2007-05-26,1192,34894368,34894368,0.3
2007-05-30,1193,17654877,17654877,-0.4
2007-06-02,1194,32345998,32345998,-7.3
2007-06-06,1195,20513371,20513371,16.2
2007-06-09,1196,32162041,32162041,-0.6
2007-06-13,1197,20854023,20854023,1.7
2007-06-16,1198,32558553,32558553,1.2
2007-06-20,1199,18009915,18009915,-13.6
2007-06-23,1200,32356404,32356404,-0.6
2007-06-27,1201,17905543,17905543,-0.6
2007-06-30,1202,32501435,32501435,0.4
2007-07-04,1203,17888752,17888752,-0.1
2007-07-07,1204,32695728,32695728,0.6
2007-07-11,1205,17870676,17870676,-0.1
2007-07-14,1206,32128265,32128265,-1.7
2007-07-18,1207,17701199,17701199,-0.9
2007-07-21,1208,34241967,34241967,6.6
2007-07-25,1209,17924099,17924099,1.3
2007-07-28,1210,32373609,32373609,-5.5
2007-08-01,1211,17884193,17884193,-0.2
2007-08-04,1212,32214296,32214296,-0.5
2007-08-08,1213,17780897,17780897,-0.6
2007-08-11,1214,33791143,33791143,4.9
2007-08-15,1215,18180700,18180700,2.2
2007-08-18,1216,33440811,33440811,-1.0
2007-08-22,1217,18261930,18261930,0.4
2007-08-25,1218,32977265,32977265,-1.4
2007-08-29,1219,17936090,17936090,-1.8
2007-09-01,1220,33030951,33030951,0.2
2007-09-05,1221,21984128,21984128,22.6
2007-09-08,1222,32723036,32723036,-0.9
2007-09-12,1223,18539037,18539037,-15.7
2007-09-15,1224,33109558,33109558,1.2
2007-09-19,1225,18318078,18318078,-1.2
2007-09-22,1226,32870078,32870078,-0.7
2007-09-26,1227,18098631,18098631,-1.2
2007-09-29,1228,33215794,33215794,1.1
2007-10-03,1229,18206746,18206746,0.6
2007-10-06,1230,33133573,33133573,-0.2
2007-10-10,1231,18102853,18102853,-0.6
2007-10-13,1232,32886644,32886644,-0.7
2007-10-17,1233,17857305,17857305,-1.4
2007-10-20,1234,35007091,35007091,6.4
2007-10-24,1235,17897429,17897429,0.2
2007-10-27,1236,35330493,35330493,0.9
2007-10-31,1237,28208612,28208612,57.6
2007-11-03,1238,49215734,49215734,39.3
2007-11-07,1239,18777477,18777477,-33.4
2007-11-10,1240,34070243,34070243,-30.8
2007-11-14,1241,18477221,18477221,-1.6
2007-11-17,1242,33558946,33558946,-1.5
2007-11-21,1243,18257283,18257283,-1.2
2007-11-24,1244,35820913,35820913,6.7
2007-11-28,1245,18164346,18164346,-0.5
2007-12-01,1246,35983401,35983401,0.5
2007-12-05,1247,18160818,18160818,-0.0
2007-12-08,1248,32965106,32965106,-8.4
2007-12-12,1249,17939349,17939349,-1.2
2007-12-15,1250,35661432,35661432,8.2
2007-12-19,1251,18014574,18014574,0.4
2007-12-22,1252,34351188,34351188,-3.7
2007-12-26,1253,18309635,18309635,1.6
2007-12-29,1254,32790631,32790631,-4.5
2008-01-02,1255,17942259,17942259,-2.0
2008-01-05,1256,32881781,32881781,0.3
2008-01-09,1257,18009362,18009362,0.4
2008-01-12,1258,33151565,33151565,0.8
2008-01-16,1259,18075369,18075369,0.4
2008-01-19,1260,35559176,35559176,7.3
2008-01-23,1261,27861390,27861390,54.1
2008-01-26,1262,51671682,51671682,45.3
2008-01-30,1263,18944838,18944838,-32.0
2008-02-02,1264,38184621,38184621,-26.1
2008-02-06,1265,18913898,18913898,-0.2
2008-02-09,1266,37074828,37074828,-2.9
2008-02-13,1267,18702995,18702995,-1.1
2008-02-16,1268,34291298,34291298,-7.5
2008-02-20,1269,18422718,18422718,-1.5
2008-02-23,1270,33887789,33887789,-1.2
2008-02-27,1271,18304164,18304164,-0.6
2008-03-01,1272,33790057,33790057,-0.3
2008-03-05,1273,18273877,18273877,-0.2
2008-03-08,1274,33441289,33441289,-1.0
2008-03-12,1275,18025030,18025030,-1.4
2008-03-15,1276,33097166,33097166,-1.0
2008-03-19,1277,17947422,17947422,-0.4
2008-03-22,1278,33510560,33510560,1.2
2008-03-26,1279,17792547,17792547,-0.9
2008-03-29,1280,33202790,33202790,-0.9
2008-04-02,1281,17992184,17992184,1.1
2008-04-05,1282,33033048,33033048,-0.5
2008-04-09,1283,17832099,17832099,-0.9
2008-04-12,1284,32822787,32822787,-0.6
2008-04-16,1285,17762475,17762475,-0.4
2008-04-19,1286,32748664,32748664,-0.2
2008-04-23,1287,17622788,17622788,-0.8
2008-04-26,1288,34070675,34070675,4.0
2008-04-30,1289,26648893,26648893,51.2
2008-05-03,1290,32990078,32990078,-3.2
2008-05-07,1291,17506421,17506421,-34.3
2008-05-10,1292,31813111,31813111,-3.6
2008-05-14,1293,17709120,17709120,1.2
2008-05-17,1294,34191495,34191495,7.5
2008-05-21,1295,17796754,17796754,0.5
2008-05-24,1296,32067824,32067824,-6.2
2008-05-28,1297,17465364,17465364,-1.9
2008-05-31,1298,31966536,31966536,-0.3
2008-06-04,1299,17694019,17694019,1.3
2008-06-07,1300,32002731,32002731,0.1
2008-06-11,1301,20405152,20405152,15.3
2008-06-14,1302,40124012,40124012,25.4
2008-06-18,1303,17938077,17938077,-12.1
2008-06-21,1304,34887607,34887607,-13.1
2008-06-25,1305,17816886,17816886,-0.7
2008-06-28,1306,32484425,32484425,-6.9
2008-07-02,1307,17770843,17770843,-0.3
2008-07-05,1308,32292794,32292794,-0.6
2008-07-09,1309,17696310,17696310,-0.4
2008-07-12,1310,32248515,32248515,-0.1
2008-07-16,1311,17679251,17679251,-0.1
2008-07-19,1312,32151419,32151419,-0.3
2008-07-23,1313,17562404,17562404,-0.7
2008-07-26,1314,31729442,31729442,-1.3
2008-07-30,1315,17523574,17523574,-0.2
2008-08-02,1316,31909573,31909573,0.6
2008-08-06,1317,17576299,17576299,0.3
2008-08-09,1318,34359544,34359544,7.7
2008-08-13,1319,17706883,17706883,0.7
2008-08-16,1320,32091166,32091166,-6.6
2008-08-20,1321,21192383,21192383,19.7
2008-08-23,1322,40069842,40069842,24.9
2008-08-27,1323,17789568,17789568,-16.1
2008-08-30,1324,34969835,34969835,-12.7
2008-09-03,1325,17740000,17740000,-0.3
2008-09-06,1326,32739105,32739105,-6.4
2008-09-10,1327,17748054,17748054,0.0
2008-09-13,1328,32163536,32163536,-1.8
2008-09-17,1329,17579544,17579544,-0.9
2008-09-20,1330,31958871,31958871,-0.6
2008-09-24,1331,17482763,17482763,-0.6
2008-09-27,1332,34189604,34189604,7.0
2008-10-01,1333,17876003,17876003,2.2
2008-10-04,1334,35676578,35676578,4.3
2008-10-08,1335,17874202,17874202,-0.0
2008-10-11,1336,34929000,34929000,-2.1
2008-10-15,1337,17881972,17881972,0.0
2008-10-18,1338,32780801,32780801,-6.2
2008-10-22,1339,17639718,17639718,-1.4
2008-10-25,1340,34462254,34462254,5.1
2008-10-29,1341,17613337,17613337,-0.1
2008-11-01,1342,32512035,32512035,-5.7
2008-11-05,1343,17624662,17624662,0.1
2008-11-08,1344,32482558,32482558,-0.1
2008-11-12,1345,21498811,21498811,22.0
2008-11-15,1346,32761467,32761467,0.9
2008-11-19,1347,17801201,17801201,-17.2
2008-11-22,1348,32364076,32364076,-1.2
2008-11-26,1349,17696654,17696654,-0.6
2008-11-29,1350,34496278,34496278,6.6
2008-12-03,1351,17598756,17598756,-0.6
2008-12-06,1352,32279808,32279808,-6.4
2008-12-10,1353,21834297,21834297,24.1
2008-12-13,1354,32379763,32379763,0.3
2008-12-17,1355,17697867,17697867,-18.9
2008-12-20,1356,32506120,32506120,0.4
2008-12-24,1357,22835666,22835666,29.0
2008-12-27,1358,23547265,23547265,-27.6
2008-12-31,1359,21954216,21954216,-3.9
2009-01-03,1360,32752758,32752758,39.1
2009-01-07,1361,17843406,17843406,-18.7
2009-01-10,1362,32932872,32932872,0.5
2009-01-14,1363,18116651,18116651,1.5
2009-01-17,1364,35532912,35532912,7.9
2009-01-21,1365,18177064,18177064,0.3
2009-01-24,1366,33217503,33217503,-6.5
2009-01-28,1367,18182322,18182322,0.0
2009-01-31,1368,35843844,35843844,7.9
2009-02-04,1369,17925188,17925188,-1.4
2009-02-07,1370,35390410,35390410,-1.3
2009-02-11,1371,18000518,18000518,0.4
2009-02-14,1372,35634619,35634619,0.7
2009-02-18,1373,17924013,17924013,-0.4
2009-02-21,1374,32946935,32946935,-7.5
2009-02-25,1375,17788941,17788941,-0.8
2009-02-28,1376,34634440,34634440,5.1
2009-03-04,1377,17749369,17749369,-0.2
2009-03-07,1378,34996406,34996406,1.0
2009-03-11,1379,17747764,17747764,-0.0
2009-03-14,1380,32553542,32553542,-7.0
2009-03-18,1381,17462608,17462608,-1.6
2009-03-21,1382,32056438,32056438,-1.5
2009-03-25,1383,21041582,21041582,20.5
2009-03-28,1384,39955785,39955785,24.6
2009-04-01,1385,17835638,17835638,-15.2
2009-04-04,1386,34429305,34429305,-13.8
2009-04-08,1387,26063436,26063436,46.1
2009-04-11,1388,33237736,33237736,-3.5
2009-04-15,1389,17594543,17594543,-32.5
2009-04-18,1390,32101935,32101935,-3.4
2009-04-22,1391,17711244,17711244,0.7
2009-04-25,1392,34399173,34399173,7.2
2009-04-29,1393,17759150,17759150,0.3
2009-05-02,1394,34338093,34338093,-0.2
2009-05-06,1395,17338230,17338230,-2.4
2009-05-09,1396,32264136,32264136,-6.0
2009-05-13,1397,17720313,17720313,2.2
2009-05-16,1398,31992874,31992874,-0.8
2009-05-20,1399,17325988,17325988,-2.2
2009-05-23,1400,33615565,33615565,5.1
2009-05-27,1401,17141822,17141822,-1.1
2009-05-30,1402,30905587,30905587,-8.1
2009-06-03,1403,17104310,17104310,-0.2
2009-06-06,1404,33234851,33234851,7.5
2009-06-10,1405,17198686,17198686,0.6
2009-06-13,1406,31053661,31053661,-6.6
2009-06-17,1407,17206246,17206246,0.0
2009-06-20,1408,33317467,33317467,7.3
2009-06-24,1409,17170223,17170223,-0.2
2009-06-27,1410,33206320,33206320,-0.3
2009-07-01,1411,17123773,17123773,-0.3
2009-07-04,1412,31156259,31156259,-6.2
2009-07-08,1413,20828860,20828860,21.6
2009-07-11,1414,31626951,31626951,1.5
2009-07-15,1415,17511471,17511471,-15.9
2009-07-18,1416,31585486,31585486,-0.1
2009-07-22,1417,17431765,17431765,-0.5
2009-07-25,1418,31410825,31410825,-0.6
2009-07-29,1419,17486873,17486873,0.3
2009-08-01,1420,31661949,31661949,0.8
2009-08-05,1421,17414354,17414354,-0.4
2009-08-08,1422,33075070,33075070,4.5
2009-08-12,1423,17387418,17387418,-0.2
2009-08-15,1424,31401287,31401287,-5.1
2009-08-19,1425,17247858,17247858,-0.8
2009-08-22,1426,31314587,31314587,-0.3
2009-08-26,1427,20542751,20542751,19.1
2009-08-29,1428,31751495,31751495,1.4
2009-09-02,1429,17178152,17178152,-16.4
2009-09-05,1430,34058237,34058237,7.3
2009-09-09,1431,17806691,17806691,3.7
2009-09-12,1432,33611980,33611980,-1.3
2009-09-16,1433,17404966,17404966,-2.3
2009-09-19,1434,31653327,31653327,-5.8
2009-09-23,1435,17309658,17309658,-0.5
2009-09-26,1436,31468233,31468233,-0.6
2009-09-30,1437,17348400,17348400,0.2
2009-10-03,1438,31486324,31486324,0.1
2009-10-07,1439,17130522,17130522,-1.3
2009-10-10,1440,31553678,31553678,0.2
2009-10-14,1441,17152966,17152966,0.1
2009-10-17,1442,31236861,31236861,-1.0
2009-10-21,1443,17057043,17057043,-0.6
2009-10-24,1444,31307800,31307800,0.2
2009-10-28,1445,20052105,20052105,17.6
2009-10-31,1446,37285842,37285842,19.1
2009-11-04,1447,17439638,17439638,-13.0
2009-11-07,1448,34355029,34355029,-7.9
2009-11-11,1449,24607776,24607776,41.1
2009-11-14,1450,33245064,33245064,-3.2
2009-11-18,1451,18181784,18181784,-26.1
2009-11-21,1452,32573966,32573966,-2.0
2009-11-25,1453,20412803,20412803,12.3
2009-11-28,1454,32448239,32448239,-0.4
2009-12-02,1455,20582911,20582911,0.8
2009-12-05,1456,32039869,32039869,-1.3
2009-12-09,1457,17736916,17736916,-13.8
2009-12-12,1458,31575910,31575910,-1.4
2009-12-16,1459,17431713,17431713,-1.7
2009-12-19,1460,31198118,31198118,-1.2
2009-12-23,1461,18043195,18043195,3.5
2009-12-26,1462,30764759,30764759,-1.4
2009-12-30,1463,22760078,22760078,26.1
2010-01-02,1464,31478720,31478720,2.3
2010-01-06,1465,16528494,16528494,-27.4
2010-01-09,1466,31709318,31709318,0.7
2010-01-13,1467,17341677,17341677,4.9
2010-01-16,1468,33731036,33731036,6.4
2010-01-20,1469,17843200,17843200,2.9
2010-01-23,1470,34717137,34717137,2.9
2010-01-27,1471,17877585,17877585,0.2
2010-01-30,1472,32579900,32579900,-6.2
2010-02-03,1473,17671127,17671127,-1.2
2010-02-06,1474,32365132,32365132,-0.7
2010-02-10,1475,17558411,17558411,-0.6
2010-02-13,1476,32389495,32389495,0.1
2010-02-17,1477,17833215,17833215,1.6
2010-02-20,1478,32730163,32730163,1.1
2010-02-24,1479,17728367,17728367,-0.6
2010-02-27,1480,32677239,32677239,-0.2
2010-03-03,1481,17835312,17835312,0.6
2010-03-06,1482,33961509,33961509,3.9
2010-03-10,1483,17721250,17721250,-0.6
2010-03-13,1484,32170279,32170279,-5.3
2010-03-17,1485,17576603,17576603,-0.8
2010-03-20,1486,32038612,32038612,-0.4
2010-03-24,1487,17522784,17522784,-0.3
2010-03-27,1488,32061487,32061487,0.1
2010-03-31,1489,17437437,17437437,-0.5
2010-04-03,1490,32379692,32379692,1.0
2010-04-07,1491,19446382,19446382,11.5
2010-04-10,1492,37164962,37164962,14.8
2010-04-14,1493,33291597,33291597,71.2
2010-04-17,1494,32514923,32514923,-12.5
2010-04-21,1495,18063006,18063006,-45.7
2010-04-24,1496,31886486,31886486,-1.9
2010-04-28,1497,17972122,17972122,-0.5
2010-05-01,1498,32237727,32237727,1.1
2010-05-05,1499,17552794,17552794,-2.3
2010-05-08,1500,33515900,33515900,4.0
2010-05-12,1501,23642891,23642891,34.7
2010-05-15,1502,31803070,31803070,-5.1
2010-05-19,1503,17712150,17712150,-25.1
2010-05-22,1504,30913925,30913925,-2.8
2010-05-26,1505,17431169,17431169,-1.6
2010-05-29,1506,31511973,31511973,1.9
2010-06-02,1507,16984535,16984535,-2.6
2010-06-05,1508,30678347,30678347,-2.6
2010-06-09,1509,20148406,20148406,18.6
2010-06-12,1510,30664604,30664604,-0.0
2010-06-16,1511,17159655,17159655,-14.8
2010-06-19,1512,32189660,32189660,5.0
2010-06-23,1513,17065023,17065023,-0.6
2010-06-26,1514,30406751,30406751,-5.5
2010-06-30,1515,17027430,17027430,-0.2
2010-07-03,1516,32480635,32480635,6.8
2010-07-07,1517,17211330,17211330,1.1
2010-07-10,1518,31981630,31981630,-1.5
2010-07-14,1519,17096658,17096658,-0.7
2010-07-17,1520,32309508,32309508,1.0
2010-07-21,1521,17079732,17079732,-0.1
2010-07-24,1522,32250689,32250689,-0.2
2010-07-28,1523,17183657,17183657,0.6
2010-07-31,1524,32501766,32501766,0.8
2010-08-04,1525,24091926,24091926,40.2
2010-08-07,1526,31244134,31244134,-3.9
2010-08-11,1527,17556260,17556260,-27.1
2010-08-14,1528,31105313,31105313,-0.4
2010-08-18,1529,17418874,17418874,-0.8
2010-08-21,1530,30910580,30910580,-0.6
2010-08-25,1531,17209975,17209975,-1.2
2010-08-28,1532,30972334,30972334,0.2
2010-09-01,1533,16907378,16907378,-1.8
2010-09-04,1534,30839189,30839189,-0.4
2010-09-08,1535,17079792,17079792,1.0
2010-09-11,1536,30533493,30533493,-1.0
2010-09-15,1537,17003278,17003278,-0.4
2010-09-18,1538,32360354,32360354,6.0
2010-09-22,1539,16986491,16986491,-0.1
2010-09-25,1540,32279925,32279925,-0.2
2010-09-29,1541,23909010,23909010,40.8
2010-10-02,1542,31360060,31360060,-2.8
2010-10-06,1543,17260553,17260553,-27.8
2010-10-09,1544,31203958,31203958,-0.5
2010-10-13,1545,17373558,17373558,0.7
2010-10-16,1546,31359684,31359684,0.5
2010-10-20,1547,20126699,20126699,15.8
2010-10-23,1548,36335438,36335438,15.9
2010-10-27,1549,17601405,17601405,-12.5
2010-10-30,1550,33740251,33740251,-7.1
2010-11-03,1551,23923288,23923288,35.9
2010-11-06,1552,42030108,42030108,24.6
2010-11-10,1553,17799619,17799619,-25.6
2010-11-13,1554,32093840,32093840,-23.6
2010-11-17,1555,17459736,17459736,-1.9
2010-11-20,1556,31648667,31648667,-1.4
2010-11-24,1557,17347977,17347977,-0.6
2010-11-27,1558,32741489,32741489,3.5
2010-12-01,1559,22303072,22303072,28.6
2010-12-04,1560,31050994,31050994,-5.2
2010-12-08,1561,17247636,17247636,-22.7
2010-12-11,1562,30956060,30956060,-0.3
2010-12-15,1563,17330223,17330223,0.5
2010-12-18,1564,30109145,30109145,-2.7
2010-12-22,1565,17347818,17347818,0.1
2010-12-25,1566,31751154,31751154,5.5
2010-12-29,1567,17343266,17343266,-0.0
2011-01-01,1568,31161368,31161368,-1.9
2011-01-05,1569,17208268,17208268,-0.8
2011-01-08,1570,33446679,33446679,7.3
2011-01-12,1571,17414771,17414771,1.2
2011-01-15,1572,33543111,33543111,0.3
2011-01-19,1573,24604813,24604813,41.3
2011-01-22,1574,32063184,32063184,-4.4
2011-01-26,1575,17784044,17784044,-27.7
2011-01-29,1576,31756160,31756160,-1.0
2011-02-02,1577,17682277,17682277,-0.6
2011-02-05,1578,33540035,33540035,5.6
2011-02-09,1579,17814337,17814337,0.7
2011-02-12,1580,31998343,31998343,-4.6
2011-02-16,1581,17529766,17529766,-1.6
2011-02-19,1582,31527843,31527843,-1.5
2011-02-23,1583,19932832,19932832,13.7
2011-02-26,1584,31575046,31575046,0.1
2011-03-02,1585,20200936,20200936,1.3
2011-03-05,1586,36332976,36332976,15.1
2011-03-09,1587,30318383,30318383,50.1
2011-03-12,1588,32172951,32172951,-11.4
2011-03-16,1589,20359607,20359607,-32.8
2011-03-19,1590,31512172,31512172,-2.1
2011-03-23,1591,17700103,17700103,-13.1
2011-03-26,1592,31554621,31554621,0.1
2011-03-30,1593,17602214,17602214,-0.6
2011-04-02,1594,31320537,31320537,-0.7
2011-04-06,1595,17338804,17338804,-1.5
2011-04-09,1596,31534448,31534448,0.7
2011-04-13,1597,22783090,22783090,31.4
2011-04-16,1598,38412942,38412942,21.8
2011-04-20,1599,17395396,17395396,-23.6
2011-04-23,1600,30850595,30850595,-19.7
2011-04-27,1601,19361075,19361075,11.3
2011-04-30,1602,30532817,30532817,-1.0
2011-05-04,1603,16994851,16994851,-12.2
2011-05-07,1604,30696788,30696788,0.5
2011-05-11,1605,16453305,16453305,-3.2
2011-05-14,1606,31418531,31418531,2.4
2011-05-18,1607,16594509,16594509,0.9
2011-05-21,1608,30193726,30193726,-3.9
2011-05-25,1609,16456145,16456145,-0.8
2011-05-28,1610,30316652,30316652,0.4
2011-06-01,1611,16217528,16217528,-1.5
2011-06-04,1612,29529174,29529174,-2.6
2011-06-08,1613,16172941,16172941,-0.3
2011-06-11,1614,29625916,29625916,0.3
2011-06-15,1615,16094276,16094276,-0.5
2011-06-18,1616,30759219,30759219,3.8
2011-06-22,1617,16046621,16046621,-0.3
2011-06-25,1618,29567402,29567402,-3.9
2011-06-29,1619,15896092,15896092,-0.9
2011-07-02,1620,30472154,30472154,3.1
2011-07-06,1621,15882723,15882723,-0.1
2011-07-09,1622,31027544,31027544,1.8
2011-07-13,1623,15925013,15925013,0.3
2011-07-16,1624,31029166,31029166,0.0
2011-07-20,1625,16358462,16358462,2.7
2011-07-23,1626,29846827,29846827,-3.8
2011-07-27,1627,16121303,16121303,-1.4
2011-07-30,1628,29605911,29605911,-0.8
2011-08-03,1629,15974876,15974876,-0.9
2011-08-06,1630,29336371,29336371,-0.9
2011-08-10,1631,16074379,16074379,0.6
2011-08-13,1632,29127019,29127019,-0.7
2011-08-17,1633,15847280,15847280,-1.4
2011-08-20,1634,30305230,30305230,4.0
2011-08-24,1635,20292048,20292048,28.0
2011-08-27,1636,29579443,29579443,-2.4
2011-08-31,1637,18287328,18287328,-9.9
2011-09-03,1638,29436170,29436170,-0.5
2011-09-07,1639,18269442,18269442,-0.1
2011-09-10,1640,29213496,29213496,-0.8
2011-09-14,1641,16008188,16008188,-12.4
2011-09-17,1642,30500815,30500815,4.4
2011-09-21,1643,21004401,21004401,31.2
2011-09-24,1644,29328753,29328753,-3.8
2011-09-28,1645,16062080,16062080,-23.5
2011-10-01,1646,30110321,30110321,2.7
2011-10-05,1647,15876318,15876318,-1.2
2011-10-08,1648,30143439,30143439,0.1
2011-10-12,1649,21109982,21109982,33.0
2011-10-15,1650,35261696,35261696,17.0
2011-10-19,1651,16323367,16323367,-22.7
2011-10-22,1652,29403540,29403540,-16.6
2011-10-26,1653,16101512,16101512,-1.4
2011-10-29,1654,29263757,29263757,-0.5
2011-11-02,1655,16072223,16072223,-0.2
2011-11-05,1656,32459712,32459712,10.9
2011-11-09,1657,15930116,15930116,-0.9
2011-11-12,1658,29135665,29135665,-10.2
2011-11-16,1659,15796609,15796609,-0.8
2011-11-19,1660,29883639,29883639,2.6
2011-11-23,1661,15729919,15729919,-0.4
2011-11-26,1662,28864397,28864397,-3.4
2011-11-30,1663,15706733,15706733,-0.1
2011-12-03,1664,30357105,30357105,5.2
2011-12-07,1665,19742512,19742512,25.7
2011-12-10,1666,34133095,34133095,12.4
2011-12-14,1667,15846578,15846578,-19.7
2011-12-17,1668,28831452,28831452,-15.5
2011-12-21,1669,15921770,15921770,0.5
2011-12-24,1670,34116590,34116590,18.3
2011-12-28,1671,15655162,15655162,-1.7
2011-12-31,1672,30732802,30732802,-9.9
2012-01-04,1673,15566148,15566148,-0.6
2012-01-07,1674,30682172,30682172,-0.2
2012-01-11,1675,15896030,15896030,2.1
2012-01-14,1676,29284539,29284539,-4.6
2012-01-18,1677,15841113,15841113,-0.3
2012-01-21,1678,29353369,29353369,0.2
2012-01-25,1679,16011995,16011995,1.1
2012-01-28,1680,29665247,29665247,1.1
2012-02-01,1681,15942522,15942522,-0.4
2012-02-04,1682,29256640,29256640,-1.4
2012-02-08,1683,17874844,17874844,12.1
2012-02-11,1684,29874035,29874035,2.1
2012-02-15,1685,16202117,16202117,-9.4
2012-02-18,1686,29576003,29576003,-1.0
2012-02-22,1687,16010004,16010004,-1.2
2012-02-25,1688,29591141,29591141,0.1
2012-02-29,1689,18617759,18617759,16.3
2012-03-03,1690,29880650,29880650,1.0
2012-03-07,1691,16224859,16224859,-12.9
2012-03-10,1692,29621959,29621959,-0.9
2012-03-14,1693,16053919,16053919,-1.1
2012-03-17,1694,30616687,30616687,3.4
2012-03-21,1695,16113501,16113501,0.4
2012-03-24,1696,29405729,29405729,-4.0
2012-03-28,1697,15892937,15892937,-1.4
2012-03-31,1698,29696035,29696035,1.0
2012-04-04,1699,16008712,16008712,0.7
2012-04-07,1700,31074421,31074421,4.6
2012-04-11,1701,15747749,15747749,-1.6
2012-04-14,1702,30617652,30617652,-1.5
2012-04-18,1703,15869765,15869765,0.8
2012-04-21,1704,29250921,29250921,-4.5
2012-04-25,1705,18000771,18000771,13.4
2012-04-28,1706,29483756,29483756,0.8
2012-05-02,1707,15977013,15977013,-11.2
2012-05-05,1708,29017885,29017885,-1.6
2012-05-09,1709,15557762,15557762,-2.6
2012-05-12,1710,28678682,28678682,-1.2
2012-05-16,1711,15580666,15580666,0.1
2012-05-19,1712,30032048,30032048,4.7
2012-05-23,1713,19991740,19991740,28.3
2012-05-26,1714,33200792,33200792,10.6
2012-05-30,1715,15831563,15831563,-20.8
2012-06-02,1716,29044133,29044133,-12.5
2012-06-06,1717,15173511,15173511,-4.2
2012-06-09,1718,30204995,30204995,4.0
2012-06-13,1719,15823365,15823365,4.3
2012-06-16,1720,28833796,28833796,-4.5
2012-06-20,1721,15639493,15639493,-1.2
2012-06-23,1722,28715823,28715823,-0.4
2012-06-27,1723,15602466,15602466,-0.2
2012-06-30,1724,29773799,29773799,3.7
2012-07-04,1725,15600789,15600789,-0.0
2012-07-07,1726,28464924,28464924,-4.4
2012-07-11,1727,15532286,15532286,-0.4
2012-07-14,1728,29400875,29400875,3.3
2012-07-18,1729,18329156,18329156,18.0
2012-07-21,1730,28397467,28397467,-3.4
2012-07-25,1731,15102011,15102011,-17.6
2012-07-28,1732,28197582,28197582,-0.7
2012-08-01,1733,15368538,15368538,1.8
2012-08-04,1734,28157725,28157725,-0.1
2012-08-08,1735,15257961,15257961,-0.7
2012-08-11,1736,27852171,27852171,-1.1
2012-08-15,1737,15441569,15441569,1.2
2012-08-18,1738,28430712,28430712,2.1
2012-08-22,1739,15486941,15486941,0.3
2012-08-25,1740,29739837,29739837,4.6
2012-08-29,1741,18954905,18954905,22.4
2012-09-01,1742,28865049,28865049,-2.9
2012-09-05,1743,15685711,15685711,-17.2
2012-09-08,1744,29401977,29401977,1.9
2012-09-12,1745,15603539,15603539,-0.5
2012-09-15,1746,28379988,28379988,-3.5
2012-09-19,1747,17293198,17293198,10.8
2012-09-22,1748,31756940,31756940,11.9
2012-09-26,1749,21930338,21930338,26.8
2012-09-29,1750,38267404,38267404,20.5
2012-10-03,1751,16089548,16089548,-26.6
2012-10-06,1752,29271596,29271596,-23.5
2012-10-10,1753,15807858,15807858,-1.8
2012-10-13,1754,30349452,30349452,3.7
2012-10-17,1755,15663982,15663982,-0.9
2012-10-20,1756,28804359,28804359,-5.1
2012-10-24,1757,15604478,15604478,-0.4
2012-10-27,1758,28557097,28557097,-0.9
2012-10-31,1759,15544747,15544747,-0.4
2012-11-03,1760,30080858,30080858,5.3
2012-11-07,1761,19889143,19889143,27.9
2012-11-10,1762,28948438,28948438,-3.8
2012-11-14,1763,17816354,17816354,-10.4
2012-11-17,1764,28737899,28737899,-0.7
2012-11-21,1765,15616703,15616703,-12.3
2012-11-24,1766,29497583,29497583,2.6
2012-11-28,1767,15630086,15630086,0.1
2012-12-01,1768,29543177,29543177,0.2
2012-12-05,1769,15487281,15487281,-0.9
2012-12-08,1770,29414615,29414615,-0.4
2012-12-12,1771,15504279,15504279,0.1
2012-12-15,1772,27936074,27936074,-5.0
2012-12-19,1773,15322957,15322957,-1.2
2012-12-22,1774,28585058,28585058,2.3
2012-12-26,1775,16323418,16323418,6.5
2012-12-29,1776,27346674,27346674,-4.3
2013-01-02,1777,15158208,15158208,-7.1
2013-01-05,1778,29525339,29525339,8.0
2013-01-09,1779,15396382,15396382,1.6
2013-01-12,1780,28315530,28315530,-4.1
2013-01-16,1781,15284173,15284173,-0.7
2013-01-19,1782,27174978,27174978,-4.0
2013-01-23,1783,14814250,14814250,-3.1
2013-01-26,1784,27270352,27270352,0.4
2013-01-30,1785,14934895,14934895,0.8
2013-02-02,1786,28968589,28968589,6.2
2013-02-06,1787,14965244,14965244,0.2
2013-02-09,1788,28772355,28772355,-0.7
2013-02-13,1789,14736596,14736596,-1.5
2013-02-16,1790,27286476,27286476,-5.2
2013-02-20,1791,14738508,14738508,0.0
2013-02-23,1792,28490451,28490451,4.4
2013-02-27,1793,14762014,14762014,0.2
2013-03-02,1794,27269427,27269427,-4.3
2013-03-06,1795,14707753,14707753,-0.4
2013-03-09,1796,28400828,28400828,4.1
2013-03-13,1797,14573103,14573103,-0.9
2013-03-16,1798,28317246,28317246,-0.3
2013-03-20,1799,14647399,14647399,0.5
2013-03-23,1800,26729042,26729042,-5.6
2013-03-27,1801,14548998,14548998,-0.7
2013-03-30,1802,27601359,27601359,3.3
2013-04-03,1803,14399228,14399228,-1.0
2013-04-06,1804,26828784,26828784,-2.8
2013-04-10,1805,14510342,14510342,0.8
2013-04-13,1806,28163723,28163723,5.0
2013-04-17,1807,14488760,14488760,-0.1
2013-04-20,1808,26716062,26716062,-5.1
2013-04-24,1809,14474595,14474595,-0.1
2013-04-27,1810,28123160,28123160,5.3
2013-05-01,1811,14513066,14513066,0.3
2013-05-04,1812,26778106,26778106,-4.8
2013-05-08,1813,14230914,14230914,-1.9
2013-05-11,1814,27745746,27745746,3.6
2013-05-15,1815,18367687,18367687,29.1
2013-05-18,1816,26697787,26697787,-3.8
2013-05-22,1817,14443678,14443678,-21.4
2013-05-25,1818,26322359,26322359,-1.4
2013-05-29,1819,15963023,15963023,10.5
2013-06-01,1820,26564750,26564750,0.9
2013-06-05,1821,14422524,14422524,-9.7
2013-06-08,1822,26241971,26241971,-1.2
2013-06-12,1823,14422738,14422738,0.0
2013-06-15,1824,26422023,26422023,0.7
2013-06-19,1825,14277495,14277495,-1.0
2013-06-22,1826,26198301,26198301,-0.8
2013-06-26,1827,14353288,14353288,0.5
2013-06-29,1828,27689088,27689088,5.7
2013-07-03,1829,14423585,14423585,0.5
2013-07-06,1830,25728319,25728319,-7.1
2013-07-10,1831,14108580,14108580,-2.2
2013-07-13,1832,25409597,25409597,-1.2
2013-07-17,1833,14026757,14026757,-0.6
2013-07-20,1834,26551321,26551321,4.5
2013-07-24,1835,13932906,13932906,-0.7
2013-07-27,1836,26946308,26946308,1.5
2013-07-31,1837,14195413,14195413,1.9
2013-08-03,1838,27052419,27052419,0.4
2013-08-07,1839,18158506,18158506,27.9
2013-08-10,1840,31329961,31329961,15.8
2013-08-14,1841,14478755,14478755,-20.3
2013-08-17,1842,27494857,27494857,-12.2
2013-08-21,1843,14273308,14273308,-1.4
2013-08-24,1844,26088708,26088708,-5.1
2013-08-28,1845,15844795,15844795,11.0
2013-08-31,1846,26039642,26039642,-0.2
2013-09-04,1847,14174557,14174557,-10.5
2013-09-07,1848,25816346,25816346,-0.9
2013-09-11,1849,14105830,14105830,-0.5
2013-09-14,1850,26805358,26805358,3.8
2013-09-18,1851,17639969,17639969,25.1
2013-09-21,1852,25670442,25670442,-4.2
2013-09-25,1853,15444240,15444240,-12.4
2013-09-28,1854,25592804,25592804,-0.3
2013-10-02,1855,13821607,13821607,-10.5
2013-10-05,1856,47042440,23521220,83.8
2013-10-09,1857,17882500,8941250,29.4
2013-10-12,1858,42056206,21028103,-10.6
2013-10-16,1859,17369910,8684955,-2.9
2013-10-19,1860,37397670,18698835,-11.1
2013-10-23,1861,17245018,8622509,-0.7
2013-10-26,1862,35033766,17516883,-6.3
2013-10-30,1863,17139430,8569715,-0.6
2013-11-02,1864,36417882,18208941,4.0
2013-11-06,1865,16841500,8420750,-1.7
2013-11-09,1866,33691232,16845616,-7.5
2013-11-13,1867,16525766,8262883,-1.9
2013-11-16,1868,34672260,17336130,2.9
2013-11-20,1869,16778654,8389327,1.5
2013-11-23,1870,35073260,17536630,1.2
2013-11-27,1871,16864708,8432354,0.5
2013-11-30,1872,35368846,17684423,0.8
2013-12-04,1873,21470450,10735225,27.3
2013-12-07,1874,32870930,16435465,-7.1
2013-12-11,1875,16586226,8293113,-22.7
2013-12-14,1876,33940754,16970377,3.3
2013-12-18,1877,21291084,10645542,28.4
2013-12-21,1878,33576984,16788492,-1.1
2013-12-25,1879,36503438,18251719,71.4
2013-12-28,1880,34047260,17023630,1.4
2014-01-01,1881,25737350,12868675,-29.5
2014-01-04,1882,41548816,20774408,22.0
2014-01-08,1883,19001292,9500646,-26.2
2014-01-11,1884,36034434,18017217,-13.3
2014-01-15,1885,17196242,8598121,-9.5
2014-01-18,1886,33313766,16656883,-7.6
2014-01-22,1887,16918420,8459210,-1.6
2014-01-25,1888,32921770,16460885,-1.2
2014-01-29,1889,16696668,8348334,-1.3
2014-02-01,1890,32754442,16377221,-0.5
2014-02-05,1891,16516380,8258190,-1.1
2014-02-08,1892,34218456,17109228,4.5
2014-02-12,1893,16282750,8141375,-1.4
2014-02-15,1894,34041454,17020727,-0.5
2014-02-19,1895,16409810,8204905,0.8
2014-02-22,1896,33938388,16969194,-0.3
2014-02-26,1897,16346054,8173027,-0.4
2014-03-01,1898,34157718,17078859,0.6
2014-03-05,1899,16295318,8147659,-0.3
2014-03-08,1900,32036632,16018316,-6.2
2014-03-12,1901,16038198,8019099,-1.6
2014-03-15,1902,33667656,16833828,5.1
2014-03-19,1903,16463152,8231576,2.6
2014-03-22,1904,32703976,16351988,-2.9
2014-03-26,1905,19022558,9511279,15.5
2014-03-29,1906,32612556,16306278,-0.3
2014-04-02,1907,16466366,8233183,-13.4
2014-04-05,1908,32164770,16082385,-1.4
2014-04-09,1909,18395488,9197744,11.7
2014-04-12,1910,36234942,18117471,12.7
2014-04-16,1911,16257846,8128923,-11.6
2014-04-19,1912,32144202,16072101,-11.3
2014-04-23,1913,18715112,9357556,15.1
2014-04-26,1914,31940122,15970061,-0.6
2014-04-30,1915,16325574,8162787,-12.8
2014-05-03,1916,33650144,16825072,5.4
2014-05-07,1917,16097666,8048833,-1.4
2014-05-10,1918,33964922,16982461,0.9
2014-05-14,1919,16107220,8053610,0.1
2014-05-17,1920,32717614,16358807,-3.7
2014-05-21,1921,15953602,7976801,-1.0
2014-05-24,1922,31525276,15762638,-3.6
2014-05-28,1923,15817262,7908631,-0.9
2014-05-31,1924,31278510,15639255,-0.8
2014-06-04,1925,15897266,7948633,0.5
2014-06-07,1926,32984670,16492335,5.5
2014-06-11,1927,15724796,7862398,-1.1
2014-06-14,1928,30775852,15387926,-6.7
2014-06-18,1929,15636952,7818476,-0.6
2014-06-21,1930,31887174,15943587,3.6
2014-06-25,1931,15621398,7810699,-0.1
2014-06-28,1932,32181042,16090521,0.9
2014-07-02,1933,15714696,7857348,0.6
2014-07-05,1934,30411436,15205718,-5.5
2014-07-09,1935,17610206,8805103,12.1
2014-07-12,1936,30184642,15092321,-0.7
2014-07-16,1937,15631258,7815629,-11.2
2014-07-19,1938,30002858,15001429,-0.6
2014-07-23,1939,15371446,7685723,-1.7
2014-07-26,1940,29596808,14798404,-1.4
2014-07-30,1941,15425736,7712868,0.4
2014-08-02,1942,29869918,14934959,0.9
2014-08-06,1943,15441666,7720833,0.1
2014-08-09,1944,31350078,15675039,5.0
2014-08-13,1945,15461248,7730624,0.1
2014-08-16,1946,29712134,14856067,-5.2
2014-08-20,1947,17461148,8730574,12.9
2014-08-23,1948,33497066,16748533,12.7
2014-08-27,1949,15299340,7649670,-12.4
2014-08-30,1950,32179762,16089881,-3.9
2014-09-03,1951,15233956,7616978,-0.4
2014-09-06,1952,31499736,15749868,-2.1
2014-09-10,1953,19036010,9518005,25.0
2014-09-13,1954,35568710,17784355,12.9
2014-09-17,1955,25884244,12942122,36.0
2014-09-20,1956,30555462,15277731,-14.1
2014-09-24,1957,15741850,7870925,-39.2
2014-09-27,1958,31855810,15927905,4.3
2014-10-01,1959,15715902,7857951,-0.2
2014-10-04,1960,30361124,15180562,-4.7
2014-10-08,1961,15429576,7714788,-1.8
2014-10-11,1962,30114874,15057437,-0.8
2014-10-15,1963,15294990,7647495,-0.9
2014-10-18,1964,30007660,15003830,-0.4
2014-10-22,1965,15236434,7618217,-0.4
2014-10-25,1966,31254872,15627436,4.2
2014-10-29,1967,18018718,9009359,18.3
2014-11-01,1968,34937726,17468863,11.8
2014-11-05,1969,15572514,7786257,-13.6
2014-11-08,1970,30128264,15064132,-13.8
2014-11-12,1971,15504060,7752030,-0.4
2014-11-15,1972,30329962,15164981,0.7
2014-11-19,1973,17088716,8544358,10.2
2014-11-22,1974,41739722,20869861,37.6
2014-11-26,1975,15536396,7768198,-9.1
2014-11-29,1976,30918608,15459304,-25.9
2014-12-03,1977,15385408,7692704,-1.0
2014-12-06,1978,31679202,15839601,2.5
2014-12-10,1979,19062806,9531403,23.9
2014-12-13,1980,34993732,17496866,10.5
2014-12-17,1981,24789248,12394624,30.0
2014-12-20,1982,31945292,15972646,-8.7
2014-12-24,1983,32654368,16327184,31.7
2014-12-27,1984,29485690,14742845,-7.7
2014-12-31,1985,23739124,11869562,-27.3
2015-01-03,1986,32658528,16329264,10.8
2015-01-07,1987,21794582,10897291,-8.2
2015-01-10,1988,30517156,15258578,-6.6
2015-01-14,1989,15852324,7926162,-27.3
2015-01-17,1990,32138730,16069365,5.3
2015-01-21,1991,20070164,10035082,26.6
2015-01-24,1992,35990200,17995100,12.0
2015-01-28,1993,24995328,12497664,24.5
2015-01-31,1994,31965118,15982559,-11.2
2015-02-04,1995,18842208,9421104,-24.6
2015-02-07,1996,34110086,17055043,6.7
2015-02-11,1997,16280226,8140113,-13.6
2015-02-14,1998,38314660,19157330,12.3
2015-02-18,1999,15963734,7981867,-1.9
2015-02-21,2000,30876170,15438085,-19.4
2015-02-25,2001,17779692,8889846,11.4
2015-02-28,2002,31019268,15509634,0.5
2015-03-04,2003,15778388,7889194,-11.3
2015-03-07,2004,30459544,15229772,-1.8
2015-03-11,2005,15566098,7783049,-1.3
2015-03-14,2006,29988342,14994171,-1.5
2015-03-18,2007,15460718,7730359,-0.7
2015-03-21,2008,29777632,14888816,-0.7
2015-03-25,2009,15364212,7682106,-0.6
2015-03-28,2010,29921202,14960601,0.5
2015-04-01,2011,15490470,7745235,0.8
2015-04-04,2012,31936362,15968181,6.7
2015-04-08,2013,15321552,7660776,-1.1
2015-04-11,2014,31544542,15772271,-1.2
2015-04-15,2015,18894154,9447077,23.3
2015-04-18,2016,29748126,14874063,-5.7
2015-04-22,2017,17456868,8728434,-7.6
2015-04-25,2018,33331726,16665863,12.0
2015-04-29,2019,15626826,7813413,-10.5
2015-05-02,2020,30173748,15086874,-9.5
2015-05-06,2021,16188066,8094033,3.6
2015-05-09,2022,31525452,15762726,4.5
2015-05-13,2023,16199250,8099625,0.1
2015-05-16,2024,31432502,15716251,-0.3
2015-05-20,2025,19435350,9717675,20.0
2015-05-23,2026,34742870,17371435,10.5
2015-05-27,2027,23808282,11904141,22.5
2015-05-30,2028,30304776,15152388,-12.8
2015-06-03,2029,15928946,7964473,-33.1
2015-06-06,2030,32091252,16045626,5.9
2015-06-10,2031,19669162,9834581,23.5
2015-06-13,2032,35071738,17535869,9.3
2015-06-17,2033,25365732,12682866,29.0
2015-06-20,2034,29965460,14982730,-14.6
2015-06-24,2035,18003366,9001683,-29.0
2015-06-27,2036,29562940,14781470,-1.3
2015-07-01,2037,15548716,7774358,-13.6
2015-07-04,2038,28856624,14428312,-2.4
2015-07-08,2039,15495962,7747981,-0.3
2015-07-11,2040,29067998,14533999,0.7
2015-07-15,2041,15433184,7716592,-0.4
2015-07-18,2042,28977990,14488995,-0.3
2015-07-22,2043,16924220,8462110,9.7
2015-07-25,2044,33182910,16591455,14.5
2015-07-29,2045,15491658,7745829,-8.5
2015-08-01,2046,29475960,14737980,-11.2
2015-08-05,2047,17171274,8585637,10.8
2015-08-08,2048,28856694,14428347,-2.1
2015-08-12,2049,15327880,7663940,-10.7
2015-08-15,2050,29598510,14799255,2.6
2015-08-19,2051,15217974,7608987,-0.7
2015-08-22,2052,28565928,14282964,-3.5
2015-08-26,2053,16598048,8299024,9.1
2015-08-29,2054,29200852,14600426,2.2
2015-09-02,2055,16834550,8417275,1.4
2015-09-05,2056,28716360,14358180,-1.7
2015-09-09,2057,15136910,7568455,-10.1
2015-09-12,2058,28449686,14224843,-0.9
2015-09-16,2059,14963572,7481786,-1.1
2015-09-19,2060,28261144,14130572,-0.7
2015-09-23,2061,14898816,7449408,-0.4
2015-09-26,2062,29490618,14745309,4.4
2015-09-30,2063,15098368,7549184,1.3
2015-10-03,2064,28512718,14256359,-3.3
2015-10-07,2065,16786836,8393418,11.2
2015-10-10,2066,35610494,17805247,24.9
2015-10-14,2067,17511450,8755725,4.3
2015-10-17,2068,31934052,15967026,-10.3
2015-10-21,2069,19794894,9897447,13.0
2015-10-24,2070,29053908,14526954,-9.0
2015-10-28,2071,15292400,7646200,-22.7
2015-10-31,2072,29394004,14697002,1.2
2015-11-04,2073,17572406,8786203,14.9
2015-11-07,2074,31746722,15873361,8.0
2015-11-11,2075,20666692,10333346,17.6
2015-11-14,2076,28603222,14301611,-9.9
2015-11-18,2077,15121098,7560549,-26.8
2015-11-21,2078,31185974,15592987,9.0
2015-11-25,2079,17872522,8936261,18.2
2015-11-28,2080,30974892,15487446,-0.7
2015-12-02,2081,20065548,10032774,12.3
2015-12-05,2082,33007204,16503602,6.6
2015-12-09,2083,20856038,10428019,3.9
2015-12-12,2084,33611990,16805995,1.8
2015-12-16,2085,21788784,10894392,4.5
2015-12-19,2086,34513260,17256630,2.7
2015-12-23,2087,25092188,12546094,15.2
2015-12-26,2088,33754408,16877204,-2.2
2015-12-30,2089,27233710,13616855,8.5
2016-01-02,2090,38752538,19376269,14.8
2016-01-06,2091,44243706,22121853,62.5
2016-01-09,2092,95141760,47570880,145.5
2016-01-13,2093,18707454,9353727,-57.7
2016-01-16,2094,33298046,16649023,-65.0
2016-01-20,2095,18206982,9103491,-2.7
2016-01-23,2096,31773906,15886953,-4.6
2016-01-27,2097,19057108,9528554,4.7
2016-01-30,2098,32680728,16340364,2.9
2016-02-03,2099,20096472,10048236,5.5
2016-02-06,2100,32805514,16402757,0.4
2016-02-10,2101,19342962,9671481,-3.7
2016-02-13,2102,32755704,16377852,-0.2
2016-02-17,2103,15755366,7877683,-18.5
2016-02-20,2104,28592014,14296007,-12.7
2016-02-24,2105,15349828,7674914,-2.6
2016-02-27,2106,29248510,14624255,2.3
2016-03-02,2107,16339912,8169956,6.5
2016-03-05,2108,29010180,14505090,-0.8
2016-03-09,2109,17569560,8784780,7.5
2016-03-12,2110,29580270,14790135,2.0
2016-03-16,2111,17473110,8736555,-0.5
2016-03-19,2112,29261730,14630865,-1.1
2016-03-23,2113,17749680,8874840,1.6
2016-03-26,2114,29557590,14778795,1.0
2016-03-30,2115,17577850,8788925,-1.0
2016-04-02,2116,29725352,14862676,0.6
2016-04-06,2117,18801284,9400642,7.0
2016-04-09,2118,29189724,14594862,-1.8
2016-04-13,2119,15585918,7792959,-17.1
2016-04-16,2120,27519968,13759984,-5.7
2016-04-20,2121,14751402,7375701,-5.4
2016-04-23,2122,26770376,13385188,-2.7
2016-04-27,2123,15506470,7753235,5.1
2016-04-30,2124,27447034,13723517,2.5
2016-05-04,2125,15913850,7956925,2.6
2016-05-07,2126,26513344,13256672,-3.4
2016-05-11,2127,15721860,7860930,-1.2
2016-05-14,2128,26125910,13062955,-1.5
2016-05-18,2129,15436472,7718236,-1.8
2016-05-21,2130,25885870,12942935,-0.9
2016-05-25,2131,15397128,7698564,-0.3
2016-05-28,2132,26787660,13393830,3.5
2016-06-01,2133,15409406,7704703,0.1
2016-06-04,2134,26850098,13425049,0.2
2016-06-08,2135,15572954,7786477,1.1
2016-06-11,2136,26699516,13349758,-0.6
2016-06-15,2137,16384136,8192068,5.2
2016-06-18,2138,25308946,12654473,-5.2
2016-06-22,2139,14998650,7499325,-8.5
2016-06-25,2140,25668650,12834325,1.4
2016-06-29,2141,15607458,7803729,4.1
2016-07-02,2142,26801918,13400959,4.4
2016-07-06,2143,14828360,7414180,-5.0
2016-07-09,2144,25746072,12873036,-3.9
2016-07-13,2145,15251994,7625997,2.9
2016-07-16,2146,25645600,12822800,-0.4
2016-07-20,2147,13803882,6901941,-9.5
2016-07-23,2148,24664094,12332047,-3.8
2016-07-27,2149,13556016,6778008,-1.8
2016-07-30,2150,25063636,12531818,1.6
2016-08-03,2151,14928248,7464124,10.1
2016-08-06,2152,26015360,13007680,3.8
2016-08-10,2153,15507064,7753532,3.9
2016-08-13,2154,26408204,13204102,1.5
2016-08-17,2155,14028184,7014092,-9.5
2016-08-20,2156,25183138,12591569,-4.6
2016-08-24,2157,14665406,7332703,4.5
2016-08-27,2158,33355668,16677834,32.5
2016-08-31,2159,16425274,8212637,12.0
2016-09-03,2160,27643884,13821942,-17.1
2016-09-07,2161,17241128,8620564,5.0
2016-09-10,2162,28687902,14343951,3.8
2016-09-14,2163,19319668,9659834,12.1
2016-09-17,2164,25478708,12739354,-11.2
2016-09-21,2165,14780056,7390028,-23.5
2016-09-24,2166,25752094,12876047,1.1
2016-09-28,2167,15299198,7649599,3.5
2016-10-01,2168,26226380,13113190,1.8
2016-10-05,2169,15774690,7887345,3.1
2016-10-08,2170,27581122,13790561,5.2
2016-10-12,2171,17364000,8682000,10.1
2016-10-15,2172,28130718,14065359,2.0
2016-10-19,2173,20029072,10014536,15.3
2016-10-22,2174,24582902,12291451,-12.6
2016-10-26,2175,14518994,7259497,-27.5
2016-10-29,2176,25154284,12577142,2.3
2016-11-02,2177,15115390,7557695,4.1
2016-11-05,2178,24384794,12192397,-3.1
2016-11-09,2179,13682198,6841099,-9.5
2016-11-12,2180,24259924,12129962,-0.5
2016-11-16,2181,13535234,6767617,-1.1
2016-11-19,2182,23989648,11994824,-1.1
2016-11-23,2183,14490702,7245351,7.1
2016-11-26,2184,24838762,12419381,3.5
2016-11-30,2185,13495264,6747632,-6.9
2016-12-03,2186,23779650,11889825,-4.3
2016-12-07,2187,14455016,7227508,7.1
2016-12-10,2188,24471150,12235575,2.9
2016-12-14,2189,14816708,7408354,2.5
2016-12-17,2190,25274272,12637136,3.3
2016-12-21,2191,15424700,7712350,4.1
2016-12-24,2192,34233772,17116886,35.4
2016-12-28,2193,15858136,7929068,2.8
2016-12-31,2194,34554072,17277036,0.9
2017-01-04,2195,13656506,6828253,-13.9
2017-01-07,2196,24180300,12090150,-30.0
2017-01-11,2197,14178908,7089454,3.8
2017-01-14,2198,24622080,12311040,1.8
2017-01-18,2199,14706190,7353095,3.7
2017-01-21,2200,23576398,11788199,-4.2
2017-01-25,2201,13560930,6780465,-7.8
2017-01-28,2202,24302116,12151058,3.1
2017-02-01,2203,13451090,6725545,-0.8
2017-02-04,2204,24084044,12042022,-0.9
2017-02-08,2205,14228786,7114393,5.8
2017-02-11,2206,24342474,12171237,1.1
2017-02-15,2207,14784932,7392466,3.9
2017-02-18,2208,25121764,12560882,3.2
2017-02-22,2209,13283802,6641901,-10.2
2017-02-25,2210,24120002,12060001,-4.0
2017-03-01,2211,14224374,7112187,7.1
2017-03-04,2212,24753416,12376708,2.6
2017-03-08,2213,14508298,7254149,2.0
2017-03-11,2214,24868568,12434284,0.5
2017-03-15,2215,14936586,7468293,3.0
2017-03-18,2216,25028796,12514398,0.6
2017-03-22,2217,13420990,6710495,-10.1
2017-03-25,2218,23516308,11758154,-6.0
2017-03-29,2219,13386668,6693334,-0.3
2017-04-01,2220,23945690,11972845,1.8
2017-04-05,2221,14538058,7269029,8.6
2017-04-08,2222,23985282,11992641,0.2
2017-04-12,2223,14496302,7248151,-0.3
2017-04-15,2224,23078374,11539187,-3.8
2017-04-19,2225,13162110,6581055,-9.2
2017-04-22,2226,22938956,11469478,-0.6
2017-04-26,2227,13604306,6802153,3.4
2017-04-29,2228,23929056,11964528,4.3
2017-05-03,2229,14437150,7218575,6.1
2017-05-06,2230,24352374,12176187,1.8
2017-05-10,2231,14821926,7410963,2.7
2017-05-13,2232,25033346,12516673,2.8
2017-05-17,2233,15922002,7961001,7.4
2017-05-20,2234,26453728,13226864,5.7
2017-05-24,2235,22968312,11484156,44.3
2017-05-27,2236,23044424,11522212,-12.9
2017-05-31,2237,13605908,6802954,-40.8
2017-06-03,2238,23190178,11595089,0.6
2017-06-07,2239,14137848,7068924,3.9
2017-06-10,2240,23866324,11933162,2.9
2017-06-14,2241,14496030,7248015,2.5
2017-06-17,2242,23809736,11904868,-0.2
2017-06-21,2243,15122000,7561000,4.3
2017-06-24,2244,24867038,12433519,4.4
2017-06-28,2245,13098542,6549271,-13.4
2017-07-01,2246,23049290,11524645,-7.3
2017-07-05,2247,13487036,6743518,3.0
2017-07-08,2248,22105788,11052894,-4.1
2017-07-12,2249,13466100,6733050,-0.2
2017-07-15,2250,23081000,11540500,4.4
2017-07-19,2251,13736640,6868320,2.0
2017-07-22,2252,23169100,11584550,0.4
2017-07-26,2253,12976932,6488466,-5.5
2017-07-29,2254,22700122,11350061,-2.0
2017-08-02,2255,13169288,6584644,1.5
2017-08-05,2256,23168976,11584488,2.1
2017-08-09,2257,13846502,6923251,5.1
2017-08-12,2258,23631382,11815691,2.0
2017-08-16,2259,12554046,6277023,-9.3
2017-08-19,2260,22290474,11145237,-5.7
2017-08-23,2261,13135822,6567911,4.6
2017-08-26,2262,22921180,11460590,2.8
2017-08-30,2263,13538048,6769024,3.1
2017-09-02,2264,22992648,11496324,0.3
2017-09-06,2265,14499668,7249834,7.1
2017-09-09,2266,23715340,11857670,3.1
2017-09-13,2267,12721770,6360885,-12.3
2017-09-16,2268,22708370,11354185,-4.2
2017-09-20,2269,13544292,6772146,6.5
2017-09-23,2270,23090780,11545390,1.7
2017-09-27,2271,14162306,7081153,4.6
2017-09-30,2272,23657878,11828939,2.5
2017-10-04,2273,15115562,7557781,6.7
2017-10-07,2274,25117294,12558647,6.2
2017-10-11,2275,15953466,7976733,5.5
2017-10-14,2276,25618364,12809182,2.0
2017-10-18,2277,22406956,11203478,40.5
2017-10-21,2278,23080172,11540086,-9.9
2017-10-25,2279,13029764,6514882,-41.8
2017-10-28,2280,22727158,11363579,-1.5
2017-11-01,2281,13626376,6813188,4.6
2017-11-04,2282,23236428,11618214,2.2
2017-11-08,2283,14005308,7002654,2.8
2017-11-11,2284,23485464,11742732,1.1
2017-11-15,2285,14527818,7263909,3.7
2017-11-18,2286,23835694,11917847,1.5
2017-11-22,2287,12513248,6256624,-13.9
2017-11-25,2288,22193216,11096608,-6.9
2017-11-29,2289,13211760,6605880,5.6
2017-12-02,2290,22348578,11174289,0.7
2017-12-06,2291,13738310,6869155,4.0
2017-12-09,2292,22688596,11344298,1.5
2017-12-13,2293,13552854,6776427,-1.3
2017-12-16,2294,23082954,11541477,1.7
2017-12-20,2295,14789416,7394708,9.1
2017-12-23,2296,31815820,15907910,37.8
2017-12-27,2297,20899858,10449929,41.3
2017-12-30,2298,23419582,11709791,-26.4
2018-01-03,2299,13144160,6572080,-37.1
2018-01-06,2300,23041204,11520602,-1.6
2018-01-10,2301,13823708,6911854,5.2
2018-01-13,2302,23630500,11815250,2.6
2018-01-17,2303,14884162,7442081,7.7
2018-01-20,2304,24163538,12081769,2.3
2018-01-24,2305,13137958,6568979,-11.7
2018-01-27,2306,22654366,11327183,-6.2
2018-01-31,2307,13189212,6594606,0.4
2018-02-03,2308,22899264,11449632,1.1
2018-02-07,2309,14026250,7013125,6.3
2018-02-10,2310,23383304,11691652,2.1
2018-02-14,2311,14337730,7168865,2.2
2018-02-17,2312,24040068,12020034,2.8
2018-02-21,2313,12911440,6455720,-9.9
2018-02-24,2314,22430090,11215045,-6.7
2018-02-28,2315,12932446,6466223,0.2
2018-03-03,2316,21472054,10736027,-4.3
2018-03-07,2317,13067242,6533621,1.0
2018-03-10,2318,22203922,11101961,3.4
2018-03-14,2319,12230040,6115020,-6.4
2018-03-17,2320,21901482,10950741,-1.4
2018-03-21,2321,13286218,6643109,8.6
2018-03-24,2322,22322526,11161263,1.9
2018-03-28,2323,12237440,6118720,-7.9
2018-03-31,2324,22551814,11275907,1.0
2018-04-04,2325,12958490,6479245,5.9
2018-04-07,2326,22407834,11203917,-0.6
2018-04-11,2327,12108756,6054378,-6.6
2018-04-14,2328,21166412,10583206,-5.5
2018-04-18,2329,12358178,6179089,2.1
2018-04-21,2330,21472488,10736244,1.4
2018-04-25,2331,13893540,6946770,12.4
2018-04-28,2332,23393210,11696605,8.9
2018-05-02,2333,14578614,7289307,4.9
2018-05-05,2334,23813012,11906506,1.8
2018-05-09,2335,14622528,7311264,0.3
2018-05-12,2336,24460080,12230040,2.7
2018-05-16,2337,12592688,6296344,-13.9
2018-05-19,2338,21231076,10615538,-13.2
2018-05-23,2339,12687858,6343929,0.8
2018-05-26,2340,22048852,11024426,3.9
2018-05-30,2341,12252494,6126247,-3.4
2018-06-02,2342,21553198,10776599,-2.2
2018-06-06,2343,12639134,6319567,3.2
2018-06-09,2344,21544030,10772015,-0.0
2018-06-13,2345,13613936,6806968,7.7
2018-06-16,2346,22629966,11314983,5.0
2018-06-20,2347,14350234,7175117,5.4
2018-06-23,2348,23118742,11559371,2.2
2018-06-27,2349,12811908,6405954,-10.7
2018-06-30,2350,20822904,10411452,-9.9
2018-07-04,2351,12729604,6364802,-0.6
2018-07-07,2352,21172076,10586038,1.7
2018-07-11,2353,13761160,6880580,8.1
2018-07-14,2354,21012356,10506178,-0.8
2018-07-18,2355,12849174,6424587,-6.6
2018-07-21,2356,21477046,10738523,2.2
2018-07-25,2357,12323308,6161654,-4.1
2018-07-28,2358,21383168,10691584,-0.4
2018-08-01,2359,13222514,6611257,7.3
2018-08-04,2360,22603746,11301873,5.7
2018-08-08,2361,14481128,7240564,9.5
2018-08-11,2362,23381598,11690799,3.4
2018-08-15,2363,12925282,6462641,-10.7
2018-08-18,2364,21772210,10886105,-6.9
2018-08-22,2365,13469472,6734736,4.2
2018-08-25,2366,21497414,10748707,-1.3
2018-08-29,2367,12603304,6301652,-6.4
2018-09-01,2368,21736994,10868497,1.1
2018-09-05,2369,13774026,6887013,9.3
2018-09-08,2370,23026866,11513433,5.9
2018-09-12,2371,14092038,7046019,2.3
2018-09-15,2372,23091986,11545993,0.3
2018-09-19,2373,14330938,7165469,1.7
2018-09-22,2374,23966954,11983477,3.8
2018-09-26,2375,16025528,8012764,11.8
2018-09-29,2376,25153378,12576689,5.0
2018-10-03,2377,20770850,10385425,29.6
2018-10-06,2378,22252000,11126000,-11.5
2018-10-10,2379,13225284,6612642,-36.3
2018-10-13,2380,21905874,10952937,-1.6
2018-10-17,2381,13218230,6609115,-0.1
2018-10-20,2382,22647176,11323588,3.4
2018-10-24,2383,14181468,7090734,7.3
2018-10-27,2384,23233418,11616709,2.6
2018-10-31,2385,12820042,6410021,-9.6
2018-11-03,2386,22099058,11049529,-4.9
2018-11-07,2387,12981878,6490939,1.3
2018-11-10,2388,22176036,11088018,0.3
2018-11-14,2389,12716286,6358143,-2.0
2018-11-17,2390,22433536,11216768,1.2
2018-11-21,2391,12700000,6350000,-0.1
2018-11-24,2392,21296782,10648391,-5.1
2018-11-28,2393,12700000,6350000,0.0
2018-12-01,2394,21350910,10675455,0.3
2018-12-05,2395,13494362,6747181,6.3
2018-12-08,2396,22511502,11255751,5.4
2018-12-12,2397,12700000,6350000,-5.9
2018-12-15,2398,21020030,10510015,-6.6
2018-12-19,2399,13114116,6557058,3.3
2018-12-22,2400,22500000,11250000,7.0
2018-12-26,2401,12700000,6350000,-3.2
2018-12-29,2402,21881420,10940710,-2.7
2019-01-02,2403,13890368,6945184,9.4
2019-01-05,2404,23838294,11919147,8.9
2019-01-09,2405,15679438,7839719,12.9
2019-01-12,2406,21000000,10500000,-11.9
2019-01-16,2407,13357774,6678887,-14.8
2019-01-19,2408,23017794,11508897,9.6
2019-01-23,2409,14624300,7312150,9.5
2019-01-26,2410,24615842,12307921,6.9
2019-01-30,2411,17855760,8927880,22.1
2019-02-02,2412,21000000,10500000,-14.7
2019-02-06,2413,13446834,6723417,-24.7
2019-02-09,2414,23016568,11508284,9.6
2019-02-13,2415,16000000,8000000,19.0
2019-02-16,2416,25558702,12779351,11.0
2019-02-20,2417,19877252,9938626,24.2
2019-02-23,2418,21000000,10500000,-17.8
2019-02-27,2419,13726884,6863442,-30.9
2019-03-02,2420,22834616,11417308,8.7
2019-03-06,2421,15292574,7646287,11.4
2019-03-09,2422,24274362,12137181,6.3
2019-03-13,2423,17691440,8845720,15.7
2019-03-16,2424,21000000,10500000,-13.5
2019-03-20,2425,12700000,6350000,-28.2
2019-03-23,2426,21653840,10826920,3.1
2019-03-27,2427,12984638,6492319,2.2
2019-03-30,2428,22604566,11302283,4.4
2019-04-03,2429,14396476,7198238,10.9
2019-04-06,2430,24376722,12188361,7.8
2019-04-10,2431,12700000,6350000,-11.8
2019-04-13,2432,21416354,10708177,-12.1
2019-04-17,2433,13097354,6548677,3.1
2019-04-20,2434,21984412,10992206,2.7
2019-04-24,2435,14635934,7317967,11.7
2019-04-27,2436,24843392,12421696,13.0
2019-05-01,2437,12700000,6350000,-13.2
2019-05-04,2438,24349960,12174980,-2.0
2019-05-08,2439,12998856,6499428,2.4
2019-05-11,2440,22519766,11259883,-7.5
2019-05-15,2441,14580030,7290015,12.2
2019-05-18,2442,24716374,12358187,9.8
2019-05-22,2443,12700000,6350000,-12.9
2019-05-25,2444,21298816,10649408,-13.8
2019-05-29,2445,12700000,6350000,0.0
2019-06-01,2446,21000000,10500000,-1.4
2019-06-05,2447,12700000,6350000,0.0
2019-06-08,2448,21000000,10500000,0.0
2019-06-12,2449,12802502,6401251,0.8
2019-06-15,2450,21459020,10729510,2.2
2019-06-19,2451,13879744,6939872,8.4
2019-06-22,2452,22917712,11458856,6.8
2019-06-26,2453,17778712,8889356,28.1
2019-06-29,2454,21000000,10500000,-8.4
2019-07-03,2455,12955924,6477962,-27.1
2019-07-06,2456,21376354,10688177,1.8
2019-07-10,2457,13800786,6900393,6.5
2019-07-13,2458,22868406,11434203,7.0
2019-07-17,2459,17868120,8934060,29.5
2019-07-20,2460,21000000,10500000,-8.2
2019-07-24,2461,12942248,6471124,-27.6
2019-07-27,2462,21000000,10500000,0.0
2019-07-31,2463,12977344,6488672,0.3
2019-08-03,2464,21832554,10916277,4.0
2019-08-07,2465,14300040,7150020,10.2
2019-08-10,2466,23017610,11508805,5.4
2019-08-14,2467,18535464,9267732,29.6
2019-08-17,2468,21000000,10500000,-8.8
2019-08-21,2469,13239080,6619540,-28.6
2019-08-24,2470,23124914,11562457,10.1
2019-08-28,2471,14058028,7029014,6.2
2019-08-31,2472,23723228,11861614,2.6
2019-09-04,2473,18321584,9160792,30.3
2019-09-07,2474,21000000,10500000,-11.5
2019-09-11,2475,13415188,6707594,-26.8
2019-09-14,2476,22071430,11035715,5.1
2019-09-18,2477,14690470,7345235,9.5
2019-09-21,2478,23816180,11908090,7.9
2019-09-25,2479,19036344,9518172,29.6
2019-09-28,2480,21000000,10500000,-11.8
2019-10-02,2481,13941470,6970735,-26.8
2019-10-05,2482,22540062,11270031,7.3
2019-10-09,2483,15274188,7637094,9.6
2019-10-12,2484,23872728,11936364,5.9
2019-10-16,2485,18587180,9293590,21.7
2019-10-19,2486,21000000,10500000,-12.0
2019-10-23,2487,13354066,6677033,-28.2
2019-10-26,2488,21499510,10749755,2.4
2019-10-30,2489,14268346,7134173,6.8
2019-11-02,2490,23239786,11619893,8.1
2019-11-06,2491,17882032,8941016,25.3
2019-11-09,2492,21000000,10500000,-9.6
2019-11-13,2493,13062534,6531267,-27.0
2019-11-16,2494,22045772,11022886,5.0
2019-11-20,2495,13951930,6975965,6.8
2019-11-23,2496,23000000,11500000,4.3
2019-11-27,2497,12700000,6350000,-9.0
2019-11-30,2498,21797334,10898667,-5.2
2019-12-04,2499,13279642,6639821,4.6
2019-12-07,2500,22753004,11376502,4.4
2019-12-11,2501,14923586,7461793,12.4
2019-12-14,2502,25290612,12645306,11.2
2019-12-18,2503,12700000,6350000,-14.9
2019-12-21,2504,21000000,10500000,-17.0
2019-12-25,2505,15000000,7500000,18.1
2019-12-28,2506,21000000,10500000,0.0
2020-01-01,2507,16085730,8042865,7.2
2020-01-04,2508,21000000,10500000,0.0
2020-01-08,2509,13364240,6682120,-16.9
2020-01-11,2510,21822922,10911461,3.9
2020-01-15,2511,12700000,6350000,-5.0
2020-01-18,2512,20872482,10436241,-4.4
2020-01-22,2513,13274914,6637457,4.5
2020-01-25,2514,22537548,11268774,8.0
2020-01-29,2515,14950980,7475490,12.6
2020-02-01,2516,26159846,13079923,16.1
2020-02-05,2517,12700000,6350000,-15.1
2020-02-08,2518,21000000,10500000,-19.7
2020-02-12,2519,12786190,6393095,0.7
2020-02-15,2520,21000000,10500000,0.0
2020-02-19,2521,12700000,6350000,-0.7
2020-02-22,2522,21434116,10717058,2.1
2020-02-26,2523,13765098,6882549,8.4
2020-02-29,2524,22304596,11152298,4.1
2020-03-04,2525,14665648,7332824,6.5
2020-03-07,2526,25665076,12832538,15.1
2020-03-11,2527,12700000,6350000,-13.4
2020-03-14,2528,20814944,10407472,-18.9
2020-03-18,2529,12700000,6350000,0.0
2020-03-21,2530,21000000,10500000,0.9
2020-03-25,2531,11646242,5823121,-8.3
2020-03-28,2532,18771574,9385787,-10.6
2020-04-01,2533,13112308,6556154,12.6
2020-04-04,2534,20912236,10456118,11.4
2020-04-08,2535,16610102,8305051,26.7
2020-04-11,2536,21000000,10500000,0.4
2020-04-15,2537,12606394,6303197,-24.1
2020-04-18,2538,20146752,10073376,-4.1
2020-04-22,2539,14041706,7020853,11.4
2020-04-25,2540,21991604,10995802,9.2
2020-04-29,2541,18901470,9450735,34.6
2020-05-02,2542,21000000,10500000,-4.5
2020-05-06,2543,12870430,6435215,-31.9
2020-05-09,2544,20850040,10425020,-0.7
2020-05-13,2545,14865720,7432860,15.5
2020-05-16,2546,23413136,11706568,12.3
2020-05-20,2547,12700000,6350000,-14.6
2020-05-23,2548,20562738,10281369,-12.2
2020-05-27,2549,13487844,6743922,6.2
2020-05-30,2550,21967590,10983795,6.8
2020-06-03,2551,12700000,6350000,-5.8
2020-06-06,2552,21000000,10500000,-4.4
2020-06-10,2553,13866374,6933187,9.2
2020-06-13,2554,21429274,10714637,2.0
2020-06-17,2555,14810818,7405409,6.8
2020-06-20,2556,23056916,11528458,7.6
2020-06-24,2557,19458018,9729009,31.4
2020-06-27,2558,21000000,10500000,-8.9
2020-07-01,2559,12700000,6350000,-34.7
2020-07-04,2560,21210020,10605010,1.0
2020-07-08,2561,13760122,6880061,8.3
2020-07-11,2562,21705782,10852891,2.3
2020-07-15,2563,14908908,7454454,8.3
2020-07-18,2564,25449652,12724826,17.2
2020-07-22,2565,12700000,6350000,-14.8
2020-07-25,2566,21000000,10500000,-17.5
2020-07-29,2567,13680828,6840414,7.7
2020-08-01,2568,21000000,10500000,0.0
2020-08-05,2569,13308846,6654423,-2.7
2020-08-08,2570,21203576,10601788,1.0
2020-08-12,2571,13770726,6885363,3.5
2020-08-15,2572,22918560,11459280,8.1
2020-08-19,2573,12700000,6350000,-7.8
2020-08-22,2574,20308724,10154362,-11.4
2020-08-26,2575,13564800,6782400,6.8
2020-08-29,2576,22754730,11377365,12.0
2020-09-02,2577,15299274,7649637,12.8
2020-09-05,2578,24000000,12000000,5.5
2020-09-09,2579,12700000,6350000,-17.0
2020-09-12,2580,20960062,10480031,-12.7
2020-09-16,2581,13630694,6815347,7.3
2020-09-19,2582,22270164,11135082,6.3
2020-09-23,2583,14627294,7313647,7.3
2020-09-26,2584,25518294,12759147,14.6
2020-09-30,2585,15500000,7750000,6.0
2020-10-03,2586,20764434,10382217,-18.6
2020-10-07,2587,13943534,6971767,-10.0
2020-10-10,2588,22034944,11017472,6.1
2020-10-14,2589,14720246,7360123,5.6
2020-10-17,2590,21000000,10500000,-4.7
2020-10-21,2591,13274586,6637293,-9.8
2020-10-24,2592,22014014,11007007,4.8
2020-10-28,2593,14682492,7341246,10.6
2020-10-31,2594,23553780,11776890,7.0
2020-11-04,2595,20246118,10123059,37.9
2020-11-07,2596,24000000,12000000,1.9
2020-11-11,2597,12700000,6350000,-37.3
2020-11-14,2598,21745852,10872926,-9.4
2020-11-18,2599,13791226,6895613,8.6
2020-11-21,2600,23125556,11562778,6.3
2020-11-25,2601,15505680,7752840,12.4
2020-11-28,2602,28309662,14154831,22.4
2020-12-02,2603,12700000,6350000,-18.1
2020-12-05,2604,21547630,10773815,-23.9
2020-12-09,2605,13853636,6926818,9.1
2020-12-12,2606,21000000,10500000,-2.5
2020-12-16,2607,12700000,6350000,-8.3
2020-12-19,2608,21367508,10683754,1.8
2020-12-23,2609,15000000,7500000,18.1
2020-12-26,2610,21000000,10500000,-1.7
2020-12-30,2611,14815772,7407886,-1.2
2021-01-02,2612,23335148,11667574,11.1
2021-01-06,2613,15353392,7676696,3.6
2021-01-09,2614,25000000,12500000,7.1
2021-01-13,2615,12700000,6350000,-17.3
2021-01-16,2616,21000000,10500000,-16.0
2021-01-20,2617,13886640,6943320,9.3
2021-01-23,2618,23319254,11659627,11.0
2021-01-27,2619,15200440,7600220,9.5
2021-01-30,2620,25527374,12763687,9.5
2021-02-03,2621,20335792,10167896,33.8
2021-02-06,2622,21000000,10500000,-17.7
2021-02-10,2623,13969560,6984780,-31.3
2021-02-13,2624,23409510,11704755,11.5
2021-02-17,2625,15642502,7821251,12.0
2021-02-20,2626,26074616,13037308,11.4
2021-02-24,2627,21830408,10915204,39.6
2021-02-27,2628,21000000,10500000,-19.5
2021-03-03,2629,14816792,7408396,-32.1
2021-03-06,2630,26000000,13000000,23.8
2021-03-10,2631,12700000,6350000,-14.3
2021-03-13,2632,23849090,11924545,-8.3
2021-03-17,2633,12700000,6350000,0.0
2021-03-20,2634,23033892,11516946,-3.4
2021-03-24,2635,14684198,7342099,15.6
2021-03-27,2636,24538050,12269025,6.5
2021-03-31,2637,16446262,8223131,12.0
2021-04-03,2638,28790970,14395485,17.3
2021-04-07,2639,12700000,6350000,-22.8
2021-04-10,2640,22204994,11102497,-22.9
2021-04-14,2641,14163728,7081864,11.5
2021-04-17,2642,22610634,11305317,1.8
2021-04-21,2643,15686354,7843177,10.8
2021-04-24,2644,28177314,14088657,24.6
2021-04-28,2645,12700000,6350000,-19.0
2021-05-01,2646,22466036,11233018,-20.3
2021-05-05,2647,14728774,7364387,16.0
2021-05-08,2648,23738794,11869397,5.7
2021-05-12,2649,16405730,8202865,11.4
2021-05-15,2650,28846558,14423279,21.5
2021-05-19,2651,12700000,6350000,-22.6
2021-05-22,2652,29000000,14500000,0.5
2021-05-26,2653,12700000,6350000,0.0
2021-05-29,2654,21775996,10887998,-24.9
2021-06-02,2655,13878724,6939362,9.3
2021-06-05,2656,22996026,11498013,5.6
2021-06-09,2657,15702614,7851307,13.1
2021-06-12,2658,27450990,13725495,19.4
2021-06-16,2659,12700000,6350000,-19.1
2021-06-19,2660,21000000,10500000,-23.5
2021-06-23,2661,13579326,6789663,6.9
2021-06-26,2662,22058518,11029259,5.0
2021-06-30,2663,14664434,7332217,8.0
2021-07-03,2664,24212534,12106267,9.8
2021-07-07,2665,20865782,10432891,42.3
2021-07-10,2666,21000000,10500000,-13.3
2021-07-14,2667,13726170,6863085,-34.2
2021-07-17,2668,29000000,14500000,38.1
2021-07-21,2669,12700000,6350000,-7.5
2021-07-24,2670,21000000,10500000,-27.6
2021-07-28,2671,13920112,6960056,9.6
2021-07-31,2672,21000000,10500000,0.0
2021-08-04,2673,13876354,6938177,-0.3
2021-08-07,2674,22466640,11233320,7.0
2021-08-11,2675,14911390,7455695,7.5
2021-08-14,2676,23980878,11990439,6.7
2021-08-18,2677,12700000,6350000,-14.8
2021-08-21,2678,21056670,10528335,-12.2
2021-08-25,2679,13867374,6933687,9.2
2021-08-28,2680,22244780,11122390,5.6
2021-09-01,2681,15144628,7572314,9.2
2021-09-04,2682,29000000,14500000,30.4
2021-09-08,2683,12700000,6350000,-16.1
2021-09-11,2684,21238784,10619392,-26.8
2021-09-15,2685,13323290,6661645,4.9
2021-09-18,2686,25000000,12500000,17.7
2021-09-22,2687,12700000,6350000,-4.7
2021-09-25,2688,20924556,10462278,-16.3
2021-09-29,2689,13502778,6751389,6.3
2021-10-02,2690,22457854,11228927,7.3
2021-10-06,2691,15152216,7576108,12.2
2021-10-09,2692,28435332,14217666,26.6
2021-10-13,2693,12700000,6350000,-16.2
2021-10-16,2694,21000000,10500000,-26.1
2021-10-20,2695,13359194,6679597,5.2
2021-10-23,2696,22035578,11017789,4.9
2021-10-27,2697,14807008,7403504,10.8
2021-10-30,2698,23774412,11887206,7.9
2021-11-03,2699,12700000,6350000,-14.2
2021-11-06,2700,29000000,14500000,22.0
2021-11-10,2701,12700000,6350000,0.0
2021-11-13,2702,21469550,10734775,-26.0
2021-11-17,2703,12700000,6350000,0.0
2021-11-20,2704,20695628,10347814,-3.6
2021-11-24,2705,12700000,6350000,0.0
2021-11-27,2706,20585924,10292962,-0.5
2021-12-01,2707,13778632,6889316,8.5
2021-12-04,2708,22297732,11148866,8.3
2021-12-08,2709,15203034,7601517,10.3
2021-12-11,2710,27259040,13629520,22.3
2021-12-15,2711,12700000,6350000,-16.5
2021-12-18,2712,21267396,10633698,-22.0
2021-12-22,2713,14203146,7101573,11.8
2021-12-25,2714,25000000,12500000,17.6
2021-12-29,2715,12700000,6350000,-10.6
2022-01-01,2716,22485750,11242875,-10.1
2022-01-05,2717,13718652,6859326,8.0
2022-01-08,2718,22802860,11401430,1.4
2022-01-12,2719,15678754,7839377,14.3
2022-01-15,2720,28183452,14091726,23.6
2022-01-19,2721,12700000,6350000,-19.0
2022-01-22,2722,21313402,10656701,-24.4
2022-01-26,2723,13232748,6616374,4.2
2022-01-29,2724,22576650,11288325,5.9
2022-02-02,2725,15317364,7658682,15.8
2022-02-05,2726,28150838,14075419,24.7
2022-02-09,2727,12700000,6350000,-17.1
2022-02-12,2728,21257834,10628917,-24.5
2022-02-16,2729,13562594,6781297,6.8
2022-02-19,2730,22140430,11070215,4.2
2022-02-23,2731,14758672,7379336,8.8
2022-02-26,2732,28511368,14255684,28.8
2022-03-02,2733,12700000,6350000,-13.9
2022-03-05,2734,30000000,15000000,5.2
2022-03-09,2735,12700000,6350000,0.0
2022-03-12,2736,21564352,10782176,-28.1
2022-03-16,2737,12700000,6350000,0.0
2022-03-19,2738,20889122,10444561,-3.1
2022-03-23,2739,13186312,6593156,3.8
2022-03-26,2740,22056394,11028197,5.6
2022-03-30,2741,14806292,7403146,12.3
2022-04-02,2742,28127844,14063922,27.5
2022-04-06,2743,12700000,6350000,-14.2
2022-04-09,2744,20773616,10386808,-26.1
2022-04-13,2745,13503472,6751736,6.3
2022-04-16,2746,13503472,6751736,-35.0
2022-04-20,2747,12476884,6238442,-7.6
2022-04-23,2748,21359224,10679612,58.2
2022-04-27,2749,14437120,7218560,15.7
2022-04-30,2750,21000000,10500000,-1.7
2022-05-04,2751,12631950,6315975,-12.5
2022-05-07,2752,21289468,10644734,1.4
2022-05-11,2753,15170430,7585215,20.1
2022-05-14,2754,21000000,10500000,-1.4
2022-05-18,2755,12824106,6412053,-15.5
2022-05-21,2756,21678264,10839132,3.2
2022-05-25,2757,14285526,7142763,11.4
2022-05-28,2758,21000000,10500000,-3.1
2022-06-01,2759,12700000,6350000,-11.1
2022-06-04,2760,22000000,11000000,4.8
2022-06-08,2761,12700000,6350000,0.0
2022-06-11,2762,20698754,10349377,-5.9
2022-06-15,2763,12961072,6480536,2.1
2022-06-18,2764,21908610,10954305,5.8
2022-06-22,2765,12700000,6350000,-2.0
2022-06-25,2766,20072410,10036205,-8.4
2022-06-29,2767,12700000,6350000,0.0
2022-07-02,2768,20504812,10252406,2.2
2022-07-06,2769,13425658,6712829,5.7
2022-07-09,2770,21654638,10827319,5.6
2022-07-13,2771,15541808,7770904,15.8
2022-07-16,2772,27974586,13987293,29.2
2022-07-20,2773,12700000,6350000,-18.3
2022-07-23,2774,21022064,10511032,-24.9
2022-07-27,2775,13614076,6807038,7.2
2022-07-30,2776,22483800,11241900,7.0
2022-08-03,2777,15571716,7785858,14.4
2022-08-06,2778,30000000,15000000,33.4
2022-08-10,2779,12700000,6350000,-18.4
2022-08-13,2780,21000000,10500000,-30.0
2022-08-17,2781,12641236,6320618,-0.5
2022-08-20,2782,21269540,10634770,1.3
2022-08-24,2783,14572686,7286343,15.3
2022-08-27,2784,23420848,11710424,10.1
2022-08-31,2785,20279540,10139770,39.2
2022-09-03,2786,21000000,10500000,-10.3
2022-09-07,2787,13091042,6545521,-35.4
2022-09-10,2788,20656404,10328202,-1.6
2022-09-14,2789,12700000,6350000,-3.0
2022-09-17,2790,19813902,9906951,-4.1
2022-09-21,2791,13206496,6603248,4.0
2022-09-24,2792,20000000,10000000,0.9
2022-09-28,2793,12976068,6488034,-1.7
2022-10-01,2794,30000000,15000000,50.0
2022-10-05,2795,12700000,6350000,-2.1
2022-10-08,2796,20767834,10383917,-30.8
2022-10-12,2797,12700000,6350000,0.0
2022-10-15,2798,21000000,10500000,1.1
2022-10-19,2799,12883882,6441941,1.4
2022-10-22,2800,21346844,10673422,1.7
2022-10-26,2801,13849274,6924637,7.5
2022-10-29,2802,23552798,11776399,10.3
2022-11-02,2803,20333350,10166675,46.8
2022-11-05,2804,21000000,10500000,-10.8
2022-11-09,2805,12700000,6350000,-37.5
2022-11-12,2806,20496128,10248064,-2.4
2022-11-16,2807,12700000,6350000,0.0
2022-11-19,2808,20343370,10171685,-0.7
2022-11-23,2809,13389622,6694811,5.4
2022-11-26,2810,21875270,10937635,7.5
2022-11-30,2811,12700000,6350000,-5.2
2022-12-03,2812,20298028,10149014,-7.2
2022-12-07,2813,13550062,6775031,6.7
2022-12-10,2814,21702452,10851226,6.9
2022-12-14,2815,14674964,7337482,8.3
2022-12-17,2816,26624708,13312354,22.7
2022-12-21,2817,12700000,6350000,-13.5
2022-12-24,2818,27000000,13500000,1.4
2022-12-28,2819,12700000,6350000,0.0
2022-12-31,2820,27000000,13500000,0.0
2023-01-04,2821,12700000,6350000,0.0
2023-01-07,2822,21253136,10626568,-21.3
2023-01-11,2823,12700000,6350000,0.0
2023-01-14,2824,21158508,10579254,-0.4
2023-01-18,2825,13503770,6751885,6.3
2023-01-21,2826,22611522,11305761,6.9
2023-01-25,2827,15982370,7991185,18.4
2023-01-28,2828,29516026,14758013,30.5
2023-02-01,2829,12700000,6350000,-20.5
2023-02-04,2830,21417088,10708544,-27.4
2023-02-08,2831,13781032,6890516,8.5
2023-02-11,2832,22402840,11201420,4.6
2023-02-15,2833,12700000,6350000,-7.8
2023-02-18,2834,20777416,10388708,-7.3
2023-02-22,2835,13087232,6543616,3.0
2023-02-25,2836,20000000,10000000,-3.7
2023-03-01,2837,12500000,6250000,-4.5
2023-03-04,2838,20766548,10383274,3.8
2023-03-08,2839,13821174,6910587,10.6
2023-03-11,2840,22577262,11288631,8.7
2023-03-15,2841,15383014,7691507,11.3
2023-03-18,2842,27779182,13889591,23.0
2023-03-22,2843,12500000,6250000,-18.7
2023-03-25,2844,20843350,10421675,-25.0
2023-03-29,2845,13688652,6844326,9.5
2023-04-01,2846,22327764,11163882,7.1
2023-04-05,2847,15117528,7558764,10.4
2023-04-08,2848,28000000,14000000,25.4
2023-04-12,2849,12500000,6250000,-17.3
2023-04-15,2850,20796700,10398350,-25.7
2023-04-19,2851,13486466,6743233,7.9
2023-04-22,2852,22183850,11091925,6.7
2023-04-26,2853,15282114,7641057,13.3
2023-04-29,2854,28628202,14314101,29.0
2023-05-03,2855,12500000,6250000,-18.2
2023-05-06,2856,29000000,14500000,1.3
2023-05-10,2857,12500000,6250000,0.0
2023-05-13,2858,20693554,10346777,-28.6
2023-05-17,2859,13325956,6662978,6.6
2023-05-20,2860,22242410,11121205,7.5
2023-05-24,2861,15284902,7642451,14.7
2023-05-27,2862,21000000,10500000,-5.6
2023-05-31,2863,13041032,6520516,-14.7
2023-06-03,2864,21000000,10500000,0.0
2023-06-07,2865,13068998,6534499,0.2
2023-06-10,2866,21066354,10533177,0.3
2023-06-14,2867,13631174,6815587,4.3
2023-06-17,2868,22572328,11286164,7.1
2023-06-21,2869,19759796,9879898,45.0
2023-06-24,2870,21000000,10500000,-7.0
2023-06-28,2871,13303544,6651772,-32.7
2023-07-01,2872,29000000,14500000,38.1
2023-07-05,2873,12500000,6250000,-6.0
2023-07-08,2874,21263892,10631946,-26.7
2023-07-12,2875,13584290,6792145,8.7
2023-07-15,2876,22156814,11078407,4.2
2023-07-19,2877,14555414,7277707,7.1
2023-07-22,2878,27232860,13616430,22.9
2023-07-26,2879,12500000,6250000,-14.1
2023-07-29,2880,21173882,10586941,-22.2
2023-08-02,2881,13518396,6759198,8.1
2023-08-05,2882,23596332,11798166,11.4
2023-08-09,2883,15038652,7519326,11.2
2023-08-12,2884,27472186,13736093,16.4
2023-08-16,2885,12500000,6250000,-16.9
2023-08-19,2886,21000000,10500000,-23.6
2023-08-23,2887,13348886,6674443,6.8
2023-08-26,2888,21000000,10500000,0.0
2023-08-30,2889,12756160,6378080,-4.4
2023-09-02,2890,27000000,13500000,28.6
2023-09-06,2891,12500000,6250000,-2.0
2023-09-09,2892,20587242,10293621,-23.8
2023-09-13,2893,12806302,6403151,2.5
2023-09-16,2894,22187650,11093825,7.8
2023-09-20,2895,12500000,6250000,-2.4
2023-09-23,2896,20442350,10221175,-7.9
2023-09-27,2897,12632502,6316251,1.1
2023-09-30,2898,21000000,10500000,2.7
2023-10-04,2899,12500000,6250000,-1.0
2023-10-07,2900,20371082,10185541,-3.0
2023-10-11,2901,12500000,6250000,0.0
2023-10-14,2902,21000000,10500000,3.1
2023-10-18,2903,12487548,6243774,-0.1
2023-10-21,2904,21333094,10666547,1.6
2023-10-25,2905,13659122,6829561,9.4
2023-10-28,2906,24103156,12051578,13.0
2023-11-01,2907,20401062,10200531,49.4
2023-11-04,2908,20500000,10250000,-14.9
2023-11-08,2909,12530552,6265276,-38.6
2023-11-11,2910,21774300,10887150,6.2
2023-11-15,2911,14108560,7054280,12.6
2023-11-18,2912,23173810,11586905,6.4
2023-11-22,2913,20846608,10423304,47.8
2023-11-25,2914,20500000,10250000,-11.5
2023-11-29,2915,12955782,6477891,-37.9
2023-12-02,2916,21610674,10805337,5.4
2023-12-06,2917,14685944,7342972,13.4
2023-12-09,2918,24101256,12050628,11.5
2023-12-13,2919,20978324,10489162,42.8
2023-12-16,2920,20500000,10250000,-14.9
2023-12-20,2921,12500000,6250000,-40.4
2023-12-23,2922,27000000,13500000,31.7
2023-12-27,2923,12500000,6250000,0.0
2023-12-30,2924,27000000,13500000,0.0
2024-01-03,2925,12500000,6250000,0.0
2024-01-06,2926,21481736,10740868,-20.4
2024-01-10,2927,13308346,6654173,6.5
2024-01-13,2928,22801940,11400970,6.1
2024-01-17,2929,15468622,7734311,16.2
2024-01-20,2930,28802808,14401404,26.3
2024-01-24,2931,12500000,6250000,-19.2
2024-01-27,2932,21352952,10676476,-25.9
2024-01-31,2933,13495536,6747768,8.0
2024-02-03,2934,22663656,11331828,6.1
2024-02-07,2935,15292298,7646149,13.3
2024-02-10,2936,28204372,14102186,24.4
2024-02-14,2937,12500000,6250000,-18.3
2024-02-17,2938,21362676,10681338,-24.3
2024-02-21,2939,13717548,6858774,9.7
2024-02-24,2940,22389694,11194847,4.8
2024-02-28,2941,15301910,7650955,11.5
2024-03-02,2942,28000000,14000000,25.1
2024-03-06,2943,12500000,6250000,-18.3
2024-03-09,2944,21300552,10650276,-23.9
2024-03-13,2945,13195578,6597789,5.6
2024-03-16,2946,22088744,11044372,3.7
2024-03-20,2947,14440092,7220046,9.4
2024-03-23,2948,27744842,13872421,25.6
2024-03-27,2949,12500000,6250000,-13.4
2024-03-30,2950,21542146,10771073,-22.4
2024-04-03,2951,13143646,6571823,5.1
2024-04-06,2952,21803462,10901731,1.2
2024-04-10,2953,12500000,6250000,-4.9
2024-04-13,2954,20494832,10247416,-6.0
2024-04-17,2955,13021920,6510960,4.2
2024-04-20,2956,20000000,10000000,-2.4
2024-04-24,2957,12697282,6348641,-2.5
2024-04-27,2958,21430888,10715444,7.2
2024-05-01,2959,14172738,7086369,11.6
2024-05-04,2960,22866302,11433151,6.7
2024-05-08,2961,25000000,12500000,76.4
2024-05-11,2962,27000000,13500000,18.1
2024-05-15,2963,12500000,6250000,-50.0
2024-05-18,2964,20096302,10048151,-25.6
2024-05-22,2965,12500000,6250000,0.0
2024-05-25,2966,20316824,10158412,1.1
2024-05-29,2967,12959090,6479545,3.7
2024-06-01,2968,21607150,10803575,6.4
2024-06-05,2969,14227498,7113749,9.8
2024-06-08,2970,27406986,13703493,26.8
2024-06-12,2971,12000000,6000000,-15.7
2024-06-15,2972,20182400,10091200,-26.4
2024-06-19,2973,13118274,6559137,9.3
2024-06-22,2974,21358324,10679162,5.8
2024-06-26,2975,14723636,7361818,12.2
2024-06-29,2976,27388682,13694341,28.2
2024-07-03,2977,12000000,6000000,-18.5
2024-07-06,2978,27000000,13500000,-1.4
2024-07-10,2979,12000000,6000000,0.0
2024-07-13,2980,20701196,10350598,-23.3
2024-07-17,2981,12696424,6348212,5.8
2024-07-20,2982,20059010,10029505,-3.1
2024-07-24,2983,12000000,6000000,-5.5
2024-07-27,2984,20505628,10252814,2.2
2024-07-31,2985,13210092,6605046,10.1
2024-08-03,2986,27000000,13500000,31.7
2024-08-07,2987,12000000,6000000,-9.2
2024-08-10,2988,20450358,10225179,-24.3
2024-08-14,2989,12878988,6439494,7.3
2024-08-17,2990,20000000,10000000,-2.2
2024-08-21,2991,12784616,6392308,-0.7
2024-08-24,2992,21204290,10602145,6.0
2024-08-28,2993,13620184,6810092,6.5
2024-08-31,2994,23091532,11545766,8.9
2024-09-04,2995,19454566,9727283,42.8
2024-09-07,2996,27000000,13500000,16.9
2024-09-11,2997,12000000,6000000,-38.3
2024-09-14,2998,20327998,10163999,-24.7
2024-09-18,2999,12892768,6446384,7.4
2024-09-21,3000,20949990,10474995,3.1
2024-09-25,3001,13911072,6955536,7.9
2024-09-28,3002,27015852,13507926,29.0
2024-10-02,3003,12000000,6000000,-13.7
2024-10-05,3004,20648632,10324316,-23.6
2024-10-09,3005,13366936,6683468,11.4
2024-10-12,3006,21371634,10685817,3.5
2024-10-16,3007,12000000,6000000,-10.2
2024-10-19,3008,20400910,10200455,-4.5
2024-10-23,3009,12734822,6367411,6.1
2024-10-26,3010,21609602,10804801,5.9
2024-10-30,3011,12000000,6000000,-5.8
2024-11-02,3012,20292728,10146364,-6.1
2024-11-06,3013,13162656,6581328,9.7
2024-11-09,3014,27000000,13500000,33.1
2024-11-13,3015,12000000,6000000,-8.8
2024-11-16,3016,20698948,10349474,-23.3
2024-11-20,3017,12985332,6492666,8.2
2024-11-23,3018,21658540,10829270,4.6
2024-11-27,3019,12000000,6000000,-7.6
2024-11-30,3020,20386946,10193473,-5.9
2024-12-04,3021,13285302,6642651,10.7
2024-12-07,3022,21374688,10687344,4.8
2024-12-11,3023,12000000,6000000,-9.7
2024-12-14,3024,19987488,9993744,-6.5
2024-12-18,3025,13703554,6851777,14.2
2024-12-21,3026,22091818,11045909,10.5
2024-12-25,3027,22000000,11000000,60.5
2024-12-28,3028,20000000,10000000,-9.5
2025-01-01,3029,16626996,8313498,-24.4
2025-01-04,3030,21507110,10753555,7.5
2025-01-08,3031,12000000,6000000,-27.8
2025-01-11,3032,20771920,10385960,-3.4
2025-01-15,3033,12000000,6000000,0.0
2025-01-18,3034,20475210,10237605,-1.4
2025-01-22,3035,12000000,6000000,0.0
2025-01-25,3036,20577876,10288938,0.5
2025-01-29,3037,13504638,6752319,12.5
2025-02-01,3038,27000000,13500000,31.2
2025-02-05,3039,12000000,6000000,-11.1
2025-02-08,3040,20873024,10436512,-22.7
2025-02-12,3041,13443586,6721793,12.0
2025-02-15,3042,21699050,10849525,4.0
2025-02-19,3043,12000000,6000000,-10.7
2025-02-22,3044,20270378,10135189,-6.6
2025-02-26,3045,13611184,6805592,13.4
2025-03-01,3046,20000000,10000000,-1.3
2025-03-05,3047,12000000,6000000,-11.8
2025-03-08,3048,20578100,10289050,2.9
2025-03-12,3049,13460940,6730470,12.2
2025-03-15,3050,21540868,10770434,4.7
2025-03-19,3051,15342166,7671083,14.0
2025-03-22,3052,28895864,14447932,34.1
2025-03-26,3053,12000000,6000000,-21.8
2025-03-29,3054,20561574,10280787,-28.8
2025-04-02,3055,13117620,6558810,9.3
2025-04-05,3056,20817936,10408968,1.2
2025-04-09,3057,12000000,6000000,-8.5
2025-04-12,3058,19677334,9838667,-5.5
2025-04-16,3059,13095944,6547972,9.1
2025-04-19,3060,27000000,13500000,37.2
2025-04-23,3061,12000000,6000000,-8.4
2025-04-26,3062,20325404,10162702,-24.7
2025-04-30,3063,12000000,6000000,0.0
2025-05-03,3064,19934514,9967257,-1.9
2025-05-07,3065,12924106,6462053,7.7
2025-05-10,3066,21134014,10567007,6.0
2025-05-14,3067,14750582,7375291,14.1
2025-05-17,3068,14750582,7375291,-30.2
2025-05-21,3069,12000000,6000000,-18.6
2025-05-24,3070,20000000,10000000,35.6
2025-05-28,3071,12000000,6000000,0.0
2025-05-31,3072,20087262,10043631,0.4
2025-06-04,3073,12000000,6000000,0.0
2025-06-07,3074,20464892,10232446,1.9
2025-06-11,3075,12000000,6000000,0.0
2025-06-14,3076,20100716,10050358,-1.8
2025-06-18,3077,13188426,6594213,9.9
2025-06-21,3078,20000000,10000000,-0.5
2025-06-25,3079,13075556,6537778,-0.9
2025-06-28,3080,20515260,10257630,2.6
2025-07-02,3081,13750838,6875419,5.2
2025-07-05,3082,22000000,11000000,7.2
2025-07-09,3083,12000000,6000000,-12.7
2025-07-12,3084,19663176,9831588,-10.6
2025-07-16,3085,13216710,6608355,10.1
2025-07-19,3086,21244402,10622201,8.0
2025-07-23,3087,14672094,7336047,11.0
2025-07-26,3088,27608274,13804137,30.0
2025-07-30,3089,12000000,6000000,-18.2
2025-08-02,3090,20509060,10254530,-25.7
2025-08-06,3091,13220102,6610051,10.2
2025-08-09,3092,21373198,10686599,4.2
2025-08-13,3093,12000000,6000000,-9.2
2025-08-16,3094,19404270,9702135,-9.2
2025-08-20,3095,13373186,6686593,11.4
2025-08-23,3096,21002288,10501144,8.2
2025-08-27,3097,14199030,7099515,6.2
2025-08-30,3098,19000000,9500000,-9.5
2025-09-03,3099,12906252,6453126,-9.1
2025-09-06,3100,20627008,10313504,8.6
2025-09-10,3101,13767528,6883764,6.7
2025-09-13,3102,27000000,13500000,30.9
2025-09-17,3103,12000000,6000000,-12.8
2025-09-20,3104,19000000,9500000,-29.6
2025-09-24,3105,12556996,6278498,4.6
2025-09-27,3106,20905506,10452753,10.0
2025-10-01,3107,14125066,7062533,12.5
2025-10-04,3108,22211440,11105720,6.2
2025-10-08,3109,12000000,6000000,-15.0
2025-10-11,3110,19000000,9500000,-14.5
2025-10-15,3111,12847958,6423979,7.1
2025-10-18,3112,20389582,10194791,7.3
2025-10-22,3113,13346068,6673034,3.9
2025-10-25,3114,21992288,10996144,7.9
2025-10-29,3115,19509868,9754934,46.2
2025-11-01,3116,19000000,9500000,-13.6
2025-11-05,3117,13157180,6578590,-32.6
2025-11-08,3118,21104270,10552135,11.1
2025-11-12,3119,14028182,7014091,6.6
2025-11-15,3120,27000000,13500000,27.9
2025-11-19,3121,12000000,6000000,-14.5
2025-11-22,3122,19670194,9835097,-27.1
2025-11-26,3123,12926568,6463284,7.7
2025-11-29,3124,21064586,10532293,7.1
2025-12-03,3125,14444504,7222252,11.7
2025-12-06,3126,19000000,9500000,-9.8
2025-12-10,3127,12000000,6000000,-16.9
2025-12-13,3128,19677456,9838728,3.6
2025-12-17,3129,13006568,6503284,8.4
2025-12-20,3130,21369366,10684683,8.6
2025-12-24,3131,25000000,12500000,92.2
2025-12-27,3132,19000000,9500000,-11.1
2025-12-31,3133,18059060,9029530,-27.8
2026-01-03,3134,21325526,10662763,12.2
2026-01-07,3135,14305292,7152646,-20.8
2026-01-10,3136,22492146,11246073,5.5
2026-01-14,3137,20964228,10482114,46.5
2026-01-17,3138,19000000,9500000,-15.5
2026-01-21,3139,12926936,6463468,-38.3
2026-01-24,3140,19000000,9500000,0.0
2026-01-28,3141,12577814,6288907,-2.7
2026-01-31,3142,19816210,9908105,4.3
2026-02-04,3143,13309234,6654617,5.8
2026-02-07,3144,20452226,10226113,3.2
2026-02-11,3145,17716824,8858412,33.1
2026-02-14,3146,27000000,13500000,32.0
2026-02-18,3147,11989326,5994663,-32.3
2026-02-21,3148,20196864,10098432,-25.2
2026-02-25,3149,13395362,6697681,11.7
2026-02-28,3150,21184218,10592109,4.9
2026-03-04,3151,19231134,9615567,43.6
2026-03-07,3152,27000000,13500000,27.5
2026-03-11,3153,12374812,6187406,-35.7
2026-03-14,3154,20013504,10006752,-25.9
2026-03-18,3155,13189836,6594918,6.6
2026-03-21,3156,20766884,10383442,3.8
2026-03-25,3157,18857784,9428892,43.0
2026-03-28,3158,27000000,13500000,30.0
2026-04-01,3159,12000000,6000000,-36.4
2026-04-04,3160,19847446,9923723,-26.5
2026-04-08,3161,12000000,6000000,0.0
2026-04-11,3162,18876782,9438391,-4.9
2026-04-15,3163,12973392,6486696,8.1
2026-04-18,3164,19881042,9940521,5.3
2026-04-22,3165,13529734,6764867,4.3
2026-04-25,3166,25167180,12583590,26.6
2026-04-29,3167,12000000,6000000,-11.3
2026-05-02,3168,19326558,9663279,-23.2
2026-05-06,3169,12000000,6000000,0.0
2026-05-09,3170,18901206,9450603,-2.2
2026-05-13,3171,12661358,6330679,5.5
2026-05-16,3172,19881298,9940649,5.2
2026-05-20,3173,13325638,6662819,5.2
2026-05-23,3174,24433892,12216946,22.9
2026-05-27,3175,12000000,6000000,-9.9
2026-05-30,3176,19000000,9500000,-22.2
2026-06-03,3177,12537262,6268631,4.5
2026-06-06,3178,22000000,11000000,15.8
2026-06-10,3179,12000000,6000000,-4.3
2026-06-13,3180,18937500,9468750,-13.9
2026-06-17,3181,11539910,5769955,-3.8
2026-06-20,3182,18490078,9245039,-2.4
2026-06-24,3183,11361600,5680800,-1.5
2026-06-27,3184,21537916,10768958,16.5
2026-07-01,3185,11000000,5500000,-3.2
2026-07-04,3186,23211858,11605929,7.8
2026-07-08,3187,11059876,5529938,0.5
2026-07-11,3188,18016858,9008429,-22.4
2026-07-15,3189,11493086,5746543,3.9
2026-07-18,3190,21347274,10673637,18.5
2026-07-22,3191,11000000,5500000,-4.3
2026-07-25,3192,16803120,8401560,-21.3
2026-07-29,3193,10276476,5138238,-6.6
2026-08-01,3194,17072084,8536042,1.6
2026-08-05,3195,10523874,5261937,2.4
